"id","game_uid","game_name","vendor","game_type","game_icon","description","is_active","created_at","updated_at"
2406,"0ff664578bfb50141faf64a66c348c7e","Minesweeper XY","bgaming","Casual","",NULL,True,"2026-09-11 16:56:00.492+05:30","2026-09-11 16:56:00.492+05:30"
2407,"538f2edc211771749b64250e35d78192","Plinko XY","bgaming","Casual","",NULL,True,"2026-09-11 16:56:00.492+05:30","2026-09-11 16:56:00.492+05:30"
2409,"6fc7ef26506ef3b13198d4bd96982dec","Clover Bonanza","bgaming","Video Slot","",NULL,True,"2026-09-11 16:56:00.492+05:30","2026-09-11 16:56:00.492+05:30"
2410,"9ba70f6585cc9f2a63629bae2f3c4c6a","Aztec Magic Bonanza","bgaming","Video Slot","",NULL,True,"2026-09-11 16:56:00.492+05:30","2026-09-11 16:56:00.492+05:30"
2411,"bee501170b0ca23237863675aa164c7c","Aztec Magic Megaways","bgaming","Video Slot","",NULL,True,"2026-09-11 16:56:00.492+05:30","2026-09-11 16:56:00.492+05:30"
2412,"7cdeb5f832384a97e6544ca86e918734","Space XY","bgaming","Crash","",NULL,True,"2026-09-11 16:56:00.492+05:30","2026-09-11 16:56:00.492+05:30"
2413,"0dcf130d571ab41d0cf1e4236daaa041","Gift Rush","bgaming","Video Slot","",NULL,True,"2026-09-11 16:56:00.492+05:30","2026-09-11 16:56:00.492+05:30"
2414,"b501a4676ec6334c28b5ed9f7628577b","Bonanza Billion","bgaming","Video Slot","",NULL,True,"2026-09-11 16:56:00.492+05:30","2026-09-11 16:56:00.492+05:30"
2415,"07eebacc4d38cc64ff241aa7bbb44ced","Road 2 Riches","bgaming","Video Slot","",NULL,True,"2026-09-11 16:56:00.492+05:30","2026-09-11 16:56:00.492+05:30"
2416,"3c3d16bd5de830f417e9dc0fe453031b","Lucky Dama Muerta","bgaming","Video Slot","",NULL,True,"2026-09-11 16:56:00.492+05:30","2026-09-11 16:56:00.492+05:30"
2417,"0365a29dce7b1b0aeef2746222eca571","Candy Monsta","bgaming","Video Slot","",NULL,True,"2026-09-11 16:56:00.492+05:30","2026-09-11 16:56:00.492+05:30"
2418,"b99dcebc4914fb3ee188ccb553c56609","Miss Cherry Fruits","bgaming","Video Slot","",NULL,True,"2026-09-11 16:56:00.492+05:30","2026-09-11 16:56:00.492+05:30"
2420,"0130408795db8977e89b3780debe7ed6","Aloha King Elvis","bgaming","Video Slot","",NULL,True,"2026-09-11 16:56:00.492+05:30","2026-09-11 16:56:00.492+05:30"
2421,"1cf4882a138653735ae2d841472f5574","Dig Dig Digger","bgaming","Video Slot","",NULL,True,"2026-09-11 16:56:00.492+05:30","2026-09-11 16:56:00.492+05:30"
2422,"5072a1237d8a94b75d80d46c7d614ccd","WBC Ring Of Riches","bgaming","Video Slot","",NULL,True,"2026-09-11 16:56:00.492+05:30","2026-09-11 16:56:00.492+05:30"
2423,"b4a62dee8b5391e0c6780d778bb93b4b","Mechanical Clover","bgaming","Video Slot","",NULL,True,"2026-09-11 16:56:00.492+05:30","2026-09-11 16:56:00.492+05:30"
2424,"676edaa48653759173ace53d4b3ba020","Four Lucky Diamonds","bgaming","Video Slot","",NULL,True,"2026-09-11 16:56:00.492+05:30","2026-09-11 16:56:00.492+05:30"
2425,"af937ed4d220a8e123bdabe1d978a2d7","Lady Wolf Moon","bgaming","Video Slot","",NULL,True,"2026-09-11 16:56:00.492+05:30","2026-09-11 16:56:00.492+05:30"
2426,"bcb695d70d160959fa9889627fcde5e1","Fruit Million","bgaming","Video Slot","",NULL,True,"2026-09-11 16:56:00.492+05:30","2026-09-11 16:56:00.492+05:30"
2427,"a68354c6f9edcd754619f993638c2c9f","Hit The Route","bgaming","Video Slot","",NULL,True,"2026-09-11 16:56:00.492+05:30","2026-09-11 16:56:00.492+05:30"
2428,"fb3076decdcb1278e12331ed94b9a61e","Johnny Cash","bgaming","Video Slot","",NULL,True,"2026-09-11 16:56:00.492+05:30","2026-09-11 16:56:00.492+05:30"
2429,"89466068cc6e5065bf222278d9ea1bdc","All Lucky Clover","bgaming","Video Slot","",NULL,True,"2026-09-11 16:56:00.492+05:30","2026-09-11 16:56:00.492+05:30"
2430,"bb30828ba1b2666d7b5c24f9a0566bf5","All Lucky Clover5","bgaming","Video Slot","",NULL,True,"2026-09-11 16:56:00.492+05:30","2026-09-11 16:56:00.492+05:30"
2431,"e27a808ff485ba80516f60c178ccdb78","All Lucky Clover20","bgaming","Video Slot","",NULL,True,"2026-09-11 16:56:00.492+05:30","2026-09-11 16:56:00.492+05:30"
374,"f5ee6fce16d369d1a656f3b227fc7236","First Person Lightning Roulette","evolution","CasinoLive","https://boxbet.io/_next/image?url=https%3A%2F%2Fcdn.softswiss.net%2Fi%2Fs6%2Fevolution%2Froulette_rng.png&w=640&q=100",NULL,True,"2026-09-11 16:56:00.492+05:30","2026-09-11 16:56:00.492+05:30"
362,"fec1b730e804bf14bd471a1e9b82bf44","First Person Lightning Baccarat","evolution","CasinoLive","https://boxbet.io/_next/image?url=https%3A%2F%2Fcdn.softswiss.net%2Fi%2Fs6%2Fevolution%2FFirstPersonXXXtremeLightningBaccarat.png&w=640&q=100",NULL,True,"2026-09-11 16:56:00.492+05:30","2026-09-11 16:56:00.492+05:30"
2432,"3697ff14e65f3e9c48d5865fe786f727","All Lucky Clover40","bgaming","Video Slot","",NULL,True,"2026-09-11 16:56:00.492+05:30","2026-09-11 16:56:00.492+05:30"
2433,"7723adf189a94b9c0a97cb8785997be8","All Lucky Clover100","bgaming","Video Slot","",NULL,True,"2026-09-11 16:56:00.492+05:30","2026-09-11 16:56:00.492+05:30"
2434,"6d28e412a45a2d9dfcd3dfcdc26ca89c","Book of Cats","bgaming","Video Slot","",NULL,True,"2026-09-11 16:56:00.492+05:30","2026-09-11 16:56:00.492+05:30"
2435,"1d11b2535ca4d3da2c326de0e0919765","Elvis Frog in Vegas","bgaming","Video Slot","",NULL,True,"2026-09-11 16:56:00.492+05:30","2026-09-11 16:56:00.492+05:30"
2436,"da83c32ee026a2e4fe3b9e498e7ed12a","Four Lucky Clover","bgaming","Video Slot","",NULL,True,"2026-09-11 16:56:00.492+05:30","2026-09-11 16:56:00.492+05:30"
2437,"d30ad267baefa5c0366bf47909b74a9c","Avalon: The Lost Kingdom","bgaming","Video Slot","",NULL,True,"2026-09-11 16:56:00.492+05:30","2026-09-11 16:56:00.492+05:30"
1925,"9472636891f711a3073e392609decca5","Duel at Dawn","hacksaw","Slot","https://example.com/game-icons/duel.png",NULL,True,"2026-09-11 16:56:00.743+05:30","2026-09-11 16:56:00.743+05:30"
2408,"433d2d917da4c87ffabecc17d4cea2ee","Rocket Dice XY","bgaming","Dice","https://bc.imgix.net/game/image/1613_Rocket Dice.png?_v=4&auto=format&dpr=1.25&w=200",NULL,True,"2026-09-11 16:56:00.492+05:30","2026-09-11 16:56:00.492+05:30"
2461,"c1f8c17562f9e24de0318d57d4255602","American Roulette","bgaming","Roulette","https://bc.imgix.net/game/image/1056_American Roulette.png?_v=4&auto=format&dpr=1.25&w=200",NULL,True,"2026-09-11 16:56:00.492+05:30","2026-09-11 16:56:00.492+05:30"
2296,"8ef39602e589bf9f32fc351b1cbb338b","Evolution Lobby","lobby","Lobby","https://bc.imgix.net/game/image/9e20f4796d.png?_v=4&auto=format&dpr=2&w=200",NULL,True,"2026-09-11 16:56:00.492+05:30","2026-09-11 16:56:00.492+05:30"
2438,"1b1f7e3a2654f0c36b58c0b12151bef2","Deep Sea","bgaming","Video Slot","",NULL,True,"2026-09-11 16:56:00.492+05:30","2026-09-11 16:56:00.492+05:30"
2439,"c2bf1b6911d6a0c0cb34292a37fa4648","Spin And Spell","bgaming","Video Slot","",NULL,True,"2026-09-11 16:56:00.492+05:30","2026-09-11 16:56:00.492+05:30"
2440,"64262a3d765657163168e31f08c8dfb7","Journey Flirt","bgaming","Video Slot","",NULL,True,"2026-09-11 16:56:00.492+05:30","2026-09-11 16:56:00.492+05:30"
2441,"d580c3edeb9c33046a4edaaa3c15ff9d","Jogo Do Bicho","bgaming","Lottery","",NULL,True,"2026-09-11 16:56:00.492+05:30","2026-09-11 16:56:00.492+05:30"
2442,"a4cda8d6ff561bfd261e66f0a3ab1128","Jogo Do Bicho Simple","bgaming","Lottery","",NULL,True,"2026-09-11 16:56:00.492+05:30","2026-09-11 16:56:00.492+05:30"
2443,"2c604d6e36da61ad2f071dfb149cd988","Hello Easter","bgaming","Video Slot","",NULL,True,"2026-09-11 16:56:00.492+05:30","2026-09-11 16:56:00.492+05:30"
2444,"a96dfb1480cef6d6674b7bfb18c26c9a","Plinko","bgaming","Casual","",NULL,True,"2026-09-11 16:56:00.492+05:30","2026-09-11 16:56:00.492+05:30"
2445,"c0399d8aa87eaf5e3d46210fa98ea14f","Domnitors Deluxe","bgaming","Video Slot","",NULL,True,"2026-09-11 16:56:00.492+05:30","2026-09-11 16:56:00.492+05:30"
2446,"a658fb5632d81e6f0a2cbea638839903","Rocket Dice","bgaming","Dice","",NULL,True,"2026-09-11 16:56:00.492+05:30","2026-09-11 16:56:00.492+05:30"
2447,"d4a162045682e5787abd11d3ad9b2a81","Fire Lightning","bgaming","Video Slot","",NULL,True,"2026-09-11 16:56:00.492+05:30","2026-09-11 16:56:00.492+05:30"
2448,"313e50780d6faa5245dbb2e1f56d6250","Aztec Magic Deluxe","bgaming","Video Slot","",NULL,True,"2026-09-11 16:56:00.492+05:30","2026-09-11 16:56:00.492+05:30"
2449,"a80b179957b6cb518cd26664fd5e4ab3","Platinum Lightning Deluxe","bgaming","Video Slot","",NULL,True,"2026-09-11 16:56:00.492+05:30","2026-09-11 16:56:00.492+05:30"
2450,"e084f88df2eff2de5fda7331d6ac1bcd","Book of Pyramids","bgaming","Video Slot","",NULL,True,"2026-09-11 16:56:00.492+05:30","2026-09-11 16:56:00.492+05:30"
2451,"7c7883e497fa97b542279fe030b771e8","Brave Viking","bgaming","Video Slot","",NULL,True,"2026-09-11 16:56:00.492+05:30","2026-09-11 16:56:00.492+05:30"
2452,"2f998d064be87d8ae8bcdc7767dcade0","Cherry Fiesta","bgaming","Video Slot","",NULL,True,"2026-09-11 16:56:00.492+05:30","2026-09-11 16:56:00.492+05:30"
2453,"58756d49e5108854db73bdefcd08a2fc","Crazy Starter","bgaming","Video Slot","",NULL,True,"2026-09-11 16:56:00.492+05:30","2026-09-11 16:56:00.492+05:30"
2454,"8a7626461c37bd1efbd301a0134631c4","Domnitors","bgaming","Video Slot","",NULL,True,"2026-09-11 16:56:00.492+05:30","2026-09-11 16:56:00.492+05:30"
2455,"43edeb05ff42be18f66bf0c851d55f5f","Fantasy Park","bgaming","Video Slot","",NULL,True,"2026-09-11 16:56:00.492+05:30","2026-09-11 16:56:00.492+05:30"
2458,"408c5496fc987c122efda2db45225b29","Multihand Blackjack","bgaming","Card game","",NULL,True,"2026-09-11 16:56:00.492+05:30","2026-09-11 16:56:00.492+05:30"
2459,"f2ee57d8231e3229d13a698c63f0ac26","Platinum Lightning","bgaming","Video Slot","",NULL,True,"2026-09-11 16:56:00.492+05:30","2026-09-11 16:56:00.492+05:30"
2460,"df7673e31347e5674fd5669d6bbb7b4d","West Town","bgaming","Video Slot","",NULL,True,"2026-09-11 16:56:00.492+05:30","2026-09-11 16:56:00.492+05:30"
2462,"b6869e90f56184f770f14cf3eb1d511a","Desert Treasure","bgaming","Video Slot","",NULL,True,"2026-09-11 16:56:00.492+05:30","2026-09-11 16:56:00.492+05:30"
2464,"bd376b3e94e6b86cfca70c2898592f11","Hawaii Cocktails","bgaming","Video Slot","",NULL,True,"2026-09-11 16:56:00.492+05:30","2026-09-11 16:56:00.492+05:30"
2465,"dd2a0948e157ed7329b5c084b2ad9a9f","Heads and Tails","bgaming","Casual","",NULL,True,"2026-09-11 16:56:00.492+05:30","2026-09-11 16:56:00.492+05:30"
2466,"ccc6eed554008ac2507e9b950995ada4","Lucky Blue","bgaming","Video Slot","",NULL,True,"2026-09-11 16:56:00.492+05:30","2026-09-11 16:56:00.492+05:30"
2467,"307b1ea5fb296d2e23e0d56eae875333","Minesweeper","bgaming","Casual","",NULL,True,"2026-09-11 16:56:00.492+05:30","2026-09-11 16:56:00.492+05:30"
2468,"ca382c6fb34221994a9b39251c7c32c0","Multihand Blackjack Pro","bgaming","Card game","",NULL,True,"2026-09-11 16:56:00.492+05:30","2026-09-11 16:56:00.492+05:30"
2469,"250424787f4a951d54dd91db14f04edd","Princess of Sky","bgaming","Video Slot","",NULL,True,"2026-09-11 16:56:00.492+05:30","2026-09-11 16:56:00.492+05:30"
2470,"cf694ba4fab3d1537c1e4dc4ea21d1e4","Scratch Dice","bgaming","Scratch cards","",NULL,True,"2026-09-11 16:56:00.492+05:30","2026-09-11 16:56:00.492+05:30"
2471,"203e454028d7cd6163d3c1affc4e11f4","Aztec Magic","bgaming","Video Slot","",NULL,True,"2026-09-11 16:56:00.492+05:30","2026-09-11 16:56:00.492+05:30"
2456,"a9d50e65a8e5d1298f376e1850c353b5","French Roulette","bgaming","Roulette","https://rollbit.com/game-images/softswiss_EuropeanRoulette.webp",NULL,True,"2026-09-11 16:56:00.492+05:30","2026-09-11 16:56:00.492+05:30"
1224,"a954eeb9410724c86ad359eb08b6e906","Crazy Rich Tigers","microgaming","Slots","https://bc.imgix.net/game/image/15559_Crazy%20Rich%20Tigers.png?_v=4&auto=format&dpr=1.25&w=200",NULL,True,"2026-09-11 16:56:00.492+05:30","2026-09-11 16:56:00.492+05:30"
2355,"e0a7754ad24321587b40915d6f391070","Gift X","bgaming","Crash","https://bc.imgix.net/game/image/3b05e58e-555b-4acc-9acb-fdab249d4cdb.png?_v=4&auto=format&dpr=1.25&w=200",NULL,True,"2026-09-11 16:56:00.492+05:30","2026-09-11 16:56:00.492+05:30"
2463,"9d6ce0c274b50e7f243e07af7e8a22a7","European Roulette","bgaming","Roulette","https://bc.imgix.net/game/image/57d197aa-97e2-4ac5-9777-00bf160f5e96.png?_v=4&auto=format&dpr=1.25&w=200",NULL,True,"2026-09-11 16:56:00.492+05:30","2026-09-11 16:56:00.492+05:30"
2457,"670fea32c1726d48aea782c42bb82188","Lucky Lady's Clover","bgaming","Video Slot","https://bc.imgix.net/game/image/1600_Lucky%20Lady_s%20Clover.png?_v=4&auto=format&dpr=1.25&w=200",NULL,True,"2026-09-11 16:56:00.492+05:30","2026-09-11 16:56:00.492+05:30"
395,"bad3e93f3faadef550cb11fcb44a49b1","Auto Lightning Roulette","evolution","CasinoLive","https://boxbet.io/_next/image?url=https%3A%2F%2Fcdn.softswiss.net%2Fi%2Fs6%2Fevolution%2Fspeed_roulette.png&w=640&q=100",NULL,True,"2026-09-11 16:56:00.492+05:30","2026-09-11 16:56:00.492+05:30"
2297,"d0e052b031dfcdb08d1803f4bcc618ef","Ezugi Lobby","ezugi","Lobby",NULL,NULL,True,"2026-09-11 16:56:00.492+05:30","2026-09-11 16:56:00.492+05:30"
2349,"9568278f10bfbb78253db073bb816e4f","Hottest 666","bgaming","Video Slot","https://bc.imgix.net/game/image/f9440d37ab.png?_v=4&auto=format&dpr=1.25&w=200",NULL,True,"2026-09-11 16:56:00.492+05:30","2026-09-11 16:56:00.492+05:30"
1926,"bdffa96854ec920d2c4fcd9585c35814","Shaolin Master","hacksaw","Slot","https://example.com/game-icons/shaolin.png",NULL,True,"2026-09-11 16:56:00.743+05:30","2026-09-11 16:56:00.743+05:30"
2419,"ba6960ff34c8119ea91250827df81ca4","Dragon's Gold 100","bgaming","Video Slot","https://bc.imgix.net/game/image/5937_Dragon_s%20Gold%20100.png?_v=4&auto=format&dpr=1.25&w=200",NULL,True,"2026-09-11 16:56:00.492+05:30","2026-09-11 16:56:00.492+05:30"
718,"a92a531d389c718b5f5f82cfc2448e39","Blackjack X 1 - Azure","pragmaticlive","CasinoLive",NULL,NULL,True,"2026-09-11 16:56:00.492+05:30","2026-09-11 16:56:00.492+05:30"
481,"51636f763710a40d94435d5721b47afb","Speed VIP Blackjack M","evolution","CasinoLive","https://boxbet.io/_next/image?url=https%3A%2F%2Fcdn.softswiss.net%2Fi%2Fs6%2Fevolution%2Fspeed_blackjack_m.png&w=384&q=100",NULL,True,"2026-09-11 16:56:00.492+05:30","2026-09-11 16:56:00.492+05:30"
482,"41ff316f28958f3939f2886e3d8813f7","Speed VIP Blackjack L","evolution","CasinoLive","https://boxbet.io/_next/image?url=https%3A%2F%2Fcdn.softswiss.net%2Fi%2Fs6%2Fevolution%2Fspeed_blackjack_l.png&w=384&q=100",NULL,True,"2026-09-11 16:56:00.492+05:30","2026-09-11 16:56:00.492+05:30"
483,"fd0ce69ba5a8e9fde4a0118e0b9498e8","Speed VIP Blackjack I","evolution","CasinoLive","https://boxbet.io/_next/image?url=https%3A%2F%2Fcdn.softswiss.net%2Fi%2Fs6%2Fevolution%2Fspeed_blackjack_i.png&w=384&q=100",NULL,True,"2026-09-11 16:56:00.492+05:30","2026-09-11 16:56:00.492+05:30"
484,"ea5bb4a83394921afb0f26635b331266","Speed VIP Blackjack H","evolution","CasinoLive","https://boxbet.io/_next/image?url=https%3A%2F%2Fcdn.softswiss.net%2Fi%2Fs6%2Fevolution%2Fspeed_blackjack_h.png&w=384&q=100",NULL,True,"2026-09-11 16:56:00.492+05:30","2026-09-11 16:56:00.492+05:30"
485,"ac5ae4dd6c8b09b3da54aad693345ea5","Speed VIP Blackjack E","evolution","CasinoLive","https://boxbet.io/_next/image?url=https%3A%2F%2Fcdn.softswiss.net%2Fi%2Fs6%2Fevolution%2Fspeed_baccarate.png&w=384&q=100",NULL,True,"2026-09-11 16:56:00.492+05:30","2026-09-11 16:56:00.492+05:30"
486,"5b28de9903431500b020d6fa6fa84ac4","Speed VIP Blackjack G","evolution","CasinoLive","https://boxbet.io/_next/image?url=https%3A%2F%2Fcdn.softswiss.net%2Fi%2Fs6%2Fevolution%2Fspeed_blackjack_g.png&w=384&q=100",NULL,True,"2026-09-11 16:56:00.492+05:30","2026-09-11 16:56:00.492+05:30"
487,"29a0088d6ddc73df59bbd2cadedb3e64","Speed VIP Blackjack F","evolution","CasinoLive","https://boxbet.io/_next/image?url=https%3A%2F%2Fcdn.softswiss.net%2Fi%2Fs6%2Fevolution%2Fspeed_blackjack_f.png&w=384&q=100",NULL,True,"2026-09-11 16:56:00.492+05:30","2026-09-11 16:56:00.492+05:30"
488,"fcdeb63512da4f7980a03b3542a21796","Speed VIP Blackjack C","evolution","CasinoLive","https://boxbet.io/_next/image?url=https%3A%2F%2Fcdn.softswiss.net%2Fi%2Fs6%2Fevolution%2Fspeed_blackjack_c.png&w=384&q=100",NULL,True,"2026-09-11 16:56:00.492+05:30","2026-09-11 16:56:00.492+05:30"
489,"994a06251ad003c0be35b252803f49a5","Speed VIP Blackjack D","evolution","CasinoLive","https://boxbet.io/_next/image?url=https%3A%2F%2Fcdn.softswiss.net%2Fi%2Fs6%2Fevolution%2Fspeed_blackjack_d.png&w=384&q=100",NULL,True,"2026-09-11 16:56:00.492+05:30","2026-09-11 16:56:00.492+05:30"
491,"fdf05d777a59a24fd546e06cb460980e","Speed VIP Blackjack A","evolution","CasinoLive","https://boxbet.io/_next/image?url=https%3A%2F%2Fcdn.softswiss.net%2Fi%2Fs6%2Fevolution%2Fspeed_blackjack_a.png&w=384&q=100",NULL,True,"2026-09-11 16:56:00.492+05:30","2026-09-11 16:56:00.492+05:30"
490,"5fdb477013f4d377433e2a3daeac1d28","Speed VIP Blackjack B","evolution","CasinoLive","https://boxbet.io/_next/image?url=https%3A%2F%2Fcdn.softswiss.net%2Fi%2Fs6%2Fevolution%2Fspeed_blackjack_b.png&w=384&q=100",NULL,True,"2026-09-11 16:56:00.492+05:30","2026-09-11 16:56:00.492+05:30"
2329,"1a6331cb34de981ca1e88592ef06c752","Fishing Club","bgaming","Casual","https://rollbit.com/game-images/softswiss_FishingClub.webp",NULL,True,"2026-09-11 16:56:00.492+05:30","2026-09-11 16:56:00.492+05:30"
2306,"42c10ec14f7bed81dd8948bcc9ff3d79","Snoop Dogg Dollars","bgaming","Video Slot","https://bc.imgix.net/game/image/6ccc01f37e.png?_v=4&auto=format&dpr=1.25&w=200",NULL,True,"2026-09-11 16:56:00.492+05:30","2026-09-11 16:56:00.492+05:30"
506,"ec258bed8fd84778fc31a864fe1571b4","Salon Privé Baccarat J","evolution","CasinoLive","https://boxbet.io/_next/image?url=https%3A%2F%2Fcdn.softswiss.net%2Fi%2Fs6%2Fevolution%2FSalonPriveBlackjackJ.png&w=384&q=100",NULL,True,"2026-09-11 16:56:00.492+05:30","2026-09-11 16:56:00.492+05:30"
508,"61a5215e2679932781ed245b59d34679","Salon Privé Baccarat F","evolution","CasinoLive","https://boxbet.io/_next/image?url=https%3A%2F%2Fcdn.softswiss.net%2Fi%2Fs6%2Fevolution%2FSalonPriveBaccaratF.png&w=384&q=100",NULL,True,"2026-09-11 16:56:00.492+05:30","2026-09-11 16:56:00.492+05:30"
509,"e48c03210c8a577516c69c7fec657356","Salon Privé Baccarat E","evolution","CasinoLive","https://boxbet.io/_next/image?url=https%3A%2F%2Fcdn.softswiss.net%2Fi%2Fs6%2Fevolution%2Fsalon_prive_baccarat_e.png&w=384&q=100",NULL,True,"2026-09-11 16:56:00.492+05:30","2026-09-11 16:56:00.492+05:30"
828,"5c4a12fb0a9b296d9b0d5f9e1cd41d65","Mines","spribe","CasinoTable","https://static-mobile.mbzp67c522.com/su27se/images/games/spribe/Mines_mines_en.webp",NULL,True,"2026-09-11 16:56:00.492+05:30","2026-09-11 16:56:00.492+05:30"
2326,"d3c7985229b2e4651fa7889445a5bfd8","Aviamasters","bgaming","Casual","https://bc.imgix.net/game/image/b5d25ed060.png?_v=4&auto=format&dpr=1.25&w=200",NULL,True,"2026-09-11 16:56:00.492+05:30","2026-09-11 16:56:00.492+05:30"
2312,"096cff957fbb194d2b6600af093d32bb","Fortuna TRUEWAYS","bgaming","Video Slot","https://bc.imgix.net/game/image/ca8f1992f2.png?_v=4&auto=format&dpr=1.25&w=200",NULL,True,"2026-09-11 16:56:00.492+05:30","2026-09-11 16:56:00.492+05:30"
556,"624db9f6b362baf19796f281dfdee1ab","Imperial Quest","evolution","CasinoLive","https://huidu-bucket.s3.ap-southeast-1.amazonaws.com/api/evoplay/Imperial Quest.png",NULL,True,"2026-09-11 16:56:00.492+05:30","2026-09-11 16:56:00.492+05:30"
559,"7476b40db4af067e4d00fa2dd2067ef9","Roleta Ao Vivo","evolution","CasinoLive","https://huidu-bucket.s3.ap-southeast-1.amazonaws.com/api/evoplay/Roleta Ao Vivo.png",NULL,True,"2026-09-11 16:56:00.492+05:30","2026-09-11 16:56:00.492+05:30"
569,"0845c431394654ca59bb4bd8af43c351","Mega Bola Da Sorte","evolution","CasinoLive","https://huidu-bucket.s3.ap-southeast-1.amazonaws.com/api/evoplay/Mega Bola Da Sorte.png",NULL,True,"2026-09-11 16:56:00.492+05:30","2026-09-11 16:56:00.492+05:30"
578,"bb5d9a68f06045695ba133a6f4bba082","Blackjack VIP 44","evolution","CasinoLive","https://boxbet.io/_next/image?url=https%3A%2F%2Fcdn.softswiss.net%2Fi%2Fs6%2Fevolution%2FBlackjackVIP44.png&w=640&q=100",NULL,True,"2026-09-11 16:56:00.492+05:30","2026-09-11 16:56:00.492+05:30"
593,"498de0e2c664b3865a6e0387e6839f2a","Speed Baccarat 4","evolution","CasinoLive","https://www.luckyblock.com/cdn/1e4a2272-22ae-433e-98b1-f37569635f2d.jpg?w=640",NULL,True,"2026-09-11 16:56:00.492+05:30","2026-09-11 16:56:00.492+05:30"
580,"3acbe78079e7e8841ab34ebe03a1f4d7","Blackjack VIP 37","evolution","CasinoLive","https://boxbet.io/_next/image?url=https%3A%2F%2Fcdn.softswiss.net%2Fi%2Fs6%2Fevolution%2FBlackjackVIP37.png&w=640&q=100",NULL,True,"2026-09-11 16:56:00.492+05:30","2026-09-11 16:56:00.492+05:30"
582,"e02f15bb0df96c186555c62264bd4379","Blackjack VIP 41","evolution","CasinoLive","https://boxbet.io/_next/image?url=https%3A%2F%2Fcdn.softswiss.net%2Fi%2Fs6%2Fevolution%2FBlackjackVIP41.png&w=640&q=100",NULL,True,"2026-09-11 16:56:00.492+05:30","2026-09-11 16:56:00.492+05:30"
584,"c6361dfd83d86cc5c98e2b41c28791eb","Blackjack VIP 36","evolution","CasinoLive","https://boxbet.io/_next/image?url=https%3A%2F%2Fcdn.softswiss.net%2Fi%2Fs6%2Fevolution%2FBlackjackVIP36.png&w=640&q=100",NULL,True,"2026-09-11 16:56:00.492+05:30","2026-09-11 16:56:00.492+05:30"
585,"97e1e4e23f9fd02ea58a8415a515d1e5","Blackjack VIP 32","evolution","CasinoLive","https://boxbet.io/_next/image?url=https%3A%2F%2Fcdn.softswiss.net%2Fi%2Fs6%2Fevolution%2FBlackjackVIP32.png&w=640&q=100",NULL,True,"2026-09-11 16:56:00.492+05:30","2026-09-11 16:56:00.492+05:30"
587,"64fee17522e56dd16ad4a0548c5b842c","Blackjack VIP 35","evolution","CasinoLive","https://boxbet.io/_next/image?url=https%3A%2F%2Fcdn.softswiss.net%2Fi%2Fs6%2Fevolution%2FBlackjackVIP35.png&w=640&q=100",NULL,True,"2026-09-11 16:56:00.492+05:30","2026-09-11 16:56:00.492+05:30"
575,"b61a4d32bde967239d321ab8363424be","Evo Speed Blackjack 7","evolution","CasinoLive","https://boxbet.io/_next/image?url=https%3A%2F%2Fcdn.softswiss.net%2Fi%2Fs6%2Fevolution%2FEvoSpeedBlackjack7.png&w=640&q=100",NULL,True,"2026-09-11 16:56:00.492+05:30","2026-09-11 16:56:00.492+05:30"
577,"e1275fa257ec5eaa91aa92e90c52fa42","Evo Speed Blackjack 5","evolution","CasinoLive","https://boxbet.io/_next/image?url=https%3A%2F%2Fcdn.softswiss.net%2Fi%2Fs6%2Fevolution%2FEvoSpeedBlackjack5.png&w=640&q=100",NULL,True,"2026-09-11 16:56:00.492+05:30","2026-09-11 16:56:00.492+05:30"
576,"3c7c139fc7095e3ddeeffed3fdd4da3c","Evo Speed Blackjack 10","evolution","CasinoLive","https://boxbet.io/_next/image?url=https%3A%2F%2Fcdn.softswiss.net%2Fi%2Fs6%2Fevolution%2FEvoSpeedBlackjack10.png&w=640&q=100",NULL,True,"2026-09-11 16:56:00.492+05:30","2026-09-11 16:56:00.492+05:30"
589,"d8ab16519a21608d1fed93cc83690593","Blackjack VIP 31","evolution","CasinoLive","https://boxbet.io/_next/image?url=https%3A%2F%2Fcdn.softswiss.net%2Fi%2Fs6%2Fevolution%2FBlackjackVIP31.png&w=384&q=100",NULL,True,"2026-09-11 16:56:00.492+05:30","2026-09-11 16:56:00.492+05:30"
595,"e2124ac641282f02462d0b6e0245f3f9","Blackjack VIP 28","evolution","CasinoLive","https://boxbet.io/_next/image?url=https%3A%2F%2Fcdn.softswiss.net%2Fi%2Fs6%2Fevolution%2FBlackjackVIP28.png&w=384&q=100",NULL,True,"2026-09-11 16:56:00.492+05:30","2026-09-11 16:56:00.492+05:30"
597,"a9e710a7389d1096cdab23e530cc8d06","Speed VIP Blackjack N","evolution","CasinoLive","https://boxbet.io/_next/image?url=https%3A%2F%2Fcdn.softswiss.net%2Fi%2Fs6%2Fevolution%2FSpeedVIPBlackjackN.png&w=384&q=100",NULL,True,"2026-09-11 16:56:00.492+05:30","2026-09-11 16:56:00.492+05:30"
831,"de88f202c5a8beeaccabbd944f8acfbf","Balloon","spribe","CasinoTable","https://static-mobile.mbzp67c522.com/su27se/images/games/spribe/Balloon_balloon_en.webp",NULL,True,"2026-09-11 16:56:00.492+05:30","2026-09-11 16:56:00.492+05:30"
2333,"ef0998245805a6a32a910a6667ad7c6c","Luck & Magic Scratch","bgaming","Scratch cards","https://bc.imgix.net/game/image/a4fb9ed097.png?_v=4&auto=format&dpr=1.25&w=200",NULL,True,"2026-09-11 16:56:00.492+05:30","2026-09-11 16:56:00.492+05:30"
607,"92b24e4c25107367a80e0fe1a97c24e4","LuckySports","sports","Sports Game","https://huidu-bucket.s3.ap-southeast-1.amazonaws.com/api/LuckySports/Lucky Sports_Logo 01.jpg",NULL,True,"2026-09-11 16:56:00.492+05:30","2026-09-11 16:56:00.492+05:30"
613,"593e82ed18fb7d72463dff73110fa52c","Baccarat 5","pragmaticlive","CasinoLive",NULL,NULL,True,"2026-09-11 16:56:00.492+05:30","2026-09-11 16:56:00.492+05:30"
617,"3b657685213b492a9bddb4281a876908","Baccarat 9","pragmaticlive","CasinoLive",NULL,NULL,True,"2026-09-11 16:56:00.492+05:30","2026-09-11 16:56:00.492+05:30"
618,"d0d870f20be2bedb04415d5071a5f866","Speed Baccarat 1","pragmaticlive","CasinoLive",NULL,NULL,True,"2026-09-11 16:56:00.492+05:30","2026-09-11 16:56:00.492+05:30"
619,"76463248b7ca723ad49cfad50926c30e","Speed Baccarat 2","pragmaticlive","CasinoLive",NULL,NULL,True,"2026-09-11 16:56:00.492+05:30","2026-09-11 16:56:00.492+05:30"
620,"4102658f5f304e126599367ba6cc13a1","Speed Baccarat 3","pragmaticlive","CasinoLive",NULL,NULL,True,"2026-09-11 16:56:00.492+05:30","2026-09-11 16:56:00.492+05:30"
621,"22517580773f95ed1fccf11222a727f6","Speed Baccarat 5","pragmaticlive","CasinoLive",NULL,NULL,True,"2026-09-11 16:56:00.492+05:30","2026-09-11 16:56:00.492+05:30"
622,"0bace5f8418a61a7f6efccabefdb30aa","Speed Baccarat 6","pragmaticlive","CasinoLive",NULL,NULL,True,"2026-09-11 16:56:00.492+05:30","2026-09-11 16:56:00.492+05:30"
623,"eb43ca69904a2d11687774a55a8bd68b","Speed Baccarat 7","pragmaticlive","CasinoLive",NULL,NULL,True,"2026-09-11 16:56:00.492+05:30","2026-09-11 16:56:00.492+05:30"
627,"eb98b96ee69b8e1d26f458fb6508ae04","Speed Baccarat 11","pragmaticlive","CasinoLive",NULL,NULL,True,"2026-09-11 16:56:00.492+05:30","2026-09-11 16:56:00.492+05:30"
628,"c17ea744619079ba0385f02648f8d22d","Speed Baccarat 12","pragmaticlive","CasinoLive",NULL,NULL,True,"2026-09-11 16:56:00.492+05:30","2026-09-11 16:56:00.492+05:30"
632,"ed16a06c9a68f7ccc171fd547fc5bd72","Speed Baccarat 16","pragmaticlive","CasinoLive",NULL,NULL,True,"2026-09-11 16:56:00.492+05:30","2026-09-11 16:56:00.492+05:30"
633,"baf9852dbf195a8f79bbea6b33305c99","Speed Baccarat 17","pragmaticlive","CasinoLive",NULL,NULL,True,"2026-09-11 16:56:00.492+05:30","2026-09-11 16:56:00.492+05:30"
634,"3f83f390c17e56aaf999480608f7e74b","Korean Speed Baccarat 1","pragmaticlive","CasinoLive",NULL,NULL,True,"2026-09-11 16:56:00.492+05:30","2026-09-11 16:56:00.492+05:30"
635,"a96de223a6cb1b7933bf0783b5bb614e","Korean Speed Baccarat 2","pragmaticlive","CasinoLive",NULL,NULL,True,"2026-09-11 16:56:00.492+05:30","2026-09-11 16:56:00.492+05:30"
636,"22f71244570f56f20e3f62f329859318","Korean Speed Baccarat 3","pragmaticlive","CasinoLive",NULL,NULL,True,"2026-09-11 16:56:00.492+05:30","2026-09-11 16:56:00.492+05:30"
637,"73deeee2bc2a889a286cd4459d9cba02","Korean Speed Baccarat 4","pragmaticlive","CasinoLive",NULL,NULL,True,"2026-09-11 16:56:00.492+05:30","2026-09-11 16:56:00.492+05:30"
638,"619d1fb3b26a202c6545acbe1841ed3d","Korean Speed Baccarat 5","pragmaticlive","CasinoLive",NULL,NULL,True,"2026-09-11 16:56:00.492+05:30","2026-09-11 16:56:00.492+05:30"
639,"2099d4989d635d92524cf3499f87f58a","Korean Speed Baccarat 6","pragmaticlive","CasinoLive",NULL,NULL,True,"2026-09-11 16:56:00.492+05:30","2026-09-11 16:56:00.492+05:30"
640,"f9590a5f1796c536e78c85b7f9efd405","Bahasa Indonesia Speed Baccarat 1","pragmaticlive","CasinoLive",NULL,NULL,True,"2026-09-11 16:56:00.492+05:30","2026-09-11 16:56:00.492+05:30"
641,"746e28de8b39898a1a5e436bb39b91f6","Thai Speed Baccarat 1","pragmaticlive","CasinoLive",NULL,NULL,True,"2026-09-11 16:56:00.492+05:30","2026-09-11 16:56:00.492+05:30"
642,"2613dd5c8b385fa70fbf4a2678a8981c","Japanese Speed Baccarat 1","pragmaticlive","CasinoLive",NULL,NULL,True,"2026-09-11 16:56:00.492+05:30","2026-09-11 16:56:00.492+05:30"
643,"8cc12a57d141fac71ef87357c94c44c3","Japanese Speed Baccarat 2","pragmaticlive","CasinoLive",NULL,NULL,True,"2026-09-11 16:56:00.492+05:30","2026-09-11 16:56:00.492+05:30"
644,"15ec6cd193207f3e219e0d185205952f","Japanese Speed Baccarat 3","pragmaticlive","CasinoLive",NULL,NULL,True,"2026-09-11 16:56:00.492+05:30","2026-09-11 16:56:00.492+05:30"
645,"7065fa8abfbb96b16d87ceb7554503b8","Chinese Speed Baccarat 1","pragmaticlive","CasinoLive",NULL,NULL,True,"2026-09-11 16:56:00.492+05:30","2026-09-11 16:56:00.492+05:30"
646,"c8b889832a452aa68115ec1494d8843d","Chinese Speed Baccarat 2","pragmaticlive","CasinoLive",NULL,NULL,True,"2026-09-11 16:56:00.492+05:30","2026-09-11 16:56:00.492+05:30"
647,"e8d4616742fc5829633d17e117aac18f","Chinese Speed Baccarat 3","pragmaticlive","CasinoLive",NULL,NULL,True,"2026-09-11 16:56:00.492+05:30","2026-09-11 16:56:00.492+05:30"
648,"4457be7be5a268e8d43747a7af82fec5","Vietnamese Speed Baccarat 1","pragmaticlive","CasinoLive",NULL,NULL,True,"2026-09-11 16:56:00.492+05:30","2026-09-11 16:56:00.492+05:30"
653,"56634c1f851fcc441b25cabfb904843e","Privé Lounge Baccarat 5","pragmaticlive","CasinoLive",NULL,NULL,True,"2026-09-11 16:56:00.538+05:30","2026-09-11 16:56:00.538+05:30"
616,"0b51fa9dc81ec7e5fe0905812d634419","Baccarat 8","pragmaticlive","CasinoLive","https://s7.ezgif.com/tmp/ezgif-79b86fc039e41.png",NULL,True,"2026-09-11 16:56:00.538+05:30","2026-09-11 16:56:00.538+05:30"
614,"80c0d325044a99b88a34f2e315ef1d9e","Baccarat 6","pragmaticlive","CasinoLive","https://s7.ezgif.com/tmp/ezgif-7f4ca5bc3a9b8.png",NULL,True,"2026-09-11 16:56:00.538+05:30","2026-09-11 16:56:00.538+05:30"
624,"6b9fde7e0621b2bca3779a162257739b","Speed Baccarat 8","pragmaticlive","CasinoLive","https://s3.ezgif.com/tmp/ezgif-30b5083692143.png",NULL,True,"2026-09-11 16:56:00.538+05:30","2026-09-11 16:56:00.538+05:30"
626,"34fad871fa9fec7b1057668360500688","Speed Baccarat 10","pragmaticlive","CasinoLive","https://www.coincasino.com/cdn/imported_games_images/PRAGMATIC/PRAGMATIC/428/175419a0-9b6b-49a5-8739-16118e901aab.jpg?w=640",NULL,True,"2026-09-11 16:56:00.538+05:30","2026-09-11 16:56:00.538+05:30"
2160,"055becbfb5928ac952a92f999d091470","Elk Hunter","netent","Slot Game","https://bc.imgix.net/game/image/14692_ELK%20HUNTER.png?_v=4&auto=format&dpr=2&w=200",NULL,True,"2026-09-11 16:56:00.538+05:30","2026-09-11 16:56:00.538+05:30"
598,"ec9fb09912bc272168651f43ec4c78a6","Speed VIP Blackjack O","evolution","CasinoLive","https://boxbet.io/_next/image?url=https%3A%2F%2Fcdn.softswiss.net%2Fi%2Fs6%2Fevolution%2FSpeedVIPBlackjackO.png&w=384&q=100",NULL,True,"2026-09-11 16:56:00.538+05:30","2026-09-11 16:56:00.538+05:30"
600,"19bc9ea56909a0bdbd43b0a6471849bb","Speed VIP Blackjack Q","evolution","CasinoLive","https://boxbet.io/_next/image?url=https%3A%2F%2Fcdn.softswiss.net%2Fi%2Fs6%2Fevolution%2FSpeedVIPBlackjackQ.png&w=384&q=100",NULL,True,"2026-09-11 16:56:00.538+05:30","2026-09-11 16:56:00.538+05:30"
615,"25a8376a5f822cd62869368510ef307e","Baccarat 7","pragmaticlive","CasinoLive","https://boxbet.io/_next/image?url=https%3A%2F%2Fcdn.softswiss.net%2Fi%2Fs6%2Fpragmaticexternal%2FBaccarat7.png&w=384&q=100",NULL,True,"2026-09-11 16:56:00.538+05:30","2026-09-11 16:56:00.538+05:30"
651,"ca0f92bbad03cbcac09140e56a272001","Privé Lounge Baccarat 3","pragmaticlive","CasinoLive","https://www.coincasino.com/cdn/imported_games_images/PRAGMATIC/PRAGMATIC/456/c4b692f0-c74b-4a26-8b4b-3cd430b184cf.jpg?w=320",NULL,True,"2026-09-11 16:56:00.538+05:30","2026-09-11 16:56:00.538+05:30"
629,"3199591c742d1e586446d23ad51afe76","Speed Baccarat 13","pragmaticlive","CasinoLive","https://www.coincasino.com/cdn/imported_games_images/PRAGMATIC/PRAGMATIC/438/cb3587c2-4ec4-4aea-88fe-f956696a87b0.jpg?w=320",NULL,True,"2026-09-11 16:56:00.538+05:30","2026-09-11 16:56:00.538+05:30"
630,"08965eef9364825b0e4476bf7290c611","Speed Baccarat 14","pragmaticlive","CasinoLive","https://www.coincasino.com/cdn/imported_games_images/PRAGMATIC/PRAGMATIC/405/122d580f-af29-4722-be28-18788e7154a3.jpg?w=320",NULL,True,"2026-09-11 16:56:00.538+05:30","2026-09-11 16:56:00.538+05:30"
610,"7e1886a44af41f33e03903df4d96d9f8","Baccarat 1","pragmaticlive","CasinoLive","https://origin-r2.ibbf55-resources.com/ContentCommonCasino/games_New/PragmaticPlay/Baccarat1.webp",NULL,True,"2026-09-11 16:56:00.538+05:30","2026-09-11 16:56:00.538+05:30"
656,"1f3be17a8274456ea0b3b5ce1699c2d7","Privé Lounge Baccarat 8","pragmaticlive","CasinoLive",NULL,NULL,True,"2026-09-11 16:56:00.538+05:30","2026-09-11 16:56:00.538+05:30"
657,"302cf0ef3b36479d4d4f4b57b3560343","Super 8 Baccarat","pragmaticlive","CasinoLive",NULL,NULL,True,"2026-09-11 16:56:00.538+05:30","2026-09-11 16:56:00.538+05:30"
658,"0953a894d0e79b4c4a514fc073ef877d","Punto Banco Italia Tricolore","pragmaticlive","CasinoLive",NULL,NULL,True,"2026-09-11 16:56:00.538+05:30","2026-09-11 16:56:00.538+05:30"
2299,"4ee8e0051a035b463b47c3c473ce317d","TFGaming","esports","ESports",NULL,NULL,True,"2026-09-11 16:56:00.538+05:30","2026-09-11 16:56:00.538+05:30"
662,"6310a699c52341452fac399be10a2b48","Roulette Azure","pragmaticlive","CasinoLive",NULL,NULL,True,"2026-09-11 16:56:00.538+05:30","2026-09-11 16:56:00.538+05:30"
663,"2cc6eafbc10fac25501311627b90e59b","Roulette Green","pragmaticlive","CasinoLive",NULL,NULL,True,"2026-09-11 16:56:00.538+05:30","2026-09-11 16:56:00.538+05:30"
664,"bc981c617e610b6b6bdb9092156fb741","Roulette Macao","pragmaticlive","CasinoLive",NULL,NULL,True,"2026-09-11 16:56:00.538+05:30","2026-09-11 16:56:00.538+05:30"
665,"8ae416822700ec743ab026d918aa76e2","Russian Roulette","pragmaticlive","CasinoLive",NULL,NULL,True,"2026-09-11 16:56:00.538+05:30","2026-09-11 16:56:00.538+05:30"
666,"54d923372a1a92b10615557607d3bdc4","German Roulette","pragmaticlive","CasinoLive",NULL,NULL,True,"2026-09-11 16:56:00.538+05:30","2026-09-11 16:56:00.538+05:30"
669,"93322d58de1175bb2078e473c1ea5757","Roulette Indian","pragmaticlive","CasinoLive",NULL,NULL,True,"2026-09-11 16:56:00.538+05:30","2026-09-11 16:56:00.538+05:30"
671,"b3ce126267c25045e996424f8a012644","Roulette Ruby","pragmaticlive","CasinoLive",NULL,NULL,True,"2026-09-11 16:56:00.538+05:30","2026-09-11 16:56:00.538+05:30"
672,"cf4788eb4b98a4db606f19be2cc92293","Romanian Roulette","pragmaticlive","CasinoLive",NULL,NULL,True,"2026-09-11 16:56:00.538+05:30","2026-09-11 16:56:00.538+05:30"
673,"2c168555600287f0aa10e2185410bebf","Spanish Roulette","pragmaticlive","CasinoLive",NULL,NULL,True,"2026-09-11 16:56:00.538+05:30","2026-09-11 16:56:00.538+05:30"
674,"8cc297adeaa7484459187b88d1289f4e","Korean Roulette","pragmaticlive","CasinoLive",NULL,NULL,True,"2026-09-11 16:56:00.538+05:30","2026-09-11 16:56:00.538+05:30"
675,"877b3c2652fc0cbb8cc1f0ceba928df8","Brazilian Roulette","pragmaticlive","CasinoLive",NULL,NULL,True,"2026-09-11 16:56:00.538+05:30","2026-09-11 16:56:00.538+05:30"
676,"3db984189385e4dd7a1695fc8bbaea3c","Vietnamese Roulette","pragmaticlive","CasinoLive",NULL,NULL,True,"2026-09-11 16:56:00.538+05:30","2026-09-11 16:56:00.538+05:30"
678,"31b812b939407f0e7971675f306c2f3e","Turkish Mega Roulette","pragmaticlive","CasinoLive",NULL,NULL,True,"2026-09-11 16:56:00.538+05:30","2026-09-11 16:56:00.538+05:30"
679,"d384d4856e230a106657c59821f8c43a","Mega Roulette - Brazilian","pragmaticlive","CasinoLive",NULL,NULL,True,"2026-09-11 16:56:00.538+05:30","2026-09-11 16:56:00.538+05:30"
683,"f0add665a33f9b0440694015268d1d6d","Speed Auto Roulette","pragmaticlive","CasinoLive",NULL,NULL,True,"2026-09-11 16:56:00.538+05:30","2026-09-11 16:56:00.538+05:30"
685,"d9a2bfc6b6a88dad99f4fb2c9e56a787","PowerUP Roulette","pragmaticlive","CasinoLive",NULL,NULL,True,"2026-09-11 16:56:00.538+05:30","2026-09-11 16:56:00.538+05:30"
686,"1d93109e3e25654e679f911c60b4414b","Game Shows Lobby","pragmaticlive","CasinoLive",NULL,NULL,True,"2026-09-11 16:56:00.538+05:30","2026-09-11 16:56:00.538+05:30"
687,"4eca0516b36cf28b4a3a66c7f3af284f","Boom City","pragmaticlive","CasinoLive",NULL,NULL,True,"2026-09-11 16:56:00.538+05:30","2026-09-11 16:56:00.538+05:30"
691,"f2269c8c6428711cecfbcdf33530a90c","Lucky 6 Roulette","pragmaticlive","CasinoLive",NULL,NULL,True,"2026-09-11 16:56:00.538+05:30","2026-09-11 16:56:00.538+05:30"
692,"9a7ccf5d0e8862eaf13a0f3c18807cd2","Treasure Island","pragmaticlive","CasinoLive",NULL,NULL,True,"2026-09-11 16:56:00.538+05:30","2026-09-11 16:56:00.538+05:30"
694,"af022dc4300f7c55ebdaf559688115d9","Mega Sic Bo Lobby","pragmaticlive","CasinoLive",NULL,NULL,True,"2026-09-11 16:56:00.538+05:30","2026-09-11 16:56:00.538+05:30"
698,"75776a4167b0616cec63966d3877ff22","Dragon Tiger Lobby","pragmaticlive","CasinoLive",NULL,NULL,True,"2026-09-11 16:56:00.538+05:30","2026-09-11 16:56:00.538+05:30"
701,"950e9141d10bb5528012e84f1d8bbff8","Super Trunfo (Football Blitz Top Card)","pragmaticlive","CasinoLive",NULL,NULL,True,"2026-09-11 16:56:00.538+05:30","2026-09-11 16:56:00.538+05:30"
696,"17d2621bfb0d446947a49dfa1c6a2445","Sic Bo","pragmaticlive","CasinoLive","https://www.coincasino.com/cdn/imported_games_images/PRAGMATIC/PRAGMATIC/89c93cfe-3d0e-4f99-9914-e1c2fdc84312.jpg?w=320",NULL,True,"2026-09-11 16:56:00.538+05:30","2026-09-11 16:56:00.538+05:30"
654,"c5e27c4d01c4973ed505b3935740808a","Privé Lounge Baccarat 6","pragmaticlive","CasinoLive","https://s3.ezgif.com/tmp/ezgif-398e72d00d751.png",NULL,True,"2026-09-11 16:56:00.538+05:30","2026-09-11 16:56:00.538+05:30"
695,"96682117485be3f7551db8fd70f87c73","Mega Sic Bo","pragmaticlive","CasinoLive","https://www.coincasino.com/cdn/imported_games_images/PRAGMATIC/PRAGMATIC/d90a8bfd-005e-425a-aae0-d5e668c3ae39.jpg?w=640",NULL,True,"2026-09-11 16:56:00.538+05:30","2026-09-11 16:56:00.538+05:30"
668,"89e6a326a58724c3d8b56e80dd0497db","Italian Roulette","pragmaticlive","CasinoLive","https://s3.ezgif.com/tmp/ezgif-333df52f6ff67.png",NULL,True,"2026-09-11 16:56:00.538+05:30","2026-09-11 16:56:00.538+05:30"
680,"97382290852d66f486270fcbb8a4d33c","Auto Roulette","pragmaticlive","CasinoLive","https://www.coincasino.com/cdn/imported_games_images/PRAGMATIC/PRAGMATIC/266/5ea33014-1bfb-415e-8990-5eba5307e124.jpg?w=640",NULL,True,"2026-09-11 16:56:00.538+05:30","2026-09-11 16:56:00.538+05:30"
699,"43473f00e237b4d8754d22095d701b4c","Dragon Tiger","pragmaticlive","CasinoLive","https://www.coincasino.com/cdn/imported_games_images/PRAGMATIC/PRAGMATIC/1001/4792740e-d308-4fc6-83e9-7ed5d1e6c144.jpg?w=320",NULL,True,"2026-09-11 16:56:00.538+05:30","2026-09-11 16:56:00.538+05:30"
677,"b60df57bbcd472a887a9c9cff2a0e19c","Mega Roulette","pragmaticlive","CasinoLive","https://www.coincasino.com/cdn/imported_games_images/PRAGMATIC/PRAGMATIC/204/0bd821a9-6666-482a-a4b0-59cd8c615314.jpg?w=320",NULL,True,"2026-09-11 16:56:00.538+05:30","2026-09-11 16:56:00.538+05:30"
682,"dc4f44b7e7bd3ff918b6008d89598c3f","Speed Roulette 2","pragmaticlive","CasinoLive","https://www.coincasino.com/cdn/imported_games_images/PRAGMATIC/PRAGMATIC/205/242f0dde-5812-478b-b88a-0e45d787e431.jpg?w=640",NULL,True,"2026-09-11 16:56:00.538+05:30","2026-09-11 16:56:00.538+05:30"
690,"8b439fcc22a0f30dd282dcfc0072c0bc","Vegas Ball Bonanza","pragmaticlive","CasinoLive","https://www.coincasino.com/cdn/imported_games_images/PRAGMATIC/PRAGMATIC/9ff2b68d-9f00-4a5e-9e1c-6fa9cfd34780.jpg?w=640",NULL,True,"2026-09-11 16:56:00.538+05:30","2026-09-11 16:56:00.538+05:30"
697,"8152838110b3d0b988236c9b94db8f78","Mega Sic Bac","pragmaticlive","CasinoLive","https://www.coincasino.com/cdn/imported_games_images/PRAGMATIC/PRAGMATIC/aef9b9c9-1632-44bf-8eae-11fb8ac9b836.jpg?w=640",NULL,True,"2026-09-11 16:56:00.538+05:30","2026-09-11 16:56:00.538+05:30"
700,"9412795579b89bdee57f00ee2d301a22","Andar Bahar","pragmaticlive","CasinoLive","https://boxbet.io/_next/image?url=https%3A%2F%2Fcdn.softswiss.net%2Fi%2Fs6%2Fpragmaticexternal%2FAndarBahar.png&w=384&q=100",NULL,True,"2026-09-11 16:56:00.538+05:30","2026-09-11 16:56:00.538+05:30"
711,"e9a3880ae1414fa2b59de54336b6508d","Blackjack X 18 - Azure","pragmaticlive","CasinoLive","https://www.coincasino.com/cdn/imported_games_images/PRAGMATIC/PRAGMATIC/522/10d7ab0d-22ca-4046-994d-5402822184ad.jpg?w=320",NULL,True,"2026-09-11 16:56:00.538+05:30","2026-09-11 16:56:00.538+05:30"
703,"ef44063ba6f5fde0769cc7677262838e","Blackjack X 19 - Ruby","pragmaticlive","CasinoLive","https://www.coincasino.com/cdn/imported_games_images/PRAGMATIC/PRAGMATIC/3019/b21a62e9-85bb-4378-9513-cb3a608cddfd.jpg?w=320",NULL,True,"2026-09-11 16:56:00.538+05:30","2026-09-11 16:56:00.538+05:30"
705,"396319990608a705114e00847b316d1b","Blackjack X 10 - Ruby","pragmaticlive","CasinoLive","https://www.coincasino.com/cdn/imported_games_images/PRAGMATIC/PRAGMATIC/3010/5fadd718-e478-4d07-b02d-27dcbc676c28.jpg?w=320",NULL,True,"2026-09-11 16:56:00.538+05:30","2026-09-11 16:56:00.538+05:30"
706,"4c31c4ff5031d8f7ea19b58d7deea2ae","Blackjack X 9 - Ruby","pragmaticlive","CasinoLive","https://www.coincasino.com/cdn/imported_games_images/PRAGMATIC/PRAGMATIC/3009/e68a0043-57ff-41f7-a9c7-ce6c738c1d4d.jpg?w=320",NULL,True,"2026-09-11 16:56:00.538+05:30","2026-09-11 16:56:00.538+05:30"
709,"49bba35a57238c3b51d09819045dff93","Blackjack X 4 - Ruby","pragmaticlive","CasinoLive","https://www.coincasino.com/cdn/imported_games_images/PRAGMATIC/PRAGMATIC/3004/995b833e-9940-4281-babb-daf5ed01ca51.jpg?w=320",NULL,True,"2026-09-11 16:56:00.538+05:30","2026-09-11 16:56:00.538+05:30"
655,"0f4593fbf8f16c85dcc5d13455ac1224","Privé Lounge Baccarat 7","pragmaticlive","CasinoLive","https://www.coincasino.com/cdn/imported_games_images/PRAGMATIC/PRAGMATIC/467/017ad8b5-f288-47d3-8c85-9850f9a59ff0.jpg?w=320",NULL,True,"2026-09-11 16:56:00.538+05:30","2026-09-11 16:56:00.538+05:30"
732,"b6a1085a27ab7bff7550f8a3bd017df8","ONE Blackjack 2 - Ruby","pragmaticlive","CasinoLive",NULL,NULL,True,"2026-09-11 16:56:00.538+05:30","2026-09-11 16:56:00.538+05:30"
733,"aa169b49b583a2b5af89203c2b78c67c","Dutch ONE Blackjack","pragmaticlive","CasinoLive",NULL,NULL,True,"2026-09-11 16:56:00.538+05:30","2026-09-11 16:56:00.538+05:30"
734,"f47d0ad31c4c49061b9e505593e3db98","Turkish ONE Blackjack","pragmaticlive","CasinoLive",NULL,NULL,True,"2026-09-11 16:56:00.538+05:30","2026-09-11 16:56:00.538+05:30"
736,"c18f62e997737d77a059955bbbd08c82","Blackjack E","ezugi","CasinoLive","https://huidu-bucket.s3.ap-southeast-1.amazonaws.com/api/Ezugi/Blackjack-E.png",NULL,True,"2026-09-11 16:56:00.538+05:30","2026-09-11 16:56:00.538+05:30"
737,"dc7c4d9873500a85a5b2902c062c228c","Blackjack D","ezugi","CasinoLive","https://huidu-bucket.s3.ap-southeast-1.amazonaws.com/api/Ezugi/Blackjack-D.png",NULL,True,"2026-09-11 16:56:00.538+05:30","2026-09-11 16:56:00.538+05:30"
738,"cd0e742af59d62f2241c1f6bc19954c5","Blackjack C","ezugi","CasinoLive","https://huidu-bucket.s3.ap-southeast-1.amazonaws.com/api/Ezugi/Blackjack-C.png",NULL,True,"2026-09-11 16:56:00.538+05:30","2026-09-11 16:56:00.538+05:30"
739,"90bd51cc8cde4d06bbb6ae787c8c3eb3","Blackjack B","ezugi","CasinoLive","https://huidu-bucket.s3.ap-southeast-1.amazonaws.com/api/Ezugi/Blackjack-B.png",NULL,True,"2026-09-11 16:56:00.538+05:30","2026-09-11 16:56:00.538+05:30"
741,"3035b50a4a7c816ea6eb92e4652c743c","Ruleta A","ezugi","CasinoLive","https://huidu-bucket.s3.ap-southeast-1.amazonaws.com/api/Ezugi/Ruleta-A.png",NULL,True,"2026-09-11 16:56:00.538+05:30","2026-09-11 16:56:00.538+05:30"
744,"d9fc983ad1ac44e2a6365ae6cc5c9762","Blackjack A","ezugi","CasinoLive","https://huidu-bucket.s3.ap-southeast-1.amazonaws.com/api/Ezugi/Blackjack-A.png",NULL,True,"2026-09-11 16:56:00.538+05:30","2026-09-11 16:56:00.538+05:30"
747,"c5d4fd6cec78dd439ed2ee33c8965777","Oracle Real Roulette","ezugi","CasinoLive","https://huidu-bucket.s3.ap-southeast-1.amazonaws.com/api/Ezugi/Oracle-Real-Roulette.png",NULL,True,"2026-09-11 16:56:00.538+05:30","2026-09-11 16:56:00.538+05:30"
753,"4e94d574914b472cb4ecc4f3c05647d4","Fiesta Roulette","ezugi","CasinoLive","https://huidu-bucket.s3.ap-southeast-1.amazonaws.com/api/Ezugi/Fiesta-Roulette.png",NULL,True,"2026-09-11 16:56:00.538+05:30","2026-09-11 16:56:00.538+05:30"
755,"7d0d91d4477b9d14e3a4ba40e34451ea","Spanish Roulette","ezugi","CasinoLive","https://huidu-bucket.s3.ap-southeast-1.amazonaws.com/api/Ezugi/Spanish-Roulette.png",NULL,True,"2026-09-11 16:56:00.538+05:30","2026-09-11 16:56:00.538+05:30"
756,"44b99989a409c0ca24aca784f0433dcc","Casino Marina Roulette 2","ezugi","CasinoLive","https://huidu-bucket.s3.ap-southeast-1.amazonaws.com/api/Ezugi/Casino-Marina-Roulette-2.png",NULL,True,"2026-09-11 16:56:00.538+05:30","2026-09-11 16:56:00.538+05:30"
730,"4cc29ee405b5a2b2d7c245e5ee7bd763","BlackjackX 30 - Emerald","pragmaticlive","CasinoLive","https://s3.ezgif.com/tmp/ezgif-3704d6ecabe1f.png",NULL,True,"2026-09-11 16:56:00.538+05:30","2026-09-11 16:56:00.538+05:30"
723,"e1223c4465b2ecfebdafcdbb065b5707","BlackjackX 13 - Emerald","pragmaticlive","CasinoLive","https://www.coincasino.com/cdn/imported_games_images/PRAGMATIC/PRAGMATIC/671/0ca5a694-7158-4b2c-afbd-1abec4d6fc43.jpg?w=640",NULL,True,"2026-09-11 16:56:00.538+05:30","2026-09-11 16:56:00.538+05:30"
712,"f03517eabcf89387efc0f2bfd193c2ce","Blackjack X 17 - Azure","pragmaticlive","CasinoLive","https://www.coincasino.com/cdn/imported_games_images/PRAGMATIC/PRAGMATIC/3017/7db265d3-82c5-434f-92cb-c6328b247c42.jpg?w=640",NULL,True,"2026-09-11 16:56:00.538+05:30","2026-09-11 16:56:00.538+05:30"
2161,"8c7f2f73251aa96164a3ca97e073bd8c","Super Striker","netent","Slot Game","https://bc.imgix.net/game/image/7a62a7daeb.png?_v=4&auto=format&dpr=2&w=200",NULL,True,"2026-09-11 16:56:00.538+05:30","2026-09-11 16:56:00.538+05:30"
715,"1366abf4bb64ddf7937affa23f859026","Blackjack X 6 - Azure","pragmaticlive","CasinoLive","https://www.coincasino.com/cdn/imported_games_images/PRAGMATIC/PRAGMATIC/512/f4909ef2-040c-4575-a638-e7a828017349.jpg?w=320",NULL,True,"2026-09-11 16:56:00.538+05:30","2026-09-11 16:56:00.538+05:30"
713,"4d6bd82a165718745b741da33ebd0cb0","Blackjack X 16 - Azure","pragmaticlive","CasinoLive","https://www.coincasino.com/cdn/imported_games_images/PRAGMATIC/PRAGMATIC/3016/e4b8e83d-f328-4c91-a584-e15e16ff1534.jpg?w=320",NULL,True,"2026-09-11 16:56:00.538+05:30","2026-09-11 16:56:00.538+05:30"
716,"eb28ac23ccd830d067728173c1f91ee6","Blackjack X 3 - Azure","pragmaticlive","CasinoLive","https://www.coincasino.com/cdn/imported_games_images/PRAGMATIC/PRAGMATIC/3003/4adff865-4245-4e94-b0a4-b09023354480.jpg?w=320",NULL,True,"2026-09-11 16:56:00.538+05:30","2026-09-11 16:56:00.538+05:30"
717,"5b59af29c7164779f449311554225daf","Blackjack X 2 - Azure","pragmaticlive","CasinoLive","https://www.coincasino.com/cdn/imported_games_images/PRAGMATIC/PRAGMATIC/3002/18e94b7d-c6b0-45c1-8a1c-6fd8b865bfbe.jpg?w=320",NULL,True,"2026-09-11 16:56:00.538+05:30","2026-09-11 16:56:00.538+05:30"
722,"4145dd9cf243e0b897d79df58fdf67e1","BlackjackX 12 - Emerald","pragmaticlive","CasinoLive","https://www.coincasino.com/cdn/imported_games_images/PRAGMATIC/PRAGMATIC/3047/e7d86b33-81de-464b-b8db-177daf935d39.jpg?w=320",NULL,True,"2026-09-11 16:56:00.538+05:30","2026-09-11 16:56:00.538+05:30"
724,"a364410030dac262dfff1979521288d8","BlackjackX 22 - Emerald","pragmaticlive","CasinoLive","https://www.coincasino.com/cdn/imported_games_images/PRAGMATIC/PRAGMATIC/3049/24d32515-11ac-4967-a962-13aa682fcaf6.jpg?w=320",NULL,True,"2026-09-11 16:56:00.538+05:30","2026-09-11 16:56:00.538+05:30"
726,"d2a22cfc9baaeec562ae159b2672174c","BlackjackX 26 - Emerald","pragmaticlive","CasinoLive","https://www.coincasino.com/cdn/imported_games_images/PRAGMATIC/PRAGMATIC/3051/4858340d-ca79-4e25-9c88-2567699b6dad.jpg?w=320",NULL,True,"2026-09-11 16:56:00.538+05:30","2026-09-11 16:56:00.538+05:30"
728,"16f45de0f1ac6aecb7bbbab2816acdd5","BlackjackX 28 - Emerald","pragmaticlive","CasinoLive","https://www.coincasino.com/cdn/imported_games_images/PRAGMATIC/PRAGMATIC/3053/ad53ee93-516b-43f5-98a4-aa1427cc8b96.jpg?w=320",NULL,True,"2026-09-11 16:56:00.538+05:30","2026-09-11 16:56:00.538+05:30"
746,"c74c90c712566b3212cd08a4c191275d","Oracle 360 Roulette","ezugi","CasinoLive","https://d3c3rwqla6qxaf.cloudfront.net/games-images/ezugi/oracle360roulette/427x575/OracleCasinoRoulette360.webp",NULL,True,"2026-09-11 16:56:00.538+05:30","2026-09-11 16:56:00.538+05:30"
748,"ce1b314dccf3756a581d117190ddd172","Russian Roulette","ezugi","CasinoLive","https://d3c3rwqla6qxaf.cloudfront.net/games-images/ezugi/russianroulette/427x575/RouletteGold3.webp",NULL,True,"2026-09-11 16:56:00.538+05:30","2026-09-11 16:56:00.538+05:30"
749,"f8bbea8c1a3b2204190d6a7e3c8d55e8","Turkish Roulette","ezugi","CasinoLive","https://d3c3rwqla6qxaf.cloudfront.net/games-images/ezugi/turkishroulette/427x575/TurkishRoulette_1732109057.webp",NULL,True,"2026-09-11 16:56:00.538+05:30","2026-09-11 16:56:00.538+05:30"
757,"d205c518208016404504e995620d2b83","Casino Marina Roulette 1","ezugi","CasinoLive","https://d3c3rwqla6qxaf.cloudfront.net/games-images/ezugi/casinomarinaroulette1/427x575/CasinoMarinaRoulette1_1732109016.webp",NULL,True,"2026-09-11 16:56:00.538+05:30","2026-09-11 16:56:00.538+05:30"
759,"26f9f76a8fc813b8abcb6b8cb03c2eab","Teen Patti 3 Card","ezugi","CasinoLive","https://huidu-bucket.s3.ap-southeast-1.amazonaws.com/api/Ezugi/Teen-Patti-3-Card.png",NULL,True,"2026-09-11 16:56:00.538+05:30","2026-09-11 16:56:00.538+05:30"
765,"66a525d29fdfb01af4335ceabfb0cad2","Fiesta Baccarat","ezugi","CasinoLive","https://huidu-bucket.s3.ap-southeast-1.amazonaws.com/api/Ezugi/Fiesta-Baccarat.png",NULL,True,"2026-09-11 16:56:00.538+05:30","2026-09-11 16:56:00.538+05:30"
769,"5b66adfdde56956cf3d4273acfad99d4","Turkish Unlimited Blackjack","ezugi","CasinoLive","https://huidu-bucket.s3.ap-southeast-1.amazonaws.com/api/Ezugi/Turkish-Unlimited-Blackjack.png",NULL,True,"2026-09-11 16:56:00.538+05:30","2026-09-11 16:56:00.538+05:30"
770,"5255de9f809be3a1515cf28095a95039","Fiesta Unlimited Blackjack","ezugi","CasinoLive","https://huidu-bucket.s3.ap-southeast-1.amazonaws.com/api/Ezugi/Fiesta-Unlimited-Blackjack.png",NULL,True,"2026-09-11 16:56:00.538+05:30","2026-09-11 16:56:00.538+05:30"
771,"e34d828be9c5dbd861dbcc414d2daad7","Spanish Unlimited Blackjack","ezugi","CasinoLive","https://huidu-bucket.s3.ap-southeast-1.amazonaws.com/api/Ezugi/Spanish-Unlimited-Blackjack.png",NULL,True,"2026-09-11 16:56:00.538+05:30","2026-09-11 16:56:00.538+05:30"
772,"7b4f503301dd3fbbb0beb71b814452c9","Turkish Blackjack 3","ezugi","CasinoLive","https://huidu-bucket.s3.ap-southeast-1.amazonaws.com/api/Ezugi/Turkish-Blackjack-3.png",NULL,True,"2026-09-11 16:56:00.538+05:30","2026-09-11 16:56:00.538+05:30"
773,"716e3dd6a3e560067425fec4951abe25","Russian Blackjack 2","ezugi","CasinoLive","https://huidu-bucket.s3.ap-southeast-1.amazonaws.com/api/Ezugi/Russian-Blackjack-2.png",NULL,True,"2026-09-11 16:56:00.538+05:30","2026-09-11 16:56:00.538+05:30"
774,"4244969212746e76beb92f71ba300114","Russian Blackjack 1","ezugi","CasinoLive","https://huidu-bucket.s3.ap-southeast-1.amazonaws.com/api/Ezugi/Russian-Blackjack-1.png",NULL,True,"2026-09-11 16:56:00.538+05:30","2026-09-11 16:56:00.538+05:30"
775,"25384176a2560a0a69c301b1c8cf83f9","Turkish Blackjack 2","ezugi","CasinoLive","https://huidu-bucket.s3.ap-southeast-1.amazonaws.com/api/Ezugi/Turkish-Blackjack-2.png",NULL,True,"2026-09-11 16:56:00.538+05:30","2026-09-11 16:56:00.538+05:30"
776,"9e8ce809e74cc1ebda5ca59a927def6b","Turkish Blackjack 1","ezugi","CasinoLive","https://huidu-bucket.s3.ap-southeast-1.amazonaws.com/api/Ezugi/Turkish-Blackjack-1.png",NULL,True,"2026-09-11 16:56:00.538+05:30","2026-09-11 16:56:00.538+05:30"
782,"d9723621d4007265d66cc115b5a953df","Surrender Blackjack","ezugi","CasinoLive","https://huidu-bucket.s3.ap-southeast-1.amazonaws.com/api/Ezugi/Surrender-Blackjack.png",NULL,True,"2026-09-11 16:56:00.538+05:30","2026-09-11 16:56:00.538+05:30"
783,"9353bede98efba162ed5b04534e9ac00","Gold Blackjack 6","ezugi","CasinoLive","https://huidu-bucket.s3.ap-southeast-1.amazonaws.com/api/Ezugi/Gold-Blackjack-6.png",NULL,True,"2026-09-11 16:56:00.538+05:30","2026-09-11 16:56:00.538+05:30"
784,"3ab6fd647eac8e687af18ce5bceadfa5","Blackjack 7","ezugi","CasinoLive","https://huidu-bucket.s3.ap-southeast-1.amazonaws.com/api/Ezugi/Blackjack-7.png",NULL,True,"2026-09-11 16:56:00.538+05:30","2026-09-11 16:56:00.538+05:30"
785,"7a45bdcb14c3e1eefb0dcf91668d88ee","Romanian Blackjack","ezugi","CasinoLive","https://huidu-bucket.s3.ap-southeast-1.amazonaws.com/api/Ezugi/Romanian-Blackjack.png",NULL,True,"2026-09-11 16:56:00.538+05:30","2026-09-11 16:56:00.538+05:30"
2301,"c38efc51028bd65f42396fa079c125d6","Playtech Lobby","lobby","Lobby",NULL,NULL,True,"2026-09-11 16:56:00.538+05:30","2026-09-11 16:56:00.538+05:30"
788,"753fd4063959abf96f927fe171632d47","Blackjack 1","ezugi","CasinoLive","https://huidu-bucket.s3.ap-southeast-1.amazonaws.com/api/Ezugi/Blackjack-1.png",NULL,True,"2026-09-11 16:56:00.538+05:30","2026-09-11 16:56:00.538+05:30"
789,"5619183cf03c3b03ebd01bbf42b37de4","VIP No Commission Speed Cricket Baccarat","ezugi","CasinoLive","https://huidu-bucket.s3.ap-southeast-1.amazonaws.com/api/Ezugi/VIP-No-Commission-Speed-Cricket-Baccarat.png",NULL,True,"2026-09-11 16:56:00.538+05:30","2026-09-11 16:56:00.538+05:30"
793,"928af567b0839c6496bbfbb5709c5014","Speed Cricket Baccarat","ezugi","CasinoLive","https://huidu-bucket.s3.ap-southeast-1.amazonaws.com/api/Ezugi/Speed-Cricket-Baccarat.png",NULL,True,"2026-09-11 16:56:00.538+05:30","2026-09-11 16:56:00.538+05:30"
794,"257b58d4471d0ea234380c10b145915f","Platinum Blackjack 1","ezugi","CasinoLive","https://huidu-bucket.s3.ap-southeast-1.amazonaws.com/api/Ezugi/Platinum-Blackjack-1.png",NULL,True,"2026-09-11 16:56:00.538+05:30","2026-09-11 16:56:00.538+05:30"
795,"a75308c716157fde9e4faf84bcf80f1f","Gold Blackjack 4","ezugi","CasinoLive","https://huidu-bucket.s3.ap-southeast-1.amazonaws.com/api/Ezugi/Gold-Blackjack-4.png",NULL,True,"2026-09-11 16:56:00.538+05:30","2026-09-11 16:56:00.538+05:30"
790,"044a24737767690ed7a0be43ed9dd137","VIP Fortune Baccarat","ezugi","CasinoLive","https://bc.imgix.net/game/image/3807c4fa-9cc9-4fa9-a522-67b24588ecfb.png?_v=4&auto=format&dpr=2&w=200",NULL,True,"2026-09-11 16:56:00.538+05:30","2026-09-11 16:56:00.538+05:30"
787,"02478a653aa641470951d0a9cae59699","Gold Blackjack 3","ezugi","CasinoLive","https://d3c3rwqla6qxaf.cloudfront.net/games-images/ezugi/blackjackgold3/427x575/Blackjack3_1739896019.webp",NULL,True,"2026-09-11 16:56:00.538+05:30","2026-09-11 16:56:00.538+05:30"
781,"48420430ede7a5d7615dae19aa4463a7","VIP Diamond Blackjack","ezugi","CasinoLive","https://d3c3rwqla6qxaf.cloudfront.net/games-images/ezugi/vipdiamondblackjack/427x575/VIPBlackjack_1739896042.webp",NULL,True,"2026-09-11 16:56:00.538+05:30","2026-09-11 16:56:00.538+05:30"
768,"58501dadbf6088c4722e72660a1f38b7","Casino Marina Baccarat 2","ezugi","CasinoLive","https://d3c3rwqla6qxaf.cloudfront.net/games-images/ezugi/casinomarinabaccaratb/427x575/CasinoMarinaBaccarat2.webp",NULL,True,"2026-09-11 16:56:00.538+05:30","2026-09-11 16:56:00.538+05:30"
767,"243c511540c8d82597245bd282c327a1","Casino Marina Baccarat 3","ezugi","CasinoLive","https://d3c3rwqla6qxaf.cloudfront.net/games-images/ezugi/casinomarinabaccaratc/427x575/CasinoMarinaBaccarat3.webp",NULL,True,"2026-09-11 16:56:00.538+05:30","2026-09-11 16:56:00.538+05:30"
766,"527db204952a306f8459b9d702dfb285","Casino Marina Baccarat 4","ezugi","CasinoLive","https://d3c3rwqla6qxaf.cloudfront.net/games-images/ezugi/casinomarinabaccaratd/427x575/CasinoMarinaBaccarat4.webp",NULL,True,"2026-09-11 16:56:00.538+05:30","2026-09-11 16:56:00.538+05:30"
796,"c9e306299b99ad529789673a6b4a8b88","Video Blackjack","ezugi","CasinoLive","https://huidu-bucket.s3.ap-southeast-1.amazonaws.com/api/Ezugi/Video-Blackjack.png",NULL,True,"2026-09-11 16:56:00.538+05:30","2026-09-11 16:56:00.538+05:30"
822,"a04d1f3eb8ccec8a4823bdf18e3f0e84","Aviator","spribe","CasinoTable","https://static-mobile.mbzp67c522.com/su27se/images/games/spribe/Aviator_aviator_en.webp",NULL,True,"2026-09-11 16:56:00.538+05:30","2026-09-11 16:56:00.538+05:30"
803,"91a2daa3d4b8065ffb75818568907ff8","Portomaso Roulette 2","ezugi","CasinoLive","https://huidu-bucket.s3.ap-southeast-1.amazonaws.com/api/Ezugi/Portomaso-Roulette-2.png",NULL,True,"2026-09-11 16:56:00.538+05:30","2026-09-11 16:56:00.538+05:30"
806,"01556a46c5163d5570739dd7cddfcf68","One Day Teen Patti","ezugi","CasinoLive","https://huidu-bucket.s3.ap-southeast-1.amazonaws.com/api/Ezugi/One-Day-Teen-Patti.png",NULL,True,"2026-09-11 16:56:00.538+05:30","2026-09-11 16:56:00.538+05:30"
807,"958d30b26401872450a74a2d710adef6","No Commission Baccarat","ezugi","CasinoLive","https://huidu-bucket.s3.ap-southeast-1.amazonaws.com/api/Ezugi/No-Commission-Baccarat.png",NULL,True,"2026-09-11 16:56:00.538+05:30","2026-09-11 16:56:00.538+05:30"
830,"6ab7a4fe5161936012d6b06143918223","Plinko","spribe","CasinoTable","https://static-mobile.mbzp67c522.com/su27se/images/games/spribe/Plinko_plinko_en.webp",NULL,True,"2026-09-11 16:56:00.538+05:30","2026-09-11 16:56:00.538+05:30"
815,"531bac2b5726f8d9249eb5b0d432cb97","Bet On Numbers HD","ezugi","CasinoLive","https://huidu-bucket.s3.ap-southeast-1.amazonaws.com/api/Ezugi/Bet-On-Numbers-HD.png",NULL,True,"2026-09-11 16:56:00.538+05:30","2026-09-11 16:56:00.538+05:30"
819,"9b8fae325d15021b79f4fc650d5b8df5","Auto Roulette","ezugi","CasinoLive","https://huidu-bucket.s3.ap-southeast-1.amazonaws.com/api/Ezugi/Auto-Roulette.png",NULL,True,"2026-09-11 16:56:00.538+05:30","2026-09-11 16:56:00.538+05:30"
821,"69e690d4f810d033fb4bb8ac7f3cc12f","32 Cards","ezugi","CasinoLive","https://huidu-bucket.s3.ap-southeast-1.amazonaws.com/api/Ezugi/32-Cards.png",NULL,True,"2026-09-11 16:56:00.538+05:30","2026-09-11 16:56:00.538+05:30"
833,"af80e738b20ab5bbbd1853ffe96075ad","Thai Hi Lo 2","km","Table Game","https://huidu-bucket.s3.ap-southeast-1.amazonaws.com/api/km/Game_KMQM_Thai_Hi_Lo_2_520x520.jpg",NULL,True,"2026-09-11 16:56:00.538+05:30","2026-09-11 16:56:00.538+05:30"
834,"1ae48ed5f6aba0545ed3728c93c1f174","Fish Prawn Crab 2","km","Table Game","https://huidu-bucket.s3.ap-southeast-1.amazonaws.com/api/km/Game_KMQM_Fish_Prawn_Crab_2_520x520.jpg",NULL,True,"2026-09-11 16:56:00.538+05:30","2026-09-11 16:56:00.538+05:30"
835,"d4061cb88a97d3881e3fd7e0b7e25678","Belangkai 2","km","Table Game","https://huidu-bucket.s3.ap-southeast-1.amazonaws.com/api/km/Game_KMQM_Belangkai_2_520x520.jpg",NULL,True,"2026-09-11 16:56:00.538+05:30","2026-09-11 16:56:00.538+05:30"
823,"8a87aae7a3624d284306e9c6fe1b3e9c","Dice","spribe","CasinoTable","https://static-mobile.mbzp67c522.com/su27se/images/games/spribe/Dice_dice_en.webp",NULL,True,"2026-09-11 16:56:00.538+05:30","2026-09-11 16:56:00.538+05:30"
829,"9dc7ac6155c5a19c1cc204853e426367","Mini Roulette","spribe","CasinoTable","https://static-mobile.mbzp67c522.com/su27se/images/games/spribe/Mini_Roulette_mini-roulette_en.webp",NULL,True,"2026-09-11 16:56:00.538+05:30","2026-09-11 16:56:00.538+05:30"
824,"c68a515f0b3b10eec96cf6d33299f4e2","Goal","spribe","CasinoTable","https://static-mobile.mbzp67c522.com/su27se/images/games/spribe/Goal_goal_en.webp",NULL,True,"2026-09-11 16:56:00.538+05:30","2026-09-11 16:56:00.538+05:30"
2302,"067a093c1258d306d8d4659713c30985","AstarGaming","lobby","Lobby",NULL,NULL,True,"2026-09-11 16:56:00.538+05:30","2026-09-11 16:56:00.538+05:30"
827,"c311eb4bbba03b105d150504931f2479","Keno","spribe","CasinoTable","https://static-mobile.mbzp67c522.com/su27se/images/games/spribe/Keno_keno_en.webp",NULL,True,"2026-09-11 16:56:00.538+05:30","2026-09-11 16:56:00.538+05:30"
825,"a669c993b0e1f1b7da100fcf95516bdf","Hi Lo","spribe","CasinoTable","https://static-mobile.mbzp67c522.com/su27se/images/games/spribe/Hi_Lo_hi-lo_en.webp",NULL,True,"2026-09-11 16:56:00.538+05:30","2026-09-11 16:56:00.538+05:30"
2336,"206b98759b35412a1ecf0cc0fa42b29a","3 Kings Scratch","bgaming","Scratch cards","https://bc.imgix.net/game/image/16143_3 Kings Scratch.png?_v=4&auto=format&dpr=1.25&w=200",NULL,True,"2026-09-11 16:56:00.538+05:30","2026-09-11 16:56:00.538+05:30"
2162,"b2835b409034555d2087d5cd62bdf470","Scudamore's Super Stakes","netent","Slot Game","",NULL,True,"2026-09-11 16:56:00.538+05:30","2026-09-11 16:56:00.538+05:30"
1824,"10fee9f5748de177912248880e1a9664","Double Rainbow","hacksaw","Slot","https://www.coincasino.com/cdn/cae2d945-2e36-4761-a369-f3bd6b93c34e.jpg?w=640",NULL,True,"2026-09-11 16:56:00.538+05:30","2026-09-11 16:56:00.538+05:30"
813,"b307868469ec2b2e612045335086ff33","Gold Blackjack 5","ezugi","CasinoLive","https://d3c3rwqla6qxaf.cloudfront.net/games-images/ezugi/blackjackgold5/427x575/BlackjackGold5_1739896021.webp",NULL,True,"2026-09-11 16:56:00.538+05:30","2026-09-11 16:56:00.538+05:30"
816,"f1fa68fce40959ce6ad5f367739f9e27","Super 6 Baccarat","ezugi","CasinoLive","https://d3c3rwqla6qxaf.cloudfront.net/games-images/ezugi/super6baccarat/427x575/GoldenBaccaratSuperSix.webp",NULL,True,"2026-09-11 16:56:00.538+05:30","2026-09-11 16:56:00.538+05:30"
805,"5058f0aa42547208b1307fcbf21dcf9a","Casino Marina Andar Bahar","ezugi","CasinoLive","https://d3c3rwqla6qxaf.cloudfront.net/games-images/ezugi/casinomarinaandarbahar/427x575/OTTAndarBahar.webp",NULL,True,"2026-09-11 16:56:00.538+05:30","2026-09-11 16:56:00.538+05:30"
804,"2227c0b7445885e9f6a852eaf2fe74b6","Casino Marina Baccarat 1","ezugi","CasinoLive","https://d3c3rwqla6qxaf.cloudfront.net/games-images/ezugi/casinomarinabaccarata/427x575/CasinoMarinaBaccarat1.webp",NULL,True,"2026-09-11 16:56:00.538+05:30","2026-09-11 16:56:00.538+05:30"
817,"b12517092523e6d4b0c991a181c7d813","Knockout Baccarat","ezugi","CasinoLive","https://d3c3rwqla6qxaf.cloudfront.net/games-images/ezugi/knockoutbaccarat/427x575/GoldenBaccaratKnockOut.webp",NULL,True,"2026-09-11 16:56:00.538+05:30","2026-09-11 16:56:00.538+05:30"
836,"9666e0bd2e98bd698197745057a97d35","Dragon Tiger 2","km","Table Game","https://huidu-bucket.s3.ap-southeast-1.amazonaws.com/api/km/Game_KMQM_Dragon_Tiger_2_520x520.jpg",NULL,True,"2026-09-11 16:56:00.538+05:30","2026-09-11 16:56:00.538+05:30"
837,"caab40ad9d857da5b745c560514163fe","Vietnam Fish Prawn Crab","km","Table Game","https://huidu-bucket.s3.ap-southeast-1.amazonaws.com/api/km/Game_KMQM_Viet_Fish_Prawn_Crab_343x200.jpg",NULL,True,"2026-09-11 16:56:00.538+05:30","2026-09-11 16:56:00.538+05:30"
838,"2bf78abcf45ae1adc09839a5f091ac8d","Sic Bo","km","Table Game","https://huidu-bucket.s3.ap-southeast-1.amazonaws.com/api/km/Game_KMQM_Sicbo_343x200.jpg",NULL,True,"2026-09-11 16:56:00.538+05:30","2026-09-11 16:56:00.538+05:30"
839,"ffd0d962ce50b722c52ee934a7f8f9b6","Tai Xiu","km","Table Game","https://huidu-bucket.s3.ap-southeast-1.amazonaws.com/api/km/Game_KMQM_Tai_Xiu_520x520.jpg",NULL,True,"2026-09-11 16:56:00.538+05:30","2026-09-11 16:56:00.538+05:30"
840,"5448f6f8570b1c72d4a145a0c807283c","Max Keno","km","Table Game","https://huidu-bucket.s3.ap-southeast-1.amazonaws.com/api/km/Game_KMQM_Max_Keno_520x520.jpg",NULL,True,"2026-09-11 16:56:00.538+05:30","2026-09-11 16:56:00.538+05:30"
841,"5d09c8b5577e1d0973445b5cdfa24e15","Poker Roulette","km","Table Game","https://huidu-bucket.s3.ap-southeast-1.amazonaws.com/api/km/Game_KMQM_Poker_Roulette_520x520.jpg",NULL,True,"2026-09-11 16:56:00.538+05:30","2026-09-11 16:56:00.538+05:30"
842,"cf777bd1b940462879d36b21ce86fed2","Thai Fish Prawn Crab","km","Table Game","https://huidu-bucket.s3.ap-southeast-1.amazonaws.com/api/km/Game_KMQM_Thai_Fish_Prawn_Crab_520x520.jpg",NULL,True,"2026-09-11 16:56:00.538+05:30","2026-09-11 16:56:00.538+05:30"
843,"063c2694f720273ca0980c84dd942e48","Xoc Dia Lightning","km","Table Game","https://huidu-bucket.s3.ap-southeast-1.amazonaws.com/api/km/Game_KMQM_Xoc_Dia_Lightning_520x520.jpg",NULL,True,"2026-09-11 16:56:00.538+05:30","2026-09-11 16:56:00.538+05:30"
844,"074abd779fc58d64ee83e02961f583b2","Fan Tan Classic","km","Table Game","https://huidu-bucket.s3.ap-southeast-1.amazonaws.com/api/km/Game_KMQM_Fan_Tan_Classic_520x520.jpg",NULL,True,"2026-09-11 16:56:00.538+05:30","2026-09-11 16:56:00.538+05:30"
845,"415fa0afe4fc7246865b81621909e02c","Triple Chance","km","Table Game","https://huidu-bucket.s3.ap-southeast-1.amazonaws.com/api/km/Game_KMQM_Triple_Chance_520x520.jpg",NULL,True,"2026-09-11 16:56:00.538+05:30","2026-09-11 16:56:00.538+05:30"
846,"8c8d2ca4c0a0a1ba71a683a6e4b3b544","Fruit Roulette","km","Table Game","https://huidu-bucket.s3.ap-southeast-1.amazonaws.com/api/km/Game_KMQM_Fruit_Roulette_520x520.jpg",NULL,True,"2026-09-11 16:56:00.538+05:30","2026-09-11 16:56:00.538+05:30"
847,"05287b37ac9a03c241b3ebbe8eb29f9d","Bai Cao","km","Table Game","https://huidu-bucket.s3.ap-southeast-1.amazonaws.com/api/km/Game_KMQM_Bai_Cao_520x520.jpg",NULL,True,"2026-09-11 16:56:00.538+05:30","2026-09-11 16:56:00.538+05:30"
848,"6c664f00be8eac1acb3b8bdd0637c6bf","Bai Buu","km","Table Game","https://huidu-bucket.s3.ap-southeast-1.amazonaws.com/api/km/Game_KMQM_Bai_Buu_520x520.jpg",NULL,True,"2026-09-11 16:56:00.538+05:30","2026-09-11 16:56:00.538+05:30"
849,"6d3a70a2a87674728281f1de1567f515","European Roulette","km","Table Game","https://huidu-bucket.s3.ap-southeast-1.amazonaws.com/api/km/Game_KMQM_European_Roulette_520x520.jpg",NULL,True,"2026-09-11 16:56:00.538+05:30","2026-09-11 16:56:00.538+05:30"
850,"46c76ce334ea86e0e58c51e0c2e9f79c","7 Up 7 Down","km","Table Game","https://huidu-bucket.s3.ap-southeast-1.amazonaws.com/api/km/Game_KMQM_7_Up_7_Down_520x520.jpg",NULL,True,"2026-09-11 16:56:00.538+05:30","2026-09-11 16:56:00.538+05:30"
851,"a497864756b35194d2ca3b5a25080d7e","Gao Gae","km","Table Game","https://huidu-bucket.s3.ap-southeast-1.amazonaws.com/api/km/Game_KMQM_Gao_Gae_520x520.jpg",NULL,True,"2026-09-11 16:56:00.538+05:30","2026-09-11 16:56:00.538+05:30"
852,"bd68581a1cde164a9abbafcb9cf6e8d2","Jhandi Munda","km","Table Game","https://huidu-bucket.s3.ap-southeast-1.amazonaws.com/api/km/Game_KMQM_Jhandi_Munda_520x520.jpg",NULL,True,"2026-09-11 16:56:00.538+05:30","2026-09-11 16:56:00.538+05:30"
853,"0c40981b9adbb2a0465d0db8422047b9","Andar Bahar","km","Table Game","https://huidu-bucket.s3.ap-southeast-1.amazonaws.com/api/km/Game_KMQM_Andar_Bahar_520x520.jpg",NULL,True,"2026-09-11 16:56:00.538+05:30","2026-09-11 16:56:00.538+05:30"
854,"361a64df033c1b5276f9b48f60ae783a","Baccarat","km","Table Game","https://huidu-bucket.s3.ap-southeast-1.amazonaws.com/api/km/Game_KMQM_Baccarat_520x520.jpg",NULL,True,"2026-09-11 16:56:00.538+05:30","2026-09-11 16:56:00.538+05:30"
855,"9d2530ca73c367bb4ed2e825b4de09fe","Kingmaker Pok Deng","km","Table Game","https://huidu-bucket.s3.ap-southeast-1.amazonaws.com/api/km/Game_KMQM_Kingmaker_Pok_Deng_520x520.jpg",NULL,True,"2026-09-11 16:56:00.538+05:30","2026-09-11 16:56:00.538+05:30"
856,"d67f4820f03d4485f722e5e643f3d03e","Bola Golek","km","Table Game","https://huidu-bucket.s3.ap-southeast-1.amazonaws.com/api/km/Game_KMQM_Bola_Golek_520x520.jpg",NULL,True,"2026-09-11 16:56:00.538+05:30","2026-09-11 16:56:00.538+05:30"
857,"c8ad9badca7ec3e346c74650ba2a7fe0","Pai Kang","km","Table Game","https://huidu-bucket.s3.ap-southeast-1.amazonaws.com/api/km/Game_KMQM_Pai_Kang_520x520.jpg",NULL,True,"2026-09-11 16:56:00.538+05:30","2026-09-11 16:56:00.538+05:30"
858,"5b7094e4824cfe906fcbccc2304f4546","Coin Toss","km","Table Game","https://huidu-bucket.s3.ap-southeast-1.amazonaws.com/api/km/Game_KMQM_Coin_Toss_520x520.jpg",NULL,True,"2026-09-11 16:56:00.538+05:30","2026-09-11 16:56:00.538+05:30"
859,"5fcc433e839022acfb92d892148b68f0","Cards Hi Lo","km","Table Game","https://huidu-bucket.s3.ap-southeast-1.amazonaws.com/api/km/Game_KMQM_Cards_Hi_Lo_520x520.jpg",NULL,True,"2026-09-11 16:56:00.538+05:30","2026-09-11 16:56:00.538+05:30"
860,"4605668e8b04418b3c6358b3eb9b1b80","Blackjack","km","Table Game","https://huidu-bucket.s3.ap-southeast-1.amazonaws.com/api/km/Game_KMQM_Blackjack_520x520.jpg",NULL,True,"2026-09-11 16:56:00.538+05:30","2026-09-11 16:56:00.538+05:30"
861,"6c2f4006dcbeb63366db32ad79ac14db","32 Cards","km","Table Game","https://huidu-bucket.s3.ap-southeast-1.amazonaws.com/api/km/Game_KMQM_32_Cards_520x520.jpg",NULL,True,"2026-09-11 16:56:00.538+05:30","2026-09-11 16:56:00.538+05:30"
862,"36cd1267309c3a64e9f49527121ad74a","Plinko","km","Table Game","https://huidu-bucket.s3.ap-southeast-1.amazonaws.com/api/km/Game_KMQM_Plinko_520x520.jpg",NULL,True,"2026-09-11 16:56:00.538+05:30","2026-09-11 16:56:00.538+05:30"
863,"bba0285a3db296439b2fb33a1eb3b288","Cash Rocket","km","Table Game","https://huidu-bucket.s3.ap-southeast-1.amazonaws.com/api/km/Game_KMQM_Cash_Rocket_520x520.jpg",NULL,True,"2026-09-11 16:56:00.538+05:30","2026-09-11 16:56:00.538+05:30"
864,"3239c0725fa13cdc7ee3107090698131","Bonus Dice","km","Table Game","https://huidu-bucket.s3.ap-southeast-1.amazonaws.com/api/km/Game_KMQM_Bonus_Dice_520x520.jpg",NULL,True,"2026-09-11 16:56:00.538+05:30","2026-09-11 16:56:00.538+05:30"
865,"b8edd5c876a51eb58c7632aeb00c2fb3","Minesweeper","km","Table Game","https://huidu-bucket.s3.ap-southeast-1.amazonaws.com/api/km/Game_KMQM_Minesweeper_520x520.jpg",NULL,True,"2026-09-11 16:56:00.538+05:30","2026-09-11 16:56:00.538+05:30"
866,"be70ccbc663c14ca26809b97be823b70","Dota Hi-Lo","km","Table Game","https://huidu-bucket.s3.ap-southeast-1.amazonaws.com/api/km/Game_KMQM_Dota_Hi-Lo_520x520.jpg",NULL,True,"2026-09-11 16:56:00.538+05:30","2026-09-11 16:56:00.538+05:30"
867,"13d3c2c82abf3905375bd17ba14d6800","Teen Patti","km","Table Game","https://huidu-bucket.s3.ap-southeast-1.amazonaws.com/api/km/Game_KMQM_Teen_Patti_520x520.jpg",NULL,True,"2026-09-11 16:56:00.538+05:30","2026-09-11 16:56:00.538+05:30"
868,"745b0ceb0d50eb9056d41ad7b508ce03","Monkey King Roulette","km","Table Game","https://huidu-bucket.s3.ap-southeast-1.amazonaws.com/api/km/Game_KMQM_Monkey_King_Roulette_520x520.jpg",NULL,True,"2026-09-11 16:56:00.538+05:30","2026-09-11 16:56:00.538+05:30"
1059,"0e7af06b6ab7fb5dfee3631d2d7ba7a6","Super 7s","pragmatic","Slot Game","https://huidu-bucket.s3.ap-southeast-1.amazonaws.com/api/pp/Super-7s.png",NULL,True,"2026-09-11 16:56:00.567+05:30","2026-09-11 16:56:00.567+05:30"
869,"f567f8a94e8cb8162139b7925933cffa","Heist","km","Table Game","https://huidu-bucket.s3.ap-southeast-1.amazonaws.com/api/km/Game_KMQM_Heist_520x520.jpg",NULL,True,"2026-09-11 16:56:00.567+05:30","2026-09-11 16:56:00.567+05:30"
870,"037806a03cc4d920219fb20ebf0e4e33","5 Card Poker","km","Table Game","https://huidu-bucket.s3.ap-southeast-1.amazonaws.com/api/km/Game_KMQM_5_Card_Poker_520x520.jpg",NULL,True,"2026-09-11 16:56:00.567+05:30","2026-09-11 16:56:00.567+05:30"
871,"883580d090b1790a06fcfe8ea255272a","KM Virtual Horse Racing","km","Table Game","https://huidu-bucket.s3.ap-southeast-1.amazonaws.com/api/km/Game_KMQM_KM_Virtual_Horse_Racing_520x520.jpg",NULL,True,"2026-09-11 16:56:00.567+05:30","2026-09-11 16:56:00.567+05:30"
872,"0d4f0e572ca817d40586e61c63b9b91e","Bola Tangkas","km","Table Game","https://huidu-bucket.s3.ap-southeast-1.amazonaws.com/api/km/Game_KMQM_Bola_Tangkas_520x520.jpg",NULL,True,"2026-09-11 16:56:00.567+05:30","2026-09-11 16:56:00.567+05:30"
873,"e98005ebb98642edb5704eba30493992","Bingo Roll","km","Table Game","https://huidu-bucket.s3.ap-southeast-1.amazonaws.com/api/km/Game_KMQM_KM_Power_Ball_343x200.jpg",NULL,True,"2026-09-11 16:56:00.567+05:30","2026-09-11 16:56:00.567+05:30"
874,"7247ea0c87f40313cc9f65171ba18051","Color Game","km","Table Game","https://huidu-bucket.s3.ap-southeast-1.amazonaws.com/api/km/Game_KMQM_Color_Game_520x520.jpg",NULL,True,"2026-09-11 16:56:00.567+05:30","2026-09-11 16:56:00.567+05:30"
875,"0712f896ec76df7c9fe70e4998bcfd10","KM Marble Knockout","km","Table Game","https://huidu-bucket.s3.ap-southeast-1.amazonaws.com/api/km/Game_KMQM_KM_Marble_Knockout_520x520.jpg",NULL,True,"2026-09-11 16:56:00.567+05:30","2026-09-11 16:56:00.567+05:30"
876,"c6e9a9643ed0798a0c02175919a8b6d9","KM Virtual Hound Racing","km","Table Game","https://huidu-bucket.s3.ap-southeast-1.amazonaws.com/api/km/Game_KMQM_KM_Virtual_Hound_Racing_520x520.jpg",NULL,True,"2026-09-11 16:56:00.567+05:30","2026-09-11 16:56:00.567+05:30"
877,"bba9dd2aaf3c5585f94c1a3aa032b428","Sugar Blast","km","Slot Game","https://huidu-bucket.s3.ap-southeast-1.amazonaws.com/api/km/Game_KMQM_Sugar_Blast_520x520.jpg",NULL,True,"2026-09-11 16:56:00.567+05:30","2026-09-11 16:56:00.567+05:30"
878,"39c88675e2c6c7e267bafcd9bce0779c","KM Virtual Treadmill Racing","km","Table Game","https://huidu-bucket.s3.ap-southeast-1.amazonaws.com/api/km/Game_KMQM_KM_Virtual_Treadmill_Racing_343x200.jpg",NULL,True,"2026-09-11 16:56:00.567+05:30","2026-09-11 16:56:00.567+05:30"
879,"da61cd767a7a24b0d9f6680be64da5fe","Elite Aviator Club","km","Table Game","https://huidu-bucket.s3.ap-southeast-1.amazonaws.com/api/km/Game_KMQM_Elite_Aviator_Club_343x200.jpg",NULL,True,"2026-09-11 16:56:00.567+05:30","2026-09-11 16:56:00.567+05:30"
880,"0d6f02d51649a97ffc78d11a698efb19","Interstellar Run","km","Table Game","https://huidu-bucket.s3.ap-southeast-1.amazonaws.com/api/km/Game_KMQM_Interstellar_Run_343x200.jpg",NULL,True,"2026-09-11 16:56:00.567+05:30","2026-09-11 16:56:00.567+05:30"
881,"4f59e06315aa36ce95a060dbe1c486d5","Olympus Glory","km","Table Game","https://huidu-bucket.s3.ap-southeast-1.amazonaws.com/api/km/Game_KMQM_Olympus_Glory_343x200.jpg",NULL,True,"2026-09-11 16:56:00.567+05:30","2026-09-11 16:56:00.567+05:30"
882,"2856cb084c96cdefa20812a34f93fcbb","Rooster Blitz","km","Slot Game","https://huidu-bucket.s3.ap-southeast-1.amazonaws.com/api/km/Game_KMQM_Rooster_Blitz_343x200.jpg",NULL,True,"2026-09-11 16:56:00.567+05:30","2026-09-11 16:56:00.567+05:30"
883,"fda5a5f245270124efecc372b267d94c","Cleopatra's Treasure","km","Slot Game","https://huidu-bucket.s3.ap-southeast-1.amazonaws.com/api/km/Game_KMQM_Cleopatras_Treasure_343x200.jpg",NULL,True,"2026-09-11 16:56:00.567+05:30","2026-09-11 16:56:00.567+05:30"
884,"02fc705d26cd5055ae607fa507d9568a","Sugar Blast Frenzy","km","Slot Game","https://huidu-bucket.s3.ap-southeast-1.amazonaws.com/api/km/Game_KMQM_Sugar_Blast_Frenzy_343x200.jpg",NULL,True,"2026-09-11 16:56:00.567+05:30","2026-09-11 16:56:00.567+05:30"
885,"b26d47b998eaa040e84de5cc502865a7","Gems of Valhalla","km","Slot Game","https://huidu-bucket.s3.ap-southeast-1.amazonaws.com/api/km/Game_KMQM_Gems_of_Valhalla_343x200.jpg",NULL,True,"2026-09-11 16:56:00.567+05:30","2026-09-11 16:56:00.567+05:30"
886,"d26dcdfc230ed5ce7964bbc7a3d4ede9","Coin Pusher","km","Slot Game","https://huidu-bucket.s3.ap-southeast-1.amazonaws.com/api/km/Game_KMQM_Coin_Pusher_343x200.jpg",NULL,True,"2026-09-11 16:56:00.567+05:30","2026-09-11 16:56:00.567+05:30"
887,"0d39a5c1572136696aa8873177ee5111","Cockfighting Arena","km","Table Game","https://huidu-bucket.s3.ap-southeast-1.amazonaws.com/api/km/Game_KMQM_Cockfighting_Arena_343x200.jpg",NULL,True,"2026-09-11 16:56:00.567+05:30","2026-09-11 16:56:00.567+05:30"
888,"0204db90f70ba2d185f52032b4da59b3","Pusoy","km","Table Game","https://huidu-bucket.s3.ap-southeast-1.amazonaws.com/api/km/Game_KMQM_Pusoy_343x200.jpg",NULL,True,"2026-09-11 16:56:00.567+05:30","2026-09-11 16:56:00.567+05:30"
889,"5ae70211e31a24c109d40beee0aae268","Tongits","km","Table Game","https://huidu-bucket.s3.ap-southeast-1.amazonaws.com/api/km/Game_KMQM_Tongits_343x200.jpg",NULL,True,"2026-09-11 16:56:00.567+05:30","2026-09-11 16:56:00.567+05:30"
890,"c73528057ae80375a1e0c9519e412a49","KM Virtual Animal Race","km","Table Game","https://huidu-bucket.s3.ap-southeast-1.amazonaws.com/api/km/Game_KMQM_KM_Virtual_Animal_Race_343x200.jpg",NULL,True,"2026-09-11 16:56:00.567+05:30","2026-09-11 16:56:00.567+05:30"
891,"3e4dfa6942c6b7145367dbfd0d96ea47","Ludo","km","Table Game","https://huidu-bucket.s3.ap-southeast-1.amazonaws.com/api/km/Game_KMQM_KM_Virtual_Animal_Race_343x200.jpg",NULL,True,"2026-09-11 16:56:00.567+05:30","2026-09-11 16:56:00.567+05:30"
2303,"a1a01855da3f29d09a848e705ad76ea1","Pragamatic Lobby","lobby","Lobby",NULL,NULL,True,"2026-09-11 16:56:00.567+05:30","2026-09-11 16:56:00.567+05:30"
2380,"bd04425acaf41195a31a2950e6ab006e","Easter Heist","bgaming","Video Slot","https://bc.imgix.net/game/image/1f91aa6e-12dd-48b5-a3c1-41e6cc00e99e.png?_v=4&auto=format&dpr=1.25&w=200",NULL,True,"2026-09-11 16:56:00.567+05:30","2026-09-11 16:56:00.567+05:30"
1223,"0b1526cfd8a26ed0fc3b88d934fa1af4","Mining Pots of Gold","microgaming","Slots","https://bc.imgix.net/game/image/15560_Mining%20Pots%20of%20Gold.png?_v=4&auto=format&dpr=1.25&w=200",NULL,True,"2026-09-11 16:56:00.567+05:30","2026-09-11 16:56:00.567+05:30"
1825,"b8e6a7f29b44f77b8229bf52b6fcecc3","Warrior Ways","hacksaw","Slot","https://www.coincasino.com/cdn/75fd4390-b3a0-45a5-b00b-49255766e6fc.jpg?w=640",NULL,True,"2026-09-11 16:56:00.567+05:30","2026-09-11 16:56:00.567+05:30"
894,"950764651894d3ec34431c4423f23ebb","Big Bass Halloween","pragmatic","Slot Game","https://www.coincasino.com/cdn/imported_games_images/PRAGMATIC/PRAGMATIC/vs10bhallbnza/85dc52c8-9746-4e47-ad7e-3c8659d59f9a.jpg?w=320",NULL,True,"2026-09-11 16:56:00.567+05:30","2026-09-11 16:56:00.567+05:30"
897,"e56351f07bf54902c0dd24eb398ad008","Sweet Powernudge","pragmatic","Slot Game","https://www.coincasino.com/cdn/imported_games_images/PRAGMATIC/PRAGMATIC/vs20clspwrndg/b288fcfc-6144-448f-88ce-a18af888d207.jpg?w=320",NULL,True,"2026-09-11 16:56:00.567+05:30","2026-09-11 16:56:00.567+05:30"
910,"98f093dcaa2b0fa713d35f4594e9451e","Bigger Bass Blizzard - Christmas Catch","pragmatic","Slot Game","https://www.coincasino.com/cdn/imported_games_images/PRAGMATIC/PRAGMATIC/vs12bbbxmas/a4c83905-14b8-45eb-a8b2-b678cef4f394.jpg?w=640",NULL,True,"2026-09-11 16:56:00.567+05:30","2026-09-11 16:56:00.567+05:30"
901,"afec8fc55162675f8812b17accaffc92","Shield of Sparta","pragmatic","Slot Game","https://www.coincasino.com/cdn/imported_games_images/PRAGMATIC/PRAGMATIC/vs20sparta/3d39e526-1b80-4304-abbb-8949c6baffa2.jpg?w=320",NULL,True,"2026-09-11 16:56:00.567+05:30","2026-09-11 16:56:00.567+05:30"
902,"7473e246b5a2fdedc5a40487540c19f9","Pirate Golden Age","pragmatic","Slot Game","https://www.coincasino.com/cdn/imported_games_images/PRAGMATIC/PRAGMATIC/vs20mtreasure/2915583b-6029-4544-9cae-4d86f09c3c38.jpg?w=320",NULL,True,"2026-09-11 16:56:00.567+05:30","2026-09-11 16:56:00.567+05:30"
903,"c338b56623046b9cb3fd5f70b8eee923","Gems of Serengeti","pragmatic","Slot Game","https://www.coincasino.com/cdn/imported_games_images/PRAGMATIC/PRAGMATIC/vs20lcount/959bef67-ee91-40d1-8b29-d59cd93e0dd1.jpg?w=320",NULL,True,"2026-09-11 16:56:00.567+05:30","2026-09-11 16:56:00.567+05:30"
2231,"64bf9baf81c43c647267aa693a84f0b1","Ghost Pirates","netent","Slot Game","",NULL,True,"2026-09-11 16:56:00.835+05:30","2026-09-11 16:56:00.835+05:30"
905,"5dc2b639da63de5072fb09681fb28dc9","Towering Fortunes","pragmatic","Slot Game","https://www.coincasino.com/cdn/imported_games_images/PRAGMATIC/PRAGMATIC/vs20theights/8a3a74f0-fe15-470c-af9b-0fe171181833.jpg?w=320",NULL,True,"2026-09-11 16:56:00.567+05:30","2026-09-11 16:56:00.567+05:30"
906,"3140a7726214521c34804325fe35f7a1","Starlight Christmas","pragmatic","Slot Game","https://www.coincasino.com/cdn/imported_games_images/PRAGMATIC/PRAGMATIC/vs20schristmas/e2079638-d5a9-434a-aee9-0d40763b7a5d.jpg?w=320",NULL,True,"2026-09-11 16:56:00.567+05:30","2026-09-11 16:56:00.567+05:30"
907,"115e96e8d19b357dfa846d552ddb3c4e","Release the Kraken 2","pragmatic","Slot Game","https://www.coincasino.com/cdn/imported_games_images/PRAGMATIC/PRAGMATIC/vs20kraken2/8cba231c-566d-4903-a81e-dae8e52be95d.jpg?w=320",NULL,True,"2026-09-11 16:56:00.567+05:30","2026-09-11 16:56:00.567+05:30"
2304,"384b3a3daaea2fa88474b0ada8ad1ef2","Catdiana","bgaming","Video Slot","",NULL,True,"2026-09-11 16:56:00.567+05:30","2026-09-11 16:56:00.567+05:30"
2305,"46ffd224ee8960ceb02d5d7cb6c3ec88","Dice Clash","bgaming","Dice","",NULL,True,"2026-09-11 16:56:00.567+05:30","2026-09-11 16:56:00.567+05:30"
949,"10b2e9cc6503ce91881cd78772e08a53","Drill that Gold","pragmatic","Slot Game","https://huidu-bucket.s3.ap-southeast-1.amazonaws.com/api/pp/Drill-that-Gold.png",NULL,True,"2026-09-11 16:56:00.567+05:30","2026-09-11 16:56:00.567+05:30"
912,"48ac2e881e15291c39a8304f9aeb6e8c","Sword of Ares","pragmatic","Slot Game","https://www.coincasino.com/cdn/imported_games_images/PRAGMATIC/PRAGMATIC/vs20swordofares/05af8e70-6625-49a7-a5ce-85dc7e4c1df3.jpg?w=320",NULL,True,"2026-09-11 16:56:00.567+05:30","2026-09-11 16:56:00.567+05:30"
913,"5ffaacab7e6808fd3b84e8d054c51c7c","Wild Hop & Drop","pragmatic","Slot Game","https://www.coincasino.com/cdn/imported_games_images/PRAGMATIC/PRAGMATIC/vs20mparty/15b091a8-6082-40a5-9a28-d0e7a3b6148a.jpg?w=320",NULL,True,"2026-09-11 16:56:00.567+05:30","2026-09-11 16:56:00.567+05:30"
2139,"bc6127c9afd149fa02ce3e3dd1610053","Asgardian Stones","netent","Slot Game","",NULL,True,"2026-09-11 16:56:00.567+05:30","2026-09-11 16:56:00.567+05:30"
928,"eb80337eaf68ca4dc74dbc78242056d1","Fire Hot 5","pragmatic","Slot Game","https://www.coincasino.com/cdn/imported_games_images/PRAGMATIC/PRAGMATIC/vs5firehot/2685eea9-4c36-46d1-a73a-7e1fbe38ccd6.jpg?w=320",NULL,True,"2026-09-11 16:56:00.567+05:30","2026-09-11 16:56:00.567+05:30"
925,"cd2e009dc209f21934d8b32c26df7b9c","Fire Hot 100","pragmatic","Slot Game","https://www.coincasino.com/cdn/imported_games_images/PRAGMATIC/PRAGMATIC/vs100firehot/45c83b0b-5fb2-497f-bcda-5efde1b4bc26.jpg?w=320",NULL,True,"2026-09-11 16:56:00.567+05:30","2026-09-11 16:56:00.567+05:30"
947,"f4aa37276d97543e2b7707940c88ec2d","Fire Strike 2","pragmatic","Slot Game","https://www.coincasino.com/cdn/imported_games_images/PRAGMATIC/PRAGMATIC/vs10firestrike2/5e9b1e91-76df-4809-bb34-b3766a3bd461.jpg?w=320",NULL,True,"2026-09-11 16:56:00.567+05:30","2026-09-11 16:56:00.567+05:30"
926,"961f052a9dbd7cef955eea61235d1c2e","Fire Hot 40","pragmatic","Slot Game","https://www.coincasino.com/cdn/imported_games_images/PRAGMATIC/PRAGMATIC/vs40firehot/5e349f27-b0a6-4520-855f-9e0a7602384a.jpg?w=320",NULL,True,"2026-09-11 16:56:00.567+05:30","2026-09-11 16:56:00.567+05:30"
946,"5ab0adaae59c7d17204e03e6d16ae9a9","Eye of Cleopatra","pragmatic","Slot Game","https://www.coincasino.com/cdn/imported_games_images/PRAGMATIC/PRAGMATIC/vs40cleoeye/b9ff839b-8ba1-476d-8939-b6203429fe20.jpg?w=320",NULL,True,"2026-09-11 16:56:00.567+05:30","2026-09-11 16:56:00.567+05:30"
916,"4824f69228c301b1336d6bd7b133bc4e","Striking Hot 5","pragmatic","Slot Game","https://www.coincasino.com/cdn/imported_games_images/PRAGMATIC/PRAGMATIC/vs5strh/99c13fc6-5e74-4553-9c90-5610e74bfcbf.jpg?w=320",NULL,True,"2026-09-11 16:56:00.567+05:30","2026-09-11 16:56:00.567+05:30"
911,"bf03791befae5af547d91bbe8c544010","Spin & Score Megaways","pragmatic","Slot Game","https://www.coincasino.com/cdn/imported_games_images/PRAGMATIC/PRAGMATIC/vswaysfrywld/41f37222-3e84-49bd-ba1d-c978806869ef.jpg?w=320",NULL,True,"2026-09-11 16:56:00.567+05:30","2026-09-11 16:56:00.567+05:30"
917,"867879954da25a3b1f685bb23fd313be","Muertos Multiplier Megaways","pragmatic","Slot Game","https://www.coincasino.com/cdn/imported_games_images/PRAGMATIC/PRAGMATIC/vs20muertos/edc3bd62-b26d-45e6-840d-f4b5f70ac442.jpg?w=320",NULL,True,"2026-09-11 16:56:00.567+05:30","2026-09-11 16:56:00.567+05:30"
920,"7ebe1e90ae4c91d57b7b30e23dfd6db7","Black Bull","pragmatic","Slot Game","https://www.coincasino.com/cdn/imported_games_images/PRAGMATIC/PRAGMATIC/vs20trswild2/4d868561-5abc-448c-90d1-8fa2a9a39b76.jpg?w=320",NULL,True,"2026-09-11 16:56:00.567+05:30","2026-09-11 16:56:00.567+05:30"
938,"b986c1fc6e5d8fb9ed1c22e2e520d96c","Cosmic Cash","pragmatic","Slot Game","https://www.coincasino.com/cdn/imported_games_images/PRAGMATIC/PRAGMATIC/vs40cosmiccash/4967737d-b8d1-4276-a83e-c3b93176722e.jpg?w=320",NULL,True,"2026-09-11 16:56:00.567+05:30","2026-09-11 16:56:00.567+05:30"
948,"bf51fadccb42972a514bc45373a73e55","Spirit of Adventure","pragmatic","Slot Game","https://www.coincasino.com/cdn/imported_games_images/PRAGMATIC/PRAGMATIC/vs10spiritadv/4af7fe10-dae1-481b-a05b-8b5c9991c085.jpg?w=320",NULL,True,"2026-09-11 16:56:00.567+05:30","2026-09-11 16:56:00.567+05:30"
931,"ea2c71f8c914f50c991b4f6e55fab410","Tropical Tiki","pragmatic","Slot Game","https://www.coincasino.com/cdn/imported_games_images/PRAGMATIC/PRAGMATIC/vswaysjkrdrop/96112e3d-6924-44a2-bbe5-853f3800151d.jpg?w=320",NULL,True,"2026-09-11 16:56:00.567+05:30","2026-09-11 16:56:00.567+05:30"
932,"6dd17073841d7248ada5c7648fe8e9f6","Shining Hot 100","pragmatic","Slot Game","https://www.coincasino.com/cdn/imported_games_images/PRAGMATIC/PRAGMATIC/vs100sh/fd86fda0-21db-4591-be88-b3c3a008c830.jpg?w=320",NULL,True,"2026-09-11 16:56:00.567+05:30","2026-09-11 16:56:00.567+05:30"
937,"1a7933f4e5a83533018aafa754af8457","Bomb Bonanza","pragmatic","Slot Game","https://www.coincasino.com/cdn/imported_games_images/PRAGMATIC/PRAGMATIC/vs25bomb/c3ed623b-37f4-4e06-8f00-b2a237250560.jpg?w=320",NULL,True,"2026-09-11 16:56:00.567+05:30","2026-09-11 16:56:00.567+05:30"
941,"6dd63841677a36bf07ce069ec54bc456","Cleocatra","pragmatic","Slot Game","https://www.coincasino.com/cdn/imported_games_images/PRAGMATIC/PRAGMATIC/vs20cleocatra/0c1d5978-1fc2-4ff3-92fc-4da167de563d.jpg?w=320",NULL,True,"2026-09-11 16:56:00.567+05:30","2026-09-11 16:56:00.567+05:30"
922,"d3b6d44e567dd9d65040e72372a9af48","Magic Money Maze","pragmatic","Slot Game","https://www.coincasino.com/cdn/imported_games_images/PRAGMATIC/PRAGMATIC/vs10mmm/98bb5d85-674f-4ffa-8837-d07c7afe4057.jpg?w=640",NULL,True,"2026-09-11 16:56:00.567+05:30","2026-09-11 16:56:00.567+05:30"
915,"418e191caa10619be5020b8386264cab","Snakes & Ladders - Snake Eyes","pragmatic","Slot Game","https://www.coincasino.com/cdn/imported_games_images/PRAGMATIC/PRAGMATIC/vs10snakeeyes/5aca9e00-1aff-4308-a63e-30d0a26b9226.jpg?w=640",NULL,True,"2026-09-11 16:56:00.567+05:30","2026-09-11 16:56:00.567+05:30"
923,"245d25c8d5b9bf6ac800a75b34626578","Down the Rails","pragmatic","Slot Game","https://www.coincasino.com/cdn/imported_games_images/PRAGMATIC/PRAGMATIC/vs20underground/fd53224a-6885-4f75-a41b-bc5eeb2d5353.jpg?w=640",NULL,True,"2026-09-11 16:56:00.567+05:30","2026-09-11 16:56:00.567+05:30"
924,"f6ac7090e2eda2d579dc6650acec42ad","Greedy Wolf","pragmatic","Slot Game","https://www.coincasino.com/cdn/imported_games_images/PRAGMATIC/PRAGMATIC/vs20wolfie/123b4538-929c-49b6-bd8a-cafc66c47c5d.jpg?w=640",NULL,True,"2026-09-11 16:56:00.567+05:30","2026-09-11 16:56:00.567+05:30"
930,"1a05258e8736462d926bb7d07ee291cb","Hot to Burn Extreme","pragmatic","Slot Game","https://www.coincasino.com/cdn/imported_games_images/PRAGMATIC/PRAGMATIC/vs40hotburnx/34f26c98-5f6c-4482-b105-20cbc012b4cb.jpg?w=640",NULL,True,"2026-09-11 16:56:00.567+05:30","2026-09-11 16:56:00.567+05:30"
933,"a76a101fcc084cfa9e8c2803636291b2","Shining Hot 40","pragmatic","Slot Game","https://www.coincasino.com/cdn/imported_games_images/PRAGMATIC/PRAGMATIC/vs40sh/f3b0c3e1-f139-4b3b-b7d9-3af2033fc2b8.jpg?w=640",NULL,True,"2026-09-11 16:56:00.567+05:30","2026-09-11 16:56:00.567+05:30"
934,"7aa04b0b3a719bb6e8856dbd06af594e","Shining Hot 20","pragmatic","Slot Game","https://www.coincasino.com/cdn/imported_games_images/PRAGMATIC/PRAGMATIC/vs20sh/8846eea8-c666-414c-b91c-9396a3d94823.jpg?w=640",NULL,True,"2026-09-11 16:56:00.567+05:30","2026-09-11 16:56:00.567+05:30"
2232,"d6f25e3235df0e672d8387ac4c1dd908","Spellcast","netent","Slot Game","",NULL,True,"2026-09-11 16:56:00.835+05:30","2026-09-11 16:56:00.835+05:30"
921,"41e17468794cf6284ea8bb4a6272591e","Floating Dragon Megaways","pragmatic","Slot Game","https://www.coincasino.com/cdn/imported_games_images/PRAGMATIC/PRAGMATIC/vswaysfltdrg/6ddea871-6451-458d-9e78-202f1a2aa986.jpg?w=640",NULL,True,"2026-09-11 16:56:00.567+05:30","2026-09-11 16:56:00.567+05:30"
940,"b6f65caf1829c8546707a16e00c4251c","Queen of Gods","pragmatic","Slot Game","https://www.coincasino.com/cdn/imported_games_images/PRAGMATIC/PRAGMATIC/vs10egrich/d33ee68a-b706-44ef-92ec-59bd63846e44.jpg?w=640",NULL,True,"2026-09-11 16:56:00.567+05:30","2026-09-11 16:56:00.567+05:30"
943,"b9b2a9b296042d6190edd89b25e1c5fa","The Great Stick-Up","pragmatic","Slot Game","https://www.coincasino.com/cdn/imported_games_images/PRAGMATIC/PRAGMATIC/vs20stickysymbol/3ca89777-1f4b-45e9-97f6-be66f8f3a73a.jpg?w=640",NULL,True,"2026-09-11 16:56:00.567+05:30","2026-09-11 16:56:00.567+05:30"
939,"36a7683cd2428224526a5f30c75297c8","Little Gem","pragmatic","Slot Game","https://www.coincasino.com/cdn/imported_games_images/PRAGMATIC/PRAGMATIC/vs5littlegem/ee7230b0-a0da-4273-a406-03754913aa34.jpg?w=640",NULL,True,"2026-09-11 16:56:00.567+05:30","2026-09-11 16:56:00.567+05:30"
2307,"5692803026f0040a9d205b5f2859303d","Forgotten","bgaming","Video Slot","",NULL,True,"2026-09-11 16:56:00.567+05:30","2026-09-11 16:56:00.567+05:30"
2308,"312e294c95f438e0c2a53edc16f42dd1","Rotating Element","bgaming","Video Slot","",NULL,True,"2026-09-11 16:56:00.567+05:30","2026-09-11 16:56:00.567+05:30"
2309,"acf9940b57dfc5c17dae1683546254f8","Haunted Reels","bgaming","Video Slot","",NULL,True,"2026-09-11 16:56:00.567+05:30","2026-09-11 16:56:00.567+05:30"
980,"c04352fedef3908ac580d4e1ad8a30d0","John Hunter and the Quest for Bermuda Riches","pragmatic","Slot Game","https://huidu-bucket.s3.ap-southeast-1.amazonaws.com/api/pp/John-Hunter-and-the-Quest-for-Bermuda-Riches.png",NULL,True,"2026-09-11 16:56:00.567+05:30","2026-09-11 16:56:00.567+05:30"
979,"7cdac8e7102f1d8959650c5a76aa9370","Big Juan","pragmatic","Slot Game","https://www.coincasino.com/cdn/imported_games_images/PRAGMATIC/PRAGMATIC/vs40bigjuan/d070f217-41dc-4e9d-a9ea-e9fc3c969541.jpg?w=320",NULL,True,"2026-09-11 16:56:00.567+05:30","2026-09-11 16:56:00.567+05:30"
963,"22effb918f8f0b7583abbb0ccf5cb064","Rock Vegas","pragmatic","Slot Game","https://www.coincasino.com/cdn/imported_games_images/PRAGMATIC/PRAGMATIC/vs20rockvegas/cdb6220f-23b0-4f1b-b6f9-0bda9c6ae9f0.jpg?w=320",NULL,True,"2026-09-11 16:56:00.567+05:30","2026-09-11 16:56:00.567+05:30"
2144,"e0383e0ee83c558d3cec45f8d9544981","Elements: The Awakening","netent","Slot Game","",NULL,True,"2026-09-11 16:56:00.567+05:30","2026-09-11 16:56:00.567+05:30"
955,"4e93012ec2a4ea0a907d96c40bf1f14a","Tic Tac Take","pragmatic","Slot Game","https://www.coincasino.com/cdn/imported_games_images/PRAGMATIC/PRAGMATIC/vs10tictac/ece55785-a69b-4b51-8273-1f52036f16dc.jpg?w=320",NULL,True,"2026-09-11 16:56:00.567+05:30","2026-09-11 16:56:00.567+05:30"
958,"002ccc80cfff9b1563814f7cd2a6d0fe","Might of Ra","pragmatic","Slot Game","https://www.coincasino.com/cdn/imported_games_images/PRAGMATIC/PRAGMATIC/vs50mightra/f690b1f7-a30e-4358-be36-f459955f674f.jpg?w=320",NULL,True,"2026-09-11 16:56:00.567+05:30","2026-09-11 16:56:00.567+05:30"
952,"65cf0d0ebf1800fe2b6e84d4fb414d54","Chicken Chase","pragmatic","Slot Game","https://www.coincasino.com/cdn/imported_games_images/PRAGMATIC/PRAGMATIC/vs10chkchase/8aef9ddd-804a-4c45-ad6c-7c3acfdcd835.jpg?w=320",NULL,True,"2026-09-11 16:56:00.567+05:30","2026-09-11 16:56:00.567+05:30"
988,"be6b6890587ed84289fad941d99a3613","Starlight Princess","pragmatic","Slot Game","https://www.coincasino.com/cdn/imported_games_images/PRAGMATIC/PRAGMATIC/vs20starlight/d692059a-fce3-4500-b761-8bd124058de4.jpg?w=320",NULL,True,"2026-09-11 16:56:00.567+05:30","2026-09-11 16:56:00.567+05:30"
950,"5ef2e439010aeca067f3a6916c901f07","Clover Gold","pragmatic","Slot Game","https://www.coincasino.com/cdn/imported_games_images/PRAGMATIC/PRAGMATIC/vs20mustanggld2/8916e702-7086-4048-9d4e-b99a42340425.jpg?w=320",NULL,True,"2026-09-11 16:56:00.567+05:30","2026-09-11 16:56:00.567+05:30"
959,"97d3638d9503b0ade2d467983add7f0d","Wild Beach Party","pragmatic","Slot Game","https://www.coincasino.com/cdn/imported_games_images/PRAGMATIC/PRAGMATIC/vs20bchprty/0e5e4743-3ec8-4ece-bd08-ce2c0f36a981.jpg?w=320",NULL,True,"2026-09-11 16:56:00.567+05:30","2026-09-11 16:56:00.567+05:30"
960,"148da0b08792407895f5c96ecbafd29b","The Ultimate 5","pragmatic","Slot Game","https://www.coincasino.com/cdn/imported_games_images/PRAGMATIC/PRAGMATIC/vs20ultim5/02f722d9-f821-4e0f-b828-6f0f9ccc4476.jpg?w=320",NULL,True,"2026-09-11 16:56:00.567+05:30","2026-09-11 16:56:00.567+05:30"
968,"96a059605c65d1af8fb1553a8ee14ccf","Wild Depths","pragmatic","Slot Game","https://www.coincasino.com/cdn/imported_games_images/PRAGMATIC/PRAGMATIC/vs40wanderw/c3119dd5-afb2-4ee0-83dd-dba847203f20.jpg?w=320",NULL,True,"2026-09-11 16:56:00.567+05:30","2026-09-11 16:56:00.567+05:30"
971,"00c3f19ee51d2c52a20a7b88fe8c6d9c","Smugglers Cove","pragmatic","Slot Game","https://www.coincasino.com/cdn/imported_games_images/PRAGMATIC/PRAGMATIC/vs20smugcove/c3d17ade-0fef-4564-9f4a-c7582d06a743.jpg?w=320",NULL,True,"2026-09-11 16:56:00.567+05:30","2026-09-11 16:56:00.567+05:30"
975,"74ad5ad66f45a9d1b8136ef704bbdf26","Bounty Gold","pragmatic","Slot Game","https://www.coincasino.com/cdn/imported_games_images/PRAGMATIC/PRAGMATIC/vs25btygold/4d3ea0ae-6a28-4790-b3cb-83845b32524c.jpg?w=320",NULL,True,"2026-09-11 16:56:00.567+05:30","2026-09-11 16:56:00.567+05:30"
961,"50f573ae28732a404e4a1d5e43349db9","Colossal Cash Zone","pragmatic","Slot Game","https://www.coincasino.com/cdn/imported_games_images/PRAGMATIC/PRAGMATIC/vs20colcashzone/76206d61-3234-40de-b080-575cabfe6fc2.jpg?w=320",NULL,True,"2026-09-11 16:56:00.567+05:30","2026-09-11 16:56:00.567+05:30"
984,"3f61bad3beddd15d117e01d18b6a44b8","Piggy Bank Bills","pragmatic","Slot Game","https://www.coincasino.com/cdn/imported_games_images/PRAGMATIC/PRAGMATIC/5e7a3bd4-fb99-4a5a-9c9a-125ec7ca0409.jpg?w=320",NULL,True,"2026-09-11 16:56:00.567+05:30","2026-09-11 16:56:00.567+05:30"
965,"95273f38148f66e09a93de2c6337b15d","Gates of Valhalla","pragmatic","Slot Game","https://www.coincasino.com/cdn/imported_games_images/PRAGMATIC/PRAGMATIC/vs10runes/e96ccde5-5da5-478b-81df-4ef94b8f5768.jpg?w=320",NULL,True,"2026-09-11 16:56:00.567+05:30","2026-09-11 16:56:00.567+05:30"
981,"5279cdfc3e2ba15abf92cf6d7bdbba38","Star Pirates Code","pragmatic","Slot Game","https://www.coincasino.com/cdn/imported_games_images/PRAGMATIC/PRAGMATIC/vs10starpirate/59aff8ae-7864-492c-bea0-d0edd172acfe.jpg?w=320",NULL,True,"2026-09-11 16:56:00.567+05:30","2026-09-11 16:56:00.567+05:30"
976,"5d087361d7e0ec97e292b533b0b2e1ea","Book of Fallen","pragmatic","Slot Game","https://www.coincasino.com/cdn/imported_games_images/PRAGMATIC/PRAGMATIC/vs10bookfallen/985025f4-4138-43a4-8c3b-1d230891a660.jpg?w=320",NULL,True,"2026-09-11 16:56:00.567+05:30","2026-09-11 16:56:00.567+05:30"
970,"dec38f3053ba56c1d78eb170fae4b94d","Crystal Caverns Megaways","pragmatic","Slot Game","https://www.coincasino.com/cdn/imported_games_images/PRAGMATIC/PRAGMATIC/vswayscryscav/1702e0f3-06da-4abe-96e8-88f557d26bb0.jpg?w=320",NULL,True,"2026-09-11 16:56:00.567+05:30","2026-09-11 16:56:00.567+05:30"
977,"5b22ab96368a5d3aed8a1f541ead932f","Christmas Big Bass Bonanza","pragmatic","Slot Game","https://www.coincasino.com/cdn/imported_games_images/PRAGMATIC/PRAGMATIC/vs10bxmasbnza/7a62931e-1ffa-4940-8d58-5f2d8c81ef4f.jpg?w=320",NULL,True,"2026-09-11 16:56:00.567+05:30","2026-09-11 16:56:00.567+05:30"
967,"c2a96f6772a34d1351c09bb3e2eb0a79","Extra Juicy Megaways","pragmatic","Slot Game","https://www.coincasino.com/cdn/imported_games_images/PRAGMATIC/PRAGMATIC/vswaysxjuicy/0c531337-6070-4a6a-9280-ac05fe8f894c.jpg?w=640",NULL,True,"2026-09-11 16:56:00.567+05:30","2026-09-11 16:56:00.567+05:30"
1270,"cad650b6937de27ca8385780d40bd665","Trojan Kingdom","microgaming","Slots","https://mgasia.canto.global/v/MGAssetLibrary/album/P0QLE",NULL,True,"2026-09-11 16:56:00.601+05:30","2026-09-11 16:56:00.601+05:30"
978,"d327a0dea94bd8a5fc090b4855051dff","Santa's Wonderland","pragmatic","Slot Game","https://www.coincasino.com/cdn/imported_games_images/PRAGMATIC/PRAGMATIC/vs20santawonder/232aa12c-7f7e-4d97-a9c7-91be35990298.jpg?w=640",NULL,True,"2026-09-11 16:56:00.567+05:30","2026-09-11 16:56:00.567+05:30"
969,"a0545098047c96b4a8487e90b3fb15c9","Magician's Secrets","pragmatic","Slot Game","https://www.coincasino.com/cdn/imported_games_images/PRAGMATIC/PRAGMATIC/vs4096magician/b2b350da-a6dd-4f33-87fc-7c7944a09af8.jpg?w=640",NULL,True,"2026-09-11 16:56:00.567+05:30","2026-09-11 16:56:00.567+05:30"
985,"8b6de15508037d99adba63f2009e4d0c","Cash Bonanza","pragmatic","Slot Game","https://www.coincasino.com/cdn/imported_games_images/PRAGMATIC/PRAGMATIC/vswaysbankbonz/2a82dd61-8f65-40b1-82b3-825bb016ddfb.jpg?w=640",NULL,True,"2026-09-11 16:56:00.567+05:30","2026-09-11 16:56:00.567+05:30"
986,"dea1429c68719c72c690d001cf73d9b6","Treasure Wild","pragmatic","Slot Game","https://www.coincasino.com/cdn/imported_games_images/PRAGMATIC/PRAGMATIC/vs20trsbox/79316ada-a0e2-42f4-bc46-622cb9f7af90.jpg?w=640",NULL,True,"2026-09-11 16:56:00.567+05:30","2026-09-11 16:56:00.567+05:30"
2310,"3872e9e145ed83caabc13a45fb731eaa","Carnival Bonanza","bgaming","Video Slot","",NULL,True,"2026-09-11 16:56:00.567+05:30","2026-09-11 16:56:00.567+05:30"
2311,"107be31f7f1acd063a3848d9ab8faaab","Aztec's Claw Wild Dice","bgaming","Video Slot","",NULL,True,"2026-09-11 16:56:00.567+05:30","2026-09-11 16:56:00.567+05:30"
999,"d48746b0f5aa3677812f76269597b5c1","Cash Elevator","pragmatic","Slot Game","https://huidu-bucket.s3.ap-southeast-1.amazonaws.com/api/pp/Cash-Elevator.png",NULL,True,"2026-09-11 16:56:00.567+05:30","2026-09-11 16:56:00.567+05:30"
1000,"6851b7f66872a5cb5947af7c8389f615","The Magic Cauldron","pragmatic","Slot Game","https://huidu-bucket.s3.ap-southeast-1.amazonaws.com/api/pp/The-Magic-Cauldron.png",NULL,True,"2026-09-11 16:56:00.567+05:30","2026-09-11 16:56:00.567+05:30"
1011,"7b99b6b9bd2b31e5b4ea44fab1269c48","Hot to Burn Hold and Spin","pragmatic","Slot Game","https://huidu-bucket.s3.ap-southeast-1.amazonaws.com/api/pp/Hot-to-Burn-Hold-and-Spin.png",NULL,True,"2026-09-11 16:56:00.567+05:30","2026-09-11 16:56:00.567+05:30"
1015,"97122d567e55a7dbb08e9dfc7ac5e9b7","Dragon Kingdom - Eyes of Fire","pragmatic","Slot Game","https://huidu-bucket.s3.ap-southeast-1.amazonaws.com/api/pp/Dragon-Kingdom-Eyes-of-Fire.png",NULL,True,"2026-09-11 16:56:00.567+05:30","2026-09-11 16:56:00.567+05:30"
2147,"315b7cc6c99409cc220f6e03be12c000","Dark King: Forbidden Riches","netent","Slot Game","",NULL,True,"2026-09-11 16:56:00.567+05:30","2026-09-11 16:56:00.567+05:30"
1022,"df5b1181bad0795df7f991750e97a09d","John Hunter and the Mayan Gods","pragmatic","Slot Game","https://huidu-bucket.s3.ap-southeast-1.amazonaws.com/api/pp/John-Hunter-And-The-Mayan-Gods.png",NULL,True,"2026-09-11 16:56:00.567+05:30","2026-09-11 16:56:00.567+05:30"
1024,"5af5b5da3e6b88f6396c3cc19dce7d37","Christmas Carol Megaways","pragmatic","Slot Game","https://huidu-bucket.s3.ap-southeast-1.amazonaws.com/api/pp/Christmas-Carol-Megaways.png",NULL,True,"2026-09-11 16:56:00.567+05:30","2026-09-11 16:56:00.567+05:30"
989,"5e7203a0b4da86defb2ba59eb29b3ca3","Rise of Giza PowerNudge","pragmatic","Slot Game","https://www.coincasino.com/cdn/imported_games_images/PRAGMATIC/PRAGMATIC/vs10nudgeit/6b64bd89-89b0-404c-9e12-2cbeb41d0422.jpg?w=320",NULL,True,"2026-09-11 16:56:00.567+05:30","2026-09-11 16:56:00.567+05:30"
991,"7361d621d9c309724411620f049e715b","Chilli Heat Megaways","pragmatic","Slot Game","https://www.coincasino.com/cdn/imported_games_images/PRAGMATIC/PRAGMATIC/vswayschilheat/563747da-e9d6-400b-9658-0b79a485f63a.jpg?w=320",NULL,True,"2026-09-11 16:56:00.567+05:30","2026-09-11 16:56:00.567+05:30"
1012,"b81b86263b26a2dfe287ca8c22750329","Joker King","pragmatic","Slot Game","https://www.coincasino.com/cdn/imported_games_images/PRAGMATIC/PRAGMATIC/vs25jokerking/01087503-eaa2-4f0e-b864-1f13a252beb9.jpg?w=320",NULL,True,"2026-09-11 16:56:00.567+05:30","2026-09-11 16:56:00.567+05:30"
1006,"13193d9b62a51811db4dc5da940d9a02","Wild Booster","pragmatic","Slot Game","https://www.coincasino.com/cdn/imported_games_images/PRAGMATIC/PRAGMATIC/vs20wildboost/dd8ee843-c86f-40e8-bcd4-4f571a899e7b.jpg?w=320",NULL,True,"2026-09-11 16:56:00.567+05:30","2026-09-11 16:56:00.567+05:30"
1007,"77e051470b364993d017c7cede10120e","Juicy Fruits","pragmatic","Slot Game","https://www.coincasino.com/cdn/imported_games_images/PRAGMATIC/PRAGMATIC/vs50juicyfr/3fd39676-58bd-45a1-9ce0-ad6ecbae3dbf.jpg?w=320",NULL,True,"2026-09-11 16:56:00.567+05:30","2026-09-11 16:56:00.567+05:30"
1009,"1ee85d001705ebaf63cc0ccae61538ca","Fishin Reels","pragmatic","Slot Game","https://www.coincasino.com/cdn/imported_games_images/PRAGMATIC/PRAGMATIC/vs10goldfish/1e40b6c8-0e77-460f-bc96-1998c549e082.jpg?w=320",NULL,True,"2026-09-11 16:56:00.567+05:30","2026-09-11 16:56:00.567+05:30"
1014,"b9ee66020af593bf5c5145c1b2b24a34","Eye of the Storm","pragmatic","Slot Game","https://www.coincasino.com/cdn/imported_games_images/PRAGMATIC/PRAGMATIC/vs10eyestorm/b2baa3bb-fa37-44c3-bd47-675268a4fac3.jpg?w=320",NULL,True,"2026-09-11 16:56:00.567+05:30","2026-09-11 16:56:00.567+05:30"
994,"6be857d19ef7b4fac0ba9c375538a7d9","Fruit Party 2","pragmatic","Slot Game","https://www.coincasino.com/cdn/imported_games_images/PRAGMATIC/PRAGMATIC/vs20fparty2/745de302-8f20-463d-869a-1cfdffbe7226.jpg?w=320",NULL,True,"2026-09-11 16:56:00.567+05:30","2026-09-11 16:56:00.567+05:30"
1017,"031f433c91b6b997d406773a7385df0f","Congo Cash","pragmatic","Slot Game","https://www.coincasino.com/cdn/imported_games_images/PRAGMATIC/PRAGMATIC/vs432congocash/79f7d275-6bcb-420c-b43c-2a1320cca7da.jpg?w=320",NULL,True,"2026-09-11 16:56:00.567+05:30","2026-09-11 16:56:00.567+05:30"
993,"62527f128b508c7a7bdb660d8f327232","Phoenix Forge","pragmatic","Slot Game","https://www.coincasino.com/cdn/imported_games_images/PRAGMATIC/PRAGMATIC/vs20phoenixf/3ef5de6b-4dd0-4e28-8ade-a13ae7e7a091.jpg?w=320",NULL,True,"2026-09-11 16:56:00.567+05:30","2026-09-11 16:56:00.567+05:30"
1001,"9185ca53157a194f5442894fda79967a","Panda Fortune 2","pragmatic","Slot Game","https://www.coincasino.com/cdn/imported_games_images/PRAGMATIC/PRAGMATIC/vs25pandatemple/1de1309a-7776-4ee9-9260-7b0a58ca6fae.jpg?w=320",NULL,True,"2026-09-11 16:56:00.567+05:30","2026-09-11 16:56:00.567+05:30"
1026,"c1c1f92d0bb2134efda172b6d221a1bb","Pirate Gold Deluxe","pragmatic","Slot Game","https://www.coincasino.com/cdn/imported_games_images/PRAGMATIC/PRAGMATIC/vs40pirgold/168fb72f-5c45-41c0-952e-c10bb702a637.jpg?w=320",NULL,True,"2026-09-11 16:56:00.567+05:30","2026-09-11 16:56:00.567+05:30"
1020,"1c92aa197397ff9f742121bc1d179efc","Voodoo Magic","pragmatic","Slot Game","https://www.coincasino.com/cdn/imported_games_images/PRAGMATIC/PRAGMATIC/vs40voodoo/1581c4ba-0ad8-486f-821d-daf942d8edf6.jpg?w=320",NULL,True,"2026-09-11 16:56:00.567+05:30","2026-09-11 16:56:00.567+05:30"
1019,"0a7e8a1a1618d4afe64d83899a84d630","Mysterious Egypt","pragmatic","Slot Game","https://www.coincasino.com/cdn/imported_games_images/PRAGMATIC/PRAGMATIC/vs10wildtut/81ed575f-a9cc-4368-8e51-adcdf79354c3.jpg?w=320",NULL,True,"2026-09-11 16:56:00.567+05:30","2026-09-11 16:56:00.567+05:30"
1025,"18d7dbff8fd377f709d0aa0655e45522","Cowboys Gold","pragmatic","Slot Game","https://www.coincasino.com/cdn/imported_games_images/PRAGMATIC/PRAGMATIC/vs10cowgold/b70ffcbc-dc44-4d9d-9fb6-860f90afacf1.jpg?w=320",NULL,True,"2026-09-11 16:56:00.567+05:30","2026-09-11 16:56:00.567+05:30"
1013,"297941ba67e1ad5a3fb13b3da888a2a7","The Hand of Midas","pragmatic","Slot Game","https://www.coincasino.com/cdn/imported_games_images/PRAGMATIC/PRAGMATIC/vs20midas/4eb04d69-2d74-467e-b408-934e6839b0ff.jpg?w=320",NULL,True,"2026-09-11 16:56:00.567+05:30","2026-09-11 16:56:00.567+05:30"
1008,"5db987318a3bd9fc4be76f04bcb89555","Temujin Treasures","pragmatic","Slot Game","https://www.coincasino.com/cdn/imported_games_images/PRAGMATIC/PRAGMATIC/vs1024temuj/e7c98d21-0ece-453f-9046-ed132f8a648d.jpg?w=320",NULL,True,"2026-09-11 16:56:00.567+05:30","2026-09-11 16:56:00.567+05:30"
1018,"77d20f8e6ff87397200f694026914bbf","Emerald King Rainbow Road","pragmatic","Slot Game","https://www.coincasino.com/cdn/imported_games_images/PRAGMATIC/PRAGMATIC/vs20ekingrr/2f5c9e51-5c89-48d4-82db-3b0c009dcf31.jpg?w=320",NULL,True,"2026-09-11 16:56:00.567+05:30","2026-09-11 16:56:00.567+05:30"
996,"b992e0dcdcb8d20d4b2305a13471ce3d","Lucky Lightning","pragmatic","Slot Game","https://www.coincasino.com/cdn/imported_games_images/PRAGMATIC/PRAGMATIC/vswayslight/06ad9356-df44-46de-b100-c1f0383a2c05.jpg?w=320",NULL,True,"2026-09-11 16:56:00.567+05:30","2026-09-11 16:56:00.567+05:30"
2163,"2a55beae36b33be05deae551d3c307f3","Creature from the Black Lagoon","netent","Slot Game","https://boxbet.io/_next/image?url=https%3A%2F%2Fcdn.softswiss.net%2Fi%2Fs6%2Fevolution%2FCreaturefromtheBlackLagoon.png&w=384&q=100",NULL,True,"2026-09-11 16:56:00.567+05:30","2026-09-11 16:56:00.567+05:30"
995,"6f0279bab4e1e4812280743ea720b549","Empty the Bank","pragmatic","Slot Game","https://www.coincasino.com/cdn/imported_games_images/PRAGMATIC/PRAGMATIC/vs20emptybank/f2851af6-df49-4d91-a241-3a0e6d138dd7.jpg?w=640",NULL,True,"2026-09-11 16:56:00.567+05:30","2026-09-11 16:56:00.567+05:30"
1027,"97c448a2fafe0a1cdbff7c7831f9dd4a","Emerald King","pragmatic","Slot Game","https://huidu-bucket.s3.ap-southeast-1.amazonaws.com/api/pp/Emerald-King.png",NULL,True,"2026-09-11 16:56:00.567+05:30","2026-09-11 16:56:00.567+05:30"
1028,"65cf9a7d8b5af42714ad4bf507740af2","The Dragon Tiger","pragmatic","Slot Game","https://huidu-bucket.s3.ap-southeast-1.amazonaws.com/api/pp/The-Dragon-Tiger.png",NULL,True,"2026-09-11 16:56:00.567+05:30","2026-09-11 16:56:00.567+05:30"
1029,"9186d388bb0eaec935e5c324d9220422","Book of Kingdoms","pragmatic","Slot Game","https://huidu-bucket.s3.ap-southeast-1.amazonaws.com/api/pp/Book-Of-Kingdoms.png",NULL,True,"2026-09-11 16:56:00.567+05:30","2026-09-11 16:56:00.567+05:30"
1030,"1d9209102c387f85b38f2ee0f1fd6d60","Return of the Dead","pragmatic","Slot Game","https://huidu-bucket.s3.ap-southeast-1.amazonaws.com/api/pp/Return-of-the-Dead.png",NULL,True,"2026-09-11 16:56:00.567+05:30","2026-09-11 16:56:00.567+05:30"
1032,"f3b587a499b79c46adc9d1ee2e279c0a","Wild Walker","pragmatic","Slot Game","https://huidu-bucket.s3.ap-southeast-1.amazonaws.com/api/pp/Wild-Walker.png",NULL,True,"2026-09-11 16:56:00.567+05:30","2026-09-11 16:56:00.567+05:30"
2149,"60707bcc9650a4b3bbbed17a7904be56","NetEnt American Roulette","netent","Slot Game","",NULL,True,"2026-09-11 16:56:00.567+05:30","2026-09-11 16:56:00.567+05:30"
1034,"03e022cf43928af26cfb8bfce18fd8e8","Star Bounty","pragmatic","Slot Game","https://huidu-bucket.s3.ap-southeast-1.amazonaws.com/api/pp/Star-Bounty.png",NULL,True,"2026-09-11 16:56:00.567+05:30","2026-09-11 16:56:00.567+05:30"
1035,"f4203cff9058051d2ce6459c8d750683","Great Rhino Deluxe","pragmatic","Slot Game","https://huidu-bucket.s3.ap-southeast-1.amazonaws.com/api/pp/Great-Rhino-Deluxe.png",NULL,True,"2026-09-11 16:56:00.567+05:30","2026-09-11 16:56:00.567+05:30"
1036,"c00114a78ba7062de33f78405c7cac5d","Wild Wild Riches","pragmatic","Slot Game","https://huidu-bucket.s3.ap-southeast-1.amazonaws.com/api/pp/Wild-Wild-Riches.png",NULL,True,"2026-09-11 16:56:00.567+05:30","2026-09-11 16:56:00.567+05:30"
1037,"2f42ef84333961841928d92c029d204f","Ultra Hold and Spin","pragmatic","Slot Game","https://huidu-bucket.s3.ap-southeast-1.amazonaws.com/api/pp/Ultra-Hold-and-Spin.png",NULL,True,"2026-09-11 16:56:00.567+05:30","2026-09-11 16:56:00.567+05:30"
1038,"5fcc23cf91acd1f355201351b7a3f26e","Curse of the Werewolf Megaways","pragmatic","Slot Game","https://huidu-bucket.s3.ap-southeast-1.amazonaws.com/api/pp/Curse-of-the-Werewolf-Megaways.png",NULL,True,"2026-09-11 16:56:00.567+05:30","2026-09-11 16:56:00.567+05:30"
1039,"39371d94a147acda0ae347028f9f9ec4","Jungle Gorilla","pragmatic","Slot Game","https://huidu-bucket.s3.ap-southeast-1.amazonaws.com/api/pp/Jungle-Gorilla.png",NULL,True,"2026-09-11 16:56:00.567+05:30","2026-09-11 16:56:00.567+05:30"
1042,"5ecabbfd86af974d3807dd15f157f40f","Street Racer","pragmatic","Slot Game","https://huidu-bucket.s3.ap-southeast-1.amazonaws.com/api/pp/Street-Racer.png",NULL,True,"2026-09-11 16:56:00.567+05:30","2026-09-11 16:56:00.567+05:30"
1043,"46679fbc1601f8dccb63c64d775ce5a9","Drago - Jewels of Fortune","pragmatic","Slot Game","https://huidu-bucket.s3.ap-southeast-1.amazonaws.com/api/pp/Drago-Jewels-of-Fortune.png",NULL,True,"2026-09-11 16:56:00.567+05:30","2026-09-11 16:56:00.567+05:30"
1044,"cc917be61e0ae94a5bfbdb02effc1ec5","Pyramid King","pragmatic","Slot Game","https://huidu-bucket.s3.ap-southeast-1.amazonaws.com/api/pp/Pyramid-King.png",NULL,True,"2026-09-11 16:56:00.567+05:30","2026-09-11 16:56:00.567+05:30"
1045,"4a7e158a0c40fa00d7421b34f6a696c7","Ultra Burn","pragmatic","Slot Game","https://huidu-bucket.s3.ap-southeast-1.amazonaws.com/api/pp/Ultra-Burn.png",NULL,True,"2026-09-11 16:56:00.567+05:30","2026-09-11 16:56:00.567+05:30"
1046,"c829549200d90e7a6b7a48eee41e5a3c","Starz Megaways","pragmatic","Slot Game","https://huidu-bucket.s3.ap-southeast-1.amazonaws.com/api/pp/Starz-Megaways.png",NULL,True,"2026-09-11 16:56:00.567+05:30","2026-09-11 16:56:00.567+05:30"
1048,"96b06f36e0c200eea05b00d566d220c8","John Hunter and the Book of Tut","pragmatic","Slot Game","https://huidu-bucket.s3.ap-southeast-1.amazonaws.com/api/pp/John-Hunter-and-the-Book-of-Tut.png",NULL,True,"2026-09-11 16:56:00.567+05:30","2026-09-11 16:56:00.567+05:30"
1049,"55180df7fa1b780975c9c0a19b54d8ee","Three Star Fortune","pragmatic","Slot Game","https://huidu-bucket.s3.ap-southeast-1.amazonaws.com/api/pp/Three-Star-Fortune.png",NULL,True,"2026-09-11 16:56:00.567+05:30","2026-09-11 16:56:00.567+05:30"
2313,"362714f8384ac625c50da8def330e897","Voodoo People","bgaming","Video Slot","",NULL,True,"2026-09-11 16:56:00.567+05:30","2026-09-11 16:56:00.567+05:30"
1051,"9ae32c564eb98c3c00d2f20fe1f1c2d9","Hot to Burn","pragmatic","Slot Game","https://huidu-bucket.s3.ap-southeast-1.amazonaws.com/api/pp/Hot-to-Burn.png",NULL,True,"2026-09-11 16:56:00.567+05:30","2026-09-11 16:56:00.567+05:30"
1052,"ec93c88133566994657c4d9eac73443a","Dance Party","pragmatic","Slot Game","https://huidu-bucket.s3.ap-southeast-1.amazonaws.com/api/pp/Dance-Party.png",NULL,True,"2026-09-11 16:56:00.567+05:30","2026-09-11 16:56:00.567+05:30"
1054,"369a2383e2bba7509748f15b4c407e5f","Fruit Rainbow","pragmatic","Slot Game","https://huidu-bucket.s3.ap-southeast-1.amazonaws.com/api/pp/Fruit-Rainbow.png",NULL,True,"2026-09-11 16:56:00.567+05:30","2026-09-11 16:56:00.567+05:30"
1055,"1d920015f841a5c3b43df24188570a2f","The Wild Machine","pragmatic","Slot Game","https://huidu-bucket.s3.ap-southeast-1.amazonaws.com/api/pp/The-Wild-Machine.png",NULL,True,"2026-09-11 16:56:00.567+05:30","2026-09-11 16:56:00.567+05:30"
1057,"13b568ca10943393f4c9b88669ab45c8","Mysterious","pragmatic","Slot Game","https://huidu-bucket.s3.ap-southeast-1.amazonaws.com/api/pp/Mysterious.png",NULL,True,"2026-09-11 16:56:00.567+05:30","2026-09-11 16:56:00.567+05:30"
1058,"dfd9384b354f1ed44ed70fa69866e196","Master Joker","pragmatic","Slot Game","https://huidu-bucket.s3.ap-southeast-1.amazonaws.com/api/pp/Master-Joker.png",NULL,True,"2026-09-11 16:56:00.567+05:30","2026-09-11 16:56:00.567+05:30"
1060,"b776755b597c497bee6fc4e414d72915","Release the Kraken","pragmatic","Slot Game","https://huidu-bucket.s3.ap-southeast-1.amazonaws.com/api/pp/Release-the-Kraken.png",NULL,True,"2026-09-11 16:56:00.567+05:30","2026-09-11 16:56:00.567+05:30"
1061,"eb2d846b9948bf6779fa0c68ad2f0c23","Buffalo King","pragmatic","Slot Game","https://huidu-bucket.s3.ap-southeast-1.amazonaws.com/api/pp/Buffalo-King.png",NULL,True,"2026-09-11 16:56:00.567+05:30","2026-09-11 16:56:00.567+05:30"
1062,"8dba2e619f5881a85d698746b8a39942","Magic Journey","pragmatic","Slot Game","https://huidu-bucket.s3.ap-southeast-1.amazonaws.com/api/pp/Magic-Journey.png",NULL,True,"2026-09-11 16:56:00.567+05:30","2026-09-11 16:56:00.567+05:30"
1063,"cc2744737c9ea3d8a192f375af176b09","Money Mouse","pragmatic","Slot Game","https://huidu-bucket.s3.ap-southeast-1.amazonaws.com/api/pp/Money-Mouse.png",NULL,True,"2026-09-11 16:56:00.567+05:30","2026-09-11 16:56:00.567+05:30"
1065,"5191554cb700b8418f1821527f66a5c7","Greek Gods","pragmatic","Slot Game","https://huidu-bucket.s3.ap-southeast-1.amazonaws.com/api/pp/Greek-Gods.png",NULL,True,"2026-09-11 16:56:00.567+05:30","2026-09-11 16:56:00.567+05:30"
2314,"2eceb69abe28088ebd587e3d20e42132","Top Eagle","bgaming","Crash","",NULL,True,"2026-09-11 16:56:00.567+05:30","2026-09-11 16:56:00.567+05:30"
1067,"c4d39983d1058da54ecdc773b7b3203e","Hercules and Pegasus","pragmatic","Slot Game","https://huidu-bucket.s3.ap-southeast-1.amazonaws.com/api/pp/Hercules-and-Pegasus.png",NULL,True,"2026-09-11 16:56:00.567+05:30","2026-09-11 16:56:00.567+05:30"
1068,"b04d9cd89be5d93602d9a484f8bfe575","Fire Strike","pragmatic","Slot Game","https://huidu-bucket.s3.ap-southeast-1.amazonaws.com/api/pp/Fire-Strike.png",NULL,True,"2026-09-11 16:56:00.567+05:30","2026-09-11 16:56:00.567+05:30"
1069,"3c61adb9dab9d17e9ff5af76f9a1a221","Honey Honey Honey","pragmatic","Slot Game","https://huidu-bucket.s3.ap-southeast-1.amazonaws.com/api/pp/Honey-Honey-Honey.png",NULL,True,"2026-09-11 16:56:00.567+05:30","2026-09-11 16:56:00.567+05:30"
1070,"9568158adcd8e1242e5fb05b7624de22","Super Joker","pragmatic","Slot Game","https://huidu-bucket.s3.ap-southeast-1.amazonaws.com/api/pp/Super-Joker.png",NULL,True,"2026-09-11 16:56:00.567+05:30","2026-09-11 16:56:00.567+05:30"
1071,"6ea631cad8e04b5596da2ab771a81198","John Hunter and the Tomb of the Scarab Queen","pragmatic","Slot Game","https://huidu-bucket.s3.ap-southeast-1.amazonaws.com/api/pp/John-Hunter-and-the-Tomb-of-the-Scarab-Queen.png",NULL,True,"2026-09-11 16:56:00.567+05:30","2026-09-11 16:56:00.567+05:30"
1072,"e90c55a65b2d48bf31d0c411b643245f","Tree of Riches","pragmatic","Slot Game","https://huidu-bucket.s3.ap-southeast-1.amazonaws.com/api/pp/Tree-of-Riches.png",NULL,True,"2026-09-11 16:56:00.567+05:30","2026-09-11 16:56:00.567+05:30"
1073,"749e78a2062d25c3541cd998eac730c8","The Great Chicken Escape","pragmatic","Slot Game","https://huidu-bucket.s3.ap-southeast-1.amazonaws.com/api/pp/The-Great-Chicken-Escape.png",NULL,True,"2026-09-11 16:56:00.567+05:30","2026-09-11 16:56:00.567+05:30"
1074,"2f1c795668c251660ab797e951859dd2","Vampires VS Wolves","pragmatic","Slot Game","https://huidu-bucket.s3.ap-southeast-1.amazonaws.com/api/pp/Vampires-vs-Wolves.png",NULL,True,"2026-09-11 16:56:00.567+05:30","2026-09-11 16:56:00.567+05:30"
1075,"8c51d3f8b59cf20bdf4110c6c5baa206","Hot Chilli","pragmatic","Slot Game","https://huidu-bucket.s3.ap-southeast-1.amazonaws.com/api/pp/Hot-Chilli.png",NULL,True,"2026-09-11 16:56:00.567+05:30","2026-09-11 16:56:00.567+05:30"
1076,"6bb91619b093e2f21d555c94303f376e","John Hunter and the Aztec Treasure","pragmatic","Slot Game","https://huidu-bucket.s3.ap-southeast-1.amazonaws.com/api/pp/John-Hunter-and-the-Aztec-Treasure.png",NULL,True,"2026-09-11 16:56:00.567+05:30","2026-09-11 16:56:00.567+05:30"
1077,"2d9f6a48204137fbeaca92e979e75666","Monkey Warrior","pragmatic","Slot Game","https://huidu-bucket.s3.ap-southeast-1.amazonaws.com/api/pp/Monkey-Warrior.png",NULL,True,"2026-09-11 16:56:00.567+05:30","2026-09-11 16:56:00.567+05:30"
1079,"61a6d88cd41af562e7eaf682e1725bb6","Wild Pixies","pragmatic","Slot Game","https://huidu-bucket.s3.ap-southeast-1.amazonaws.com/api/pp/Wild-Pixies.png",NULL,True,"2026-09-11 16:56:00.567+05:30","2026-09-11 16:56:00.567+05:30"
1081,"71382cb9cad6b853a2e8f6975798aff0","Caishen's Cash","pragmatic","Slot Game","https://huidu-bucket.s3.ap-southeast-1.amazonaws.com/api/pp/Caishen's-Cash.png",NULL,True,"2026-09-11 16:56:00.567+05:30","2026-09-11 16:56:00.567+05:30"
1082,"e2d420462a8875bb96bf72148cbfd599","Pirate Gold","pragmatic","Slot Game","https://huidu-bucket.s3.ap-southeast-1.amazonaws.com/api/pp/Pirate-Gold.png",NULL,True,"2026-09-11 16:56:00.567+05:30","2026-09-11 16:56:00.567+05:30"
1084,"e20027b755b02a3939f3136315e97aba","Egyptian Fortunes","pragmatic","Slot Game","https://huidu-bucket.s3.ap-southeast-1.amazonaws.com/api/pp/Egyptian-Fortunes.png",NULL,True,"2026-09-11 16:56:00.567+05:30","2026-09-11 16:56:00.567+05:30"
1085,"d54b53239e52679436d9fd4776545ff4","Extra Juicy","pragmatic","Slot Game","https://huidu-bucket.s3.ap-southeast-1.amazonaws.com/api/pp/Extra-Juicy.png",NULL,True,"2026-09-11 16:56:00.567+05:30","2026-09-11 16:56:00.567+05:30"
1086,"765ac1bad81b9f081c40dff3042f0d20","Wild Gladiator","pragmatic","Slot Game","https://huidu-bucket.s3.ap-southeast-1.amazonaws.com/api/pp/Wild-Gladiator.png",NULL,True,"2026-09-11 16:56:00.567+05:30","2026-09-11 16:56:00.567+05:30"
1087,"09edd9fdd6b7306f7e52fad516a0a866","Treasure Horse","pragmatic","Slot Game","https://huidu-bucket.s3.ap-southeast-1.amazonaws.com/api/pp/Treasure-Horse.png",NULL,True,"2026-09-11 16:56:00.567+05:30","2026-09-11 16:56:00.567+05:30"
1088,"cddafd802c3df5592fa22cfc1bccf57d","Safari King","pragmatic","Slot Game","https://huidu-bucket.s3.ap-southeast-1.amazonaws.com/api/pp/Safari-King.png",NULL,True,"2026-09-11 16:56:00.601+05:30","2026-09-11 16:56:00.601+05:30"
1089,"3fdf115b63a60711c18d55c39371a68d","Leprechaun Carol","pragmatic","Slot Game","https://huidu-bucket.s3.ap-southeast-1.amazonaws.com/api/pp/Leprechaun-Carol.png",NULL,True,"2026-09-11 16:56:00.601+05:30","2026-09-11 16:56:00.601+05:30"
1090,"12afb282e7568a94bd22aeb7e87a29ec","Mustang Gold","pragmatic","Slot Game","https://huidu-bucket.s3.ap-southeast-1.amazonaws.com/api/pp/Mustang-Gold.png",NULL,True,"2026-09-11 16:56:00.601+05:30","2026-09-11 16:56:00.601+05:30"
1091,"12c7a1d1d24a0055efdc8c44e9ed1c6a","Triple Dragons","pragmatic","Slot Game","https://huidu-bucket.s3.ap-southeast-1.amazonaws.com/api/pp/Triple-Dragons.png",NULL,True,"2026-09-11 16:56:00.601+05:30","2026-09-11 16:56:00.601+05:30"
1093,"1329417dfec2ff1842468c5de8c3ea92","Vegas Magic","pragmatic","Slot Game","https://huidu-bucket.s3.ap-southeast-1.amazonaws.com/api/pp/Vegas-Magic.png",NULL,True,"2026-09-11 16:56:00.601+05:30","2026-09-11 16:56:00.601+05:30"
1094,"cd8babe80669b3f4b2ad6499948a2d28","Master Chen's Fortune","pragmatic","Slot Game","https://huidu-bucket.s3.ap-southeast-1.amazonaws.com/api/pp/Master-Chen's-Fortune.png",NULL,True,"2026-09-11 16:56:00.601+05:30","2026-09-11 16:56:00.601+05:30"
1095,"e8e0e00455fa575b83a788110ae59be1","Da Vinci's Treasure","pragmatic","Slot Game","https://huidu-bucket.s3.ap-southeast-1.amazonaws.com/api/pp/Da-Vinci's-Treasure.png",NULL,True,"2026-09-11 16:56:00.601+05:30","2026-09-11 16:56:00.601+05:30"
1096,"684bc8f6b763fdc92ae2fcdbf2ed213c","Peking Luck","pragmatic","Slot Game","https://huidu-bucket.s3.ap-southeast-1.amazonaws.com/api/pp/Peking-Luck.png",NULL,True,"2026-09-11 16:56:00.601+05:30","2026-09-11 16:56:00.601+05:30"
1097,"927d144709664384b785a7b5a738654a","Leprechaun Song","pragmatic","Slot Game","https://huidu-bucket.s3.ap-southeast-1.amazonaws.com/api/pp/Leprechaun-Song.png",NULL,True,"2026-09-11 16:56:00.601+05:30","2026-09-11 16:56:00.601+05:30"
1098,"1bf6fd4cd34c99c1f169bb0370354d76","Jade Butterfly","pragmatic","Slot Game","https://huidu-bucket.s3.ap-southeast-1.amazonaws.com/api/pp/Jade-Butterfly.png",NULL,True,"2026-09-11 16:56:00.601+05:30","2026-09-11 16:56:00.601+05:30"
1099,"88bc3e497f424df40b0f72989e2b57fe","Madame Destiny","pragmatic","Slot Game","https://huidu-bucket.s3.ap-southeast-1.amazonaws.com/api/pp/Madame-Destiny.png",NULL,True,"2026-09-11 16:56:00.601+05:30","2026-09-11 16:56:00.601+05:30"
1102,"a5d72bf4818f1461cb4c7eac8111dc2d","Great Rhino","pragmatic","Slot Game","https://huidu-bucket.s3.ap-southeast-1.amazonaws.com/api/pp/Great-Rhino.png",NULL,True,"2026-09-11 16:56:00.601+05:30","2026-09-11 16:56:00.601+05:30"
1103,"97bd5b1e85dcd00b3cc141a5f3527529","Joker's Jewels","pragmatic","Slot Game","https://huidu-bucket.s3.ap-southeast-1.amazonaws.com/api/pp/Joker's-Jewels.png",NULL,True,"2026-09-11 16:56:00.601+05:30","2026-09-11 16:56:00.601+05:30"
1104,"c15c84757d0bcee112913fa03c56aa0c","Fairytale Fortune","pragmatic","Slot Game","https://huidu-bucket.s3.ap-southeast-1.amazonaws.com/api/pp/Fairytale-Fortune.png",NULL,True,"2026-09-11 16:56:00.601+05:30","2026-09-11 16:56:00.601+05:30"
1105,"dc28fc48a87636549f9298e4dcd25b53","Fire 88","pragmatic","Slot Game","https://huidu-bucket.s3.ap-southeast-1.amazonaws.com/api/pp/Fire-88.png",NULL,True,"2026-09-11 16:56:00.601+05:30","2026-09-11 16:56:00.601+05:30"
1106,"b04cda159e4fcca273ca5f00e34f883f","Chilli Heat","pragmatic","Slot Game","https://huidu-bucket.s3.ap-southeast-1.amazonaws.com/api/pp/Chilli-Heat.png",NULL,True,"2026-09-11 16:56:00.601+05:30","2026-09-11 16:56:00.601+05:30"
1108,"826d4ce68597c8649303fe0b293840d3","Gold Rush","pragmatic","Slot Game","https://huidu-bucket.s3.ap-southeast-1.amazonaws.com/api/pp/Gold-Rush.png",NULL,True,"2026-09-11 16:56:00.601+05:30","2026-09-11 16:56:00.601+05:30"
1109,"d8d02a9f7b7411e87c58234236c70c4e","Lucky New Year","pragmatic","Slot Game","https://huidu-bucket.s3.ap-southeast-1.amazonaws.com/api/pp/Lucky-New-Year.png",NULL,True,"2026-09-11 16:56:00.601+05:30","2026-09-11 16:56:00.601+05:30"
1111,"be0c7e72bfc9b2a9186793e005e57ee6","Triple Tigers","pragmatic","Classic Games","https://huidu-bucket.s3.ap-southeast-1.amazonaws.com/api/pp/Triple-Tigers.png",NULL,True,"2026-09-11 16:56:00.601+05:30","2026-09-11 16:56:00.601+05:30"
1112,"ac7e4abe509cbfe467f884bb18d338b2","Diamonds are Forever 3 Lines","pragmatic","Classic Games","https://huidu-bucket.s3.ap-southeast-1.amazonaws.com/api/pp/Diamonds-are-Forever-3-Lines.png",NULL,True,"2026-09-11 16:56:00.601+05:30","2026-09-11 16:56:00.601+05:30"
1113,"a24ff258a3900048358b680ca710be53","Monkey Madness","pragmatic","Classic Games","https://huidu-bucket.s3.ap-southeast-1.amazonaws.com/api/pp/Monkey-Madness.png",NULL,True,"2026-09-11 16:56:00.601+05:30","2026-09-11 16:56:00.601+05:30"
1114,"27bc99906b89b77408654d25d40d9f1a","Santa","pragmatic","Slot Game","https://huidu-bucket.s3.ap-southeast-1.amazonaws.com/api/pp/Santa.png",NULL,True,"2026-09-11 16:56:00.601+05:30","2026-09-11 16:56:00.601+05:30"
1117,"cc02d14ebc1704bc54af93a07557fef0","Vegas Nights","pragmatic","Slot Game","https://huidu-bucket.s3.ap-southeast-1.amazonaws.com/api/pp/Vegas-Nights.png",NULL,True,"2026-09-11 16:56:00.601+05:30","2026-09-11 16:56:00.601+05:30"
1118,"384eac35bfcf5d6857f8a2c692cdbb8a","Wild Spells","pragmatic","Slot Game","https://huidu-bucket.s3.ap-southeast-1.amazonaws.com/api/pp/Wild-Spells.png",NULL,True,"2026-09-11 16:56:00.601+05:30","2026-09-11 16:56:00.601+05:30"
1119,"a2c7dd829aa83dc2115e969471da9eda","Diamond Strike","pragmatic","Slot Game","https://huidu-bucket.s3.ap-southeast-1.amazonaws.com/api/pp/Diamond-Strike.png",NULL,True,"2026-09-11 16:56:00.601+05:30","2026-09-11 16:56:00.601+05:30"
1120,"4d530e5363907c3799f15bee86023202","Panda's Fortune","pragmatic","Slot Game","https://huidu-bucket.s3.ap-southeast-1.amazonaws.com/api/pp/Panda's-Fortune.png",NULL,True,"2026-09-11 16:56:00.601+05:30","2026-09-11 16:56:00.601+05:30"
1121,"b5a07ce27f013b6c825f1c2ed253ae19","Queen Of Gold","pragmatic","Slot Game","https://huidu-bucket.s3.ap-southeast-1.amazonaws.com/api/pp/Queen-of-Gold.png",NULL,True,"2026-09-11 16:56:00.601+05:30","2026-09-11 16:56:00.601+05:30"
1122,"6622a2e83f83ba36c64ac90bd0ccf071","8 Dragons","pragmatic","Slot Game","https://huidu-bucket.s3.ap-southeast-1.amazonaws.com/api/pp/8-Dragons.png",NULL,True,"2026-09-11 16:56:00.601+05:30","2026-09-11 16:56:00.601+05:30"
1123,"edfe77c093e19c861d8424b90ce7653b","Wolf Gold","pragmatic","Slot Game","https://huidu-bucket.s3.ap-southeast-1.amazonaws.com/api/pp/Wolf-Gold.png",NULL,True,"2026-09-11 16:56:00.601+05:30","2026-09-11 16:56:00.601+05:30"
1124,"2d4bdde60b24d1fccafdcaff37e52ab8","Dragon Kingdom","pragmatic","Slot Game","https://huidu-bucket.s3.ap-southeast-1.amazonaws.com/api/pp/Dragon-Kingdom.png",NULL,True,"2026-09-11 16:56:00.601+05:30","2026-09-11 16:56:00.601+05:30"
1125,"df031f0444447df88d09c485222fac7f","3 Kingdoms - Battle of Red Cliffs","pragmatic","Slot Game","https://huidu-bucket.s3.ap-southeast-1.amazonaws.com/api/pp/3-Kingdoms-Battle-of-Red-Cliffs.png",NULL,True,"2026-09-11 16:56:00.601+05:30","2026-09-11 16:56:00.601+05:30"
1126,"63a19510c7ab63562b631c97a4604d6d","Gold Train","pragmatic","Slot Game","https://huidu-bucket.s3.ap-southeast-1.amazonaws.com/api/pp/Gold-Train.png",NULL,True,"2026-09-11 16:56:00.601+05:30","2026-09-11 16:56:00.601+05:30"
1128,"a45e9955733a64f20f4fdf051166026a","Hercules Son Of Zeus","pragmatic","Slot Game","https://huidu-bucket.s3.ap-southeast-1.amazonaws.com/api/pp/Hercules-Son-of-Zeus.png",NULL,True,"2026-09-11 16:56:00.601+05:30","2026-09-11 16:56:00.601+05:30"
1129,"b8e890effbd62cec2ee8379b54054410","Journey to the West","pragmatic","Slot Game","https://huidu-bucket.s3.ap-southeast-1.amazonaws.com/api/pp/Journey-to-the-West.png",NULL,True,"2026-09-11 16:56:00.601+05:30","2026-09-11 16:56:00.601+05:30"
1130,"6ed7c1fa8021f2834ede376afd20e4c5","Lucky Dragons","pragmatic","Slot Game","https://huidu-bucket.s3.ap-southeast-1.amazonaws.com/api/pp/Lucky-Dragons.png",NULL,True,"2026-09-11 16:56:00.601+05:30","2026-09-11 16:56:00.601+05:30"
1131,"635fe7b019b4dfbc89f71f87f8fb5997","Caishen's Gold","pragmatic","Slot Game","https://huidu-bucket.s3.ap-southeast-1.amazonaws.com/api/pp/Caishen's-Gold.png",NULL,True,"2026-09-11 16:56:00.601+05:30","2026-09-11 16:56:00.601+05:30"
1132,"9bd44b5c84d9abb96eb7ecc9d5500f11","Pixie Wings","pragmatic","Slot Game","https://huidu-bucket.s3.ap-southeast-1.amazonaws.com/api/pp/Pixie-Wings.png",NULL,True,"2026-09-11 16:56:00.601+05:30","2026-09-11 16:56:00.601+05:30"
1133,"397959b20dd458657eb10f177884c25c","Great Reef","pragmatic","Slot Game","https://huidu-bucket.s3.ap-southeast-1.amazonaws.com/api/pp/Great-Reef.png",NULL,True,"2026-09-11 16:56:00.601+05:30","2026-09-11 16:56:00.601+05:30"
1134,"6ceed907bb1461cb78c5244bf8dfe2d5","3 Genie Wishes","pragmatic","Slot Game","https://huidu-bucket.s3.ap-southeast-1.amazonaws.com/api/pp/3-Genie-Wishes.png",NULL,True,"2026-09-11 16:56:00.601+05:30","2026-09-11 16:56:00.601+05:30"
1135,"6afdacbabb9207724df04a4ba94e2f1c","Irish Charms","pragmatic","Classic Games","https://huidu-bucket.s3.ap-southeast-1.amazonaws.com/api/pp/Irish-Charms.png",NULL,True,"2026-09-11 16:56:00.601+05:30","2026-09-11 16:56:00.601+05:30"
1136,"058e47691b7ce09959a73ca237523e4c","Dwarven Gold Deluxe","pragmatic","Slot Game","https://huidu-bucket.s3.ap-southeast-1.amazonaws.com/api/pp/Dwarven-Gold-Deluxe.png",NULL,True,"2026-09-11 16:56:00.601+05:30","2026-09-11 16:56:00.601+05:30"
1927,"d7914de408fcca390fecae68336aa07b","Donut Division","hacksaw","Slot","https://example.com/game-icons/donut.png",NULL,True,"2026-09-11 16:56:00.743+05:30","2026-09-11 16:56:00.743+05:30"
1137,"f682eec1fc2a3075d1be80a5cea9c206","Mighty Kong","pragmatic","Slot Game","https://huidu-bucket.s3.ap-southeast-1.amazonaws.com/api/pp/Mighty-Kong.png",NULL,True,"2026-09-11 16:56:00.601+05:30","2026-09-11 16:56:00.601+05:30"
1138,"b9ce78f7e39d12557a194f9ef4d87998","Hot Safari","pragmatic","Slot Game","https://huidu-bucket.s3.ap-southeast-1.amazonaws.com/api/pp/Hot-Safari.png",NULL,True,"2026-09-11 16:56:00.601+05:30","2026-09-11 16:56:00.601+05:30"
1139,"0e511a855cd1a0f4ad2a2474de83e8f6","Lady Godiva","pragmatic","Slot Game","https://huidu-bucket.s3.ap-southeast-1.amazonaws.com/api/pp/Lady-Godiva.png",NULL,True,"2026-09-11 16:56:00.601+05:30","2026-09-11 16:56:00.601+05:30"
1140,"e3a626bb5e72a1ed2ba24ecacaef1923","7 Monkeys","pragmatic","Slot Game","https://huidu-bucket.s3.ap-southeast-1.amazonaws.com/api/pp/7-Monkeys.png",NULL,True,"2026-09-11 16:56:00.601+05:30","2026-09-11 16:56:00.601+05:30"
1141,"d58b1c2dd6456da42b2c1a33c70c1630","Emperor Qin","ideal","Slot Game","https://huidu-bucket.s3.ap-southeast-1.amazonaws.com/api/yesgaming/ht-emperorqin.png",NULL,True,"2026-09-11 16:56:00.601+05:30","2026-09-11 16:56:00.601+05:30"
1142,"b6668f2abcfff3f7f78ae92fe908f99f","Cracker","ideal","Slot Game","https://huidu-bucket.s3.ap-southeast-1.amazonaws.com/api/yesgaming/ht-cracker.png",NULL,True,"2026-09-11 16:56:00.601+05:30","2026-09-11 16:56:00.601+05:30"
1143,"017c1edeaf54d4684d675055c44a6f7e","FaFaFa","ideal","Slot Game","https://huidu-bucket.s3.ap-southeast-1.amazonaws.com/api/yesgaming/ht-fafafa.png",NULL,True,"2026-09-11 16:56:00.601+05:30","2026-09-11 16:56:00.601+05:30"
1144,"654155802c34cee717e943c4e2bb6bfe","Gold Toad","ideal","Slot Game","https://huidu-bucket.s3.ap-southeast-1.amazonaws.com/api/yesgaming/ht-goldtoad.png",NULL,True,"2026-09-11 16:56:00.601+05:30","2026-09-11 16:56:00.601+05:30"
1145,"eb8dd621ea38d742ff846362a9b1085d","Lion Legend","ideal","Slot Game","https://huidu-bucket.s3.ap-southeast-1.amazonaws.com/api/yesgaming/ht-lionlegend.png",NULL,True,"2026-09-11 16:56:00.601+05:30","2026-09-11 16:56:00.601+05:30"
1146,"697993800419bf160901aa9133cde524","Goblin's Gold","ideal","Slot Game","https://huidu-bucket.s3.ap-southeast-1.amazonaws.com/api/yesgaming/ht-goblingold.png",NULL,True,"2026-09-11 16:56:00.601+05:30","2026-09-11 16:56:00.601+05:30"
1147,"bf0ae3c404807429451d088725ae5377","The Unsurpassed Grace","ideal","Slot Game","https://huidu-bucket.s3.ap-southeast-1.amazonaws.com/api/yesgaming/ht-theunsurpassedgrace.png",NULL,True,"2026-09-11 16:56:00.601+05:30","2026-09-11 16:56:00.601+05:30"
1148,"8249b0e703ceb0816f3645dbac0a83ce","Arctic King","ideal","Slot Game","https://huidu-bucket.s3.ap-southeast-1.amazonaws.com/api/yesgaming/ht-arcticking.png",NULL,True,"2026-09-11 16:56:00.601+05:30","2026-09-11 16:56:00.601+05:30"
1149,"f23ad5acc6c690a45f1280ba49d28266","Jalapeno","ideal","Slot Game","https://huidu-bucket.s3.ap-southeast-1.amazonaws.com/api/yesgaming/ht-jalapeno.png",NULL,True,"2026-09-11 16:56:00.601+05:30","2026-09-11 16:56:00.601+05:30"
1150,"484025f23c821e32fc6ac31ff75613d6","Ice Age Mammoths","ideal","Slot Game","https://huidu-bucket.s3.ap-southeast-1.amazonaws.com/api/yesgaming/ht-iceagemammoths.png",NULL,True,"2026-09-11 16:56:00.601+05:30","2026-09-11 16:56:00.601+05:30"
1151,"e2a8a030f69553e9dd8f287c11bed399","Zorro","ideal","Slot Game","https://huidu-bucket.s3.ap-southeast-1.amazonaws.com/api/yesgaming/ht-zorro.png",NULL,True,"2026-09-11 16:56:00.601+05:30","2026-09-11 16:56:00.601+05:30"
1152,"316aa38ad4468a2ab757ff5a8836ab59","Three Kings","ideal","Slot Game","https://huidu-bucket.s3.ap-southeast-1.amazonaws.com/api/yesgaming/ht-threekings.png",NULL,True,"2026-09-11 16:56:00.601+05:30","2026-09-11 16:56:00.601+05:30"
1153,"96b1f087066664f4bbf547719f4ce562","Panda Warrior","ideal","Slot Game","https://huidu-bucket.s3.ap-southeast-1.amazonaws.com/api/yesgaming/ht-pandawarrior.png",NULL,True,"2026-09-11 16:56:00.601+05:30","2026-09-11 16:56:00.601+05:30"
1154,"1ae2dd4a2b6b520ea618e49734114cc2","Pirate Attack","ideal","Slot Game","https://huidu-bucket.s3.ap-southeast-1.amazonaws.com/api/yesgaming/ht-pirateattack.png",NULL,True,"2026-09-11 16:56:00.601+05:30","2026-09-11 16:56:00.601+05:30"
1155,"b242216f35f89856685b923ea29033d5","Crazy Penguin","ideal","Slot Game","https://huidu-bucket.s3.ap-southeast-1.amazonaws.com/api/yesgaming/ht-crazypenguin.png",NULL,True,"2026-09-11 16:56:00.601+05:30","2026-09-11 16:56:00.601+05:30"
1156,"a1149d0f9c50430ae060b026f09e4c7a","Fortune Cat","ideal","Slot Game","https://huidu-bucket.s3.ap-southeast-1.amazonaws.com/api/yesgaming/ht-fortunecat.png",NULL,True,"2026-09-11 16:56:00.601+05:30","2026-09-11 16:56:00.601+05:30"
1157,"32d3a212089035386a95a21d6582d368","Toy Soldiers","ideal","Slot Game","https://huidu-bucket.s3.ap-southeast-1.amazonaws.com/api/yesgaming/ht-toysoldiers.png",NULL,True,"2026-09-11 16:56:00.601+05:30","2026-09-11 16:56:00.601+05:30"
1158,"324d92fb13d0d6228279b4f7792a75ac","Power of Thor","ideal","Slot Game","https://huidu-bucket.s3.ap-southeast-1.amazonaws.com/api/yesgaming/ht-powerofthor.png",NULL,True,"2026-09-11 16:56:00.601+05:30","2026-09-11 16:56:00.601+05:30"
1159,"ba653f265134f4662d05363515e5c510","Dragon Tiles","ideal","Slot Game","https://huidu-bucket.s3.ap-southeast-1.amazonaws.com/api/yesgaming/ht-dragontiles.png",NULL,True,"2026-09-11 16:56:00.601+05:30","2026-09-11 16:56:00.601+05:30"
1160,"18bd994afe332e7ac903f511d485644e","Fortune Gate","ideal","Slot Game","https://huidu-bucket.s3.ap-southeast-1.amazonaws.com/api/yesgaming/ht-fortunegate.png",NULL,True,"2026-09-11 16:56:00.601+05:30","2026-09-11 16:56:00.601+05:30"
1161,"c5d0d421f875023cbf927692da2009d9","Shining Diamond","ideal","Slot Game","https://huidu-bucket.s3.ap-southeast-1.amazonaws.com/api/yesgaming/ht-shiningdiamond.png",NULL,True,"2026-09-11 16:56:00.601+05:30","2026-09-11 16:56:00.601+05:30"
1162,"182d8051c14f15943b8362f809bb23f0","Gold Miner","ideal","Slot Game","https://huidu-bucket.s3.ap-southeast-1.amazonaws.com/api/yesgaming/ht-goldminer.png",NULL,True,"2026-09-11 16:56:00.601+05:30","2026-09-11 16:56:00.601+05:30"
1163,"466cbf64cf586706eddbc2dd89e2d5b0","Foxy Heist","ideal","Slot Game","https://huidu-bucket.s3.ap-southeast-1.amazonaws.com/api/yesgaming/ht-foxyheist.png",NULL,True,"2026-09-11 16:56:00.601+05:30","2026-09-11 16:56:00.601+05:30"
1164,"a38019da304f80b536e9677aba84ec9e","Treasure Mine","ideal","Slot Game","https://huidu-bucket.s3.ap-southeast-1.amazonaws.com/api/yesgaming/ht-treasuremine.png",NULL,True,"2026-09-11 16:56:00.601+05:30","2026-09-11 16:56:00.601+05:30"
1165,"a1353a355a096a5d7d15fb2636f19f0a","God of Fortune","ideal","Slot Game","https://huidu-bucket.s3.ap-southeast-1.amazonaws.com/api/yesgaming/ht-godoffortune.png",NULL,True,"2026-09-11 16:56:00.601+05:30","2026-09-11 16:56:00.601+05:30"
1166,"1eedbd0f491dd245a7e325f200d94834","Fortune Koi","ideal","Slot Game","https://huidu-bucket.s3.ap-southeast-1.amazonaws.com/api/yesgaming/ht-fortunekoi2.png",NULL,True,"2026-09-11 16:56:00.601+05:30","2026-09-11 16:56:00.601+05:30"
1167,"4bca928196d945e72b3826e8077ba69f","Viking Age","ideal","Slot Game","https://huidu-bucket.s3.ap-southeast-1.amazonaws.com/api/yesgaming/ht-vikingage.png",NULL,True,"2026-09-11 16:56:00.601+05:30","2026-09-11 16:56:00.601+05:30"
1168,"4e17695dcfeb6f29e97d392f209f6035","Fortune Boy","ideal","Slot Game","https://huidu-bucket.s3.ap-southeast-1.amazonaws.com/api/yesgaming/ht-fortuneboy.png",NULL,True,"2026-09-11 16:56:00.601+05:30","2026-09-11 16:56:00.601+05:30"
1169,"ce8cc0acf6790e96586cd18e2911c9fc","Fortune Panda","ideal","Slot Game","https://huidu-bucket.s3.ap-southeast-1.amazonaws.com/api/yesgaming/ht-fortunepanda.png",NULL,True,"2026-09-11 16:56:00.601+05:30","2026-09-11 16:56:00.601+05:30"
1170,"a6edba75571a6e2ad7627bb3c3fbf1aa","Gold Rush","ideal","Slot Game","https://huidu-bucket.s3.ap-southeast-1.amazonaws.com/api/yesgaming/ht-goldrush.png",NULL,True,"2026-09-11 16:56:00.601+05:30","2026-09-11 16:56:00.601+05:30"
1171,"96972e9e911bcff850e2447d4e659378","Train Robber","ideal","Slot Game","https://huidu-bucket.s3.ap-southeast-1.amazonaws.com/api/yesgaming/ht-trainrobber.png",NULL,True,"2026-09-11 16:56:00.601+05:30","2026-09-11 16:56:00.601+05:30"
1172,"eaa49c574b992a6fb3f45c94b9fb4e80","Jalapeno 2","ideal","Slot Game","https://huidu-bucket.s3.ap-southeast-1.amazonaws.com/api/yesgaming/ht-jalapeno2.png",NULL,True,"2026-09-11 16:56:00.601+05:30","2026-09-11 16:56:00.601+05:30"
1173,"1532bc4df58dc85a1be5117db62675c5","Mystery Show","ideal","Slot Game","https://huidu-bucket.s3.ap-southeast-1.amazonaws.com/api/yesgaming/ht-mysteryshow.png",NULL,True,"2026-09-11 16:56:00.601+05:30","2026-09-11 16:56:00.601+05:30"
1174,"1d6dbb878939ef9da13b6b8874eb922b","Pirate Treasure","ideal","Slot Game","https://huidu-bucket.s3.ap-southeast-1.amazonaws.com/api/yesgaming/ht-piratetreasure.png",NULL,True,"2026-09-11 16:56:00.601+05:30","2026-09-11 16:56:00.601+05:30"
1175,"b96cb5a9b96659e7697cd854e201cf3b","Royale Expedition","ideal","Slot Game","https://huidu-bucket.s3.ap-southeast-1.amazonaws.com/api/yesgaming/ht-royaleexpedition.png",NULL,True,"2026-09-11 16:56:00.601+05:30","2026-09-11 16:56:00.601+05:30"
1176,"b0112c09fd807bfe0c1d839b6f002948","Eagle Parade","ideal","Slot Game","https://huidu-bucket.s3.ap-southeast-1.amazonaws.com/api/yesgaming/ht-eagleparade.png",NULL,True,"2026-09-11 16:56:00.601+05:30","2026-09-11 16:56:00.601+05:30"
1177,"aca500c0066dbf7668bba2ebf63e0ae4","The King Of Olympus","ideal","Slot Game","https://huidu-bucket.s3.ap-southeast-1.amazonaws.com/api/yesgaming/ht-thekingofolympus.png",NULL,True,"2026-09-11 16:56:00.601+05:30","2026-09-11 16:56:00.601+05:30"
1178,"58f09506283d7a0832dfcab0327ae379","Mahjong Gold","ideal","Slot Game","https://huidu-bucket.s3.ap-southeast-1.amazonaws.com/api/yesgaming/ht-mahjonggold.png",NULL,True,"2026-09-11 16:56:00.601+05:30","2026-09-11 16:56:00.601+05:30"
1179,"dffdfcc2b41ec5672c30b88bbb2e92b7","Candy Burst","ideal","Slot Game","https://huidu-bucket.s3.ap-southeast-1.amazonaws.com/api/yesgaming/ht-candyburst.png",NULL,True,"2026-09-11 16:56:00.601+05:30","2026-09-11 16:56:00.601+05:30"
1180,"0c78c20229def7d837cbb6bf2d8ae73d","Leprechaun","ideal","Slot Game","https://huidu-bucket.s3.ap-southeast-1.amazonaws.com/api/yesgaming/ht-leprechaun.png",NULL,True,"2026-09-11 16:56:00.601+05:30","2026-09-11 16:56:00.601+05:30"
1181,"98a25fb8528bd23ab8f88c1ccf1c92ce","Fortune Neko","ideal","Slot Game","https://huidu-bucket.s3.ap-southeast-1.amazonaws.com/api/yesgaming/ht-fortuneneko.png",NULL,True,"2026-09-11 16:56:00.601+05:30","2026-09-11 16:56:00.601+05:30"
1182,"6c50989ecf5860cc47279d5ee858037e","Legend of Aztec","ideal","Slot Game","https://huidu-bucket.s3.ap-southeast-1.amazonaws.com/api/yesgaming/ht-legendofaztec.png",NULL,True,"2026-09-11 16:56:00.601+05:30","2026-09-11 16:56:00.601+05:30"
1183,"d7102fbb62d30b0e9e951c49ad376bfd","Almighty Zeus","ideal","Slot Game","https://huidu-bucket.s3.ap-southeast-1.amazonaws.com/api/yesgaming/ht-almightyzeus.png",NULL,True,"2026-09-11 16:56:00.601+05:30","2026-09-11 16:56:00.601+05:30"
1184,"d15afcbd55b16b6b21d6612ea7f09869","Gemstone Princess","ideal","Slot Game","https://huidu-bucket.s3.ap-southeast-1.amazonaws.com/api/yesgaming/ht-gemstoneprincess.png",NULL,True,"2026-09-11 16:56:00.601+05:30","2026-09-11 16:56:00.601+05:30"
1185,"77d52f4b95fdc6c04828bd9605e7d1c0","Mahjong Gold 2","ideal","Slot Game","https://huidu-bucket.s3.ap-southeast-1.amazonaws.com/api/yesgaming/ht-mahjonggold2.png",NULL,True,"2026-09-11 16:56:00.601+05:30","2026-09-11 16:56:00.601+05:30"
1186,"322742d014aca4cb302d86fb3029aba2","Lucky Witch","ideal","Slot Game","https://huidu-bucket.s3.ap-southeast-1.amazonaws.com/api/yesgaming/ht-luckywitch.png",NULL,True,"2026-09-11 16:56:00.601+05:30","2026-09-11 16:56:00.601+05:30"
1187,"35970ef5302ee2f20b9de877d6727448","Fishing Tycoon","ideal","Slot Game","https://huidu-bucket.s3.ap-southeast-1.amazonaws.com/api/yesgaming/ht-fishingtycoon.png",NULL,True,"2026-09-11 16:56:00.601+05:30","2026-09-11 16:56:00.601+05:30"
1188,"db2e28711729f50609629a9d38de6f9f","Jade Emperor","ideal","Slot Game","https://huidu-bucket.s3.ap-southeast-1.amazonaws.com/api/yesgaming/ht-jadeemperor.png",NULL,True,"2026-09-11 16:56:00.601+05:30","2026-09-11 16:56:00.601+05:30"
1189,"992092a828098028e7de260f937aa4da","Crazy Thieves","ideal","Slot Game","https://huidu-bucket.s3.ap-southeast-1.amazonaws.com/api/yesgaming/ht-theheists.png",NULL,True,"2026-09-11 16:56:00.601+05:30","2026-09-11 16:56:00.601+05:30"
1190,"124c8e22d59b3fc448265a1e9b32620c","Spooky Halloween","ideal","Slot Game","https://huidu-bucket.s3.ap-southeast-1.amazonaws.com/api/yesgaming/ht-spookyhalloween.png",NULL,True,"2026-09-11 16:56:00.601+05:30","2026-09-11 16:56:00.601+05:30"
1191,"3d014cc72ef954a49db85f8c04ab2a2a","Fortune Bull","ideal","Slot Game","https://huidu-bucket.s3.ap-southeast-1.amazonaws.com/api/yesgaming/ht-fortunebull.png",NULL,True,"2026-09-11 16:56:00.601+05:30","2026-09-11 16:56:00.601+05:30"
1192,"943e0f1c86ebcad476815003a2084147","Pharaoh Treasures","ideal","Slot Game","https://huidu-bucket.s3.ap-southeast-1.amazonaws.com/api/yesgaming/ht-pharaohtreasures.png",NULL,True,"2026-09-11 16:56:00.601+05:30","2026-09-11 16:56:00.601+05:30"
1193,"f10b39257abb364e56df597f9e07a090","Thanksgiving Blast","ideal","Slot Game","https://huidu-bucket.s3.ap-southeast-1.amazonaws.com/api/yesgaming/ht-thanksgivingblast.png",NULL,True,"2026-09-11 16:56:00.601+05:30","2026-09-11 16:56:00.601+05:30"
1194,"5cb1f73869693063dc0aa1ec4ab4756e","Kokushimusou","ideal","Slot Game","https://huidu-bucket.s3.ap-southeast-1.amazonaws.com/api/yesgaming/ht-kokushimusou.png",NULL,True,"2026-09-11 16:56:00.601+05:30","2026-09-11 16:56:00.601+05:30"
1195,"6cdbaee9633f74e049259494e1eb33f2","Buffalo","ideal","Slot Game","https://huidu-bucket.s3.ap-southeast-1.amazonaws.com/api/yesgaming/ht-buffalo.png",NULL,True,"2026-09-11 16:56:00.601+05:30","2026-09-11 16:56:00.601+05:30"
1196,"ac813b4b69128a3732d78fb975752a6a","Tiger Master","ideal","Slot Game","https://huidu-bucket.s3.ap-southeast-1.amazonaws.com/api/yesgaming/ht-tigermaster.png",NULL,True,"2026-09-11 16:56:00.601+05:30","2026-09-11 16:56:00.601+05:30"
1197,"5bdacaf675d2f94258102e2cbc8d2254","Xiangqi Warfare","ideal","Slot Game","https://huidu-bucket.s3.ap-southeast-1.amazonaws.com/api/yesgaming/ht-xiangqiwarfare.png",NULL,True,"2026-09-11 16:56:00.601+05:30","2026-09-11 16:56:00.601+05:30"
1198,"d760f79443978cce11af6c13c34d9c29","Huangdi Legend","ideal","Slot Game","https://huidu-bucket.s3.ap-southeast-1.amazonaws.com/api/yesgaming/ht-huangdilegend.png",NULL,True,"2026-09-11 16:56:00.601+05:30","2026-09-11 16:56:00.601+05:30"
1199,"979c421948f713a2e52dcde7c04bfb4f","Prosperity 168","ideal","Slot Game","https://huidu-bucket.s3.ap-southeast-1.amazonaws.com/api/yesgaming/ht-prosperity168.png",NULL,True,"2026-09-11 16:56:00.601+05:30","2026-09-11 16:56:00.601+05:30"
1200,"8abb0acf4faa451ea4b51eb5e18e3d8b","King Gummy Bear","ideal","Slot Game","https://huidu-bucket.s3.ap-southeast-1.amazonaws.com/api/yesgaming/ht-kinggummybear.png",NULL,True,"2026-09-11 16:56:00.601+05:30","2026-09-11 16:56:00.601+05:30"
1201,"28a9308652063ba362472e2bd1a1f913","Mahjong Infinity","ideal","Slot Game","https://huidu-bucket.s3.ap-southeast-1.amazonaws.com/api/yesgaming/ht-mahjonginfinity.png",NULL,True,"2026-09-11 16:56:00.601+05:30","2026-09-11 16:56:00.601+05:30"
1202,"33fce45f64bc4cf9619a0a990a414bb8","Aztec Triple Riches Power Combo","microgaming","Slots","https://mgasia.canto.global/v/MGAssetLibrary/album/NQ1G2",NULL,True,"2026-09-11 16:56:00.601+05:30","2026-09-11 16:56:00.601+05:30"
2315,"9c85548c5a5682fb75b97d93f9bf6ba1","Royal Fruits MultiLines","bgaming","Video Slot","",NULL,True,"2026-09-11 16:56:00.601+05:30","2026-09-11 16:56:00.601+05:30"
2316,"21dbf27bf1926124b306bc5659c47883","Robospin","bgaming","Casual","",NULL,True,"2026-09-11 16:56:00.601+05:30","2026-09-11 16:56:00.601+05:30"
2317,"7d9fcac036458ee987df0963fa23fbe0","Train to Rio Grande","bgaming","Video Slot","",NULL,True,"2026-09-11 16:56:00.601+05:30","2026-09-11 16:56:00.601+05:30"
1217,"9344121a50ffb98ca713351f0c0f0ef1","Roulette","microgaming","Live Casino","https://mgasia.canto.global/v/MGAssetLibrary/album/TV25N",NULL,True,"2026-09-11 16:56:00.601+05:30","2026-09-11 16:56:00.601+05:30"
1213,"930c5186d0ee26a46331a09542b7c78c","Lucky Twins PowerClusters","microgaming","Slots","https://mgasia.canto.global/v/MGAssetLibrary/album/QK31D",NULL,True,"2026-09-11 16:56:00.601+05:30","2026-09-11 16:56:00.601+05:30"
1214,"a371eb859fdc03660fb289af804d0759","Mighty Panda","microgaming","Slots","https://mgasia.canto.global/v/MGAssetLibrary/album/T78OI",NULL,True,"2026-09-11 16:56:00.601+05:30","2026-09-11 16:56:00.601+05:30"
1216,"f74babecd48f203130ab2162957c8b8e","Shark Platinum","microgaming","Slots","https://mgasia.canto.global/v/MGAssetLibrary/album/R5125",NULL,True,"2026-09-11 16:56:00.601+05:30","2026-09-11 16:56:00.601+05:30"
1218,"2878ce1a5eda3b9bb7a3318cb8600197","Dr Watts Up","microgaming","Slots","https://mgasia.canto.global/v/MGAssetLibrary/album/S0J18",NULL,True,"2026-09-11 16:56:00.601+05:30","2026-09-11 16:56:00.601+05:30"
1219,"c7f81d017424ac5efd86e9f354c3fc9e","Lucky Little Dragons","microgaming","Slots","https://mgasia.canto.global/v/MGAssetLibrary/album/P5NSN",NULL,True,"2026-09-11 16:56:00.601+05:30","2026-09-11 16:56:00.601+05:30"
1220,"75e86c64e4fe5a4dbbf8390c2a44e67a","Queen of Cairo","microgaming","Slots","https://mgasia.canto.global/v/MGAssetLibrary/album/O2JNJ",NULL,True,"2026-09-11 16:56:00.601+05:30","2026-09-11 16:56:00.601+05:30"
1221,"d693c33ddb634da6e5f3d53d35e4f07c","108 Heroes Water Margin","microgaming","Slots","https://mgasia.canto.global/v/MGAssetLibrary/album/QMRJH",NULL,True,"2026-09-11 16:56:00.601+05:30","2026-09-11 16:56:00.601+05:30"
1226,"5e52a78a913c4ff0b217802ac5bb18d9","FlyX","microgaming","Arcade","https://mgasia.canto.global/v/MGAssetLibrary/album/U07I3",NULL,True,"2026-09-11 16:56:00.601+05:30","2026-09-11 16:56:00.601+05:30"
1207,"d8d4c4574921210121c4899e45718cf6","Sienna Steele","microgaming","Slots","https://www.coincasino.com/cdn/imported_games_images/HUB88/Microgaming/mg_slots_siennasteele/d78cd90b-aa53-4ab1-a182-f2113673bd1f.jpg?w=640",NULL,True,"2026-09-11 16:56:00.601+05:30","2026-09-11 16:56:00.601+05:30"
2233,"6b46d1c96b0805e1b9ecfa86794e975a","King of 3 Kingdoms","netent","Slot Game","",NULL,True,"2026-09-11 16:56:00.835+05:30","2026-09-11 16:56:00.835+05:30"
1208,"128ad77a36e65eda0182d9f87a837454","Candy Rush Wilds 2","microgaming","Slots","https://www.coincasino.com/cdn/imported_games_images/HUB88/Microgaming/mg_slots_candyrushwilds2/75a90e24-966f-43a6-a092-ba3e750a59b8.jpg?w=640",NULL,True,"2026-09-11 16:56:00.601+05:30","2026-09-11 16:56:00.601+05:30"
1209,"e7b3aeba1ecd7976c494cd433c20c6e2","Almighty Athena Empire","microgaming","Slots","https://www.coincasino.com/cdn/imported_games_images/HUB88/Microgaming/mg_slots_almightyathenaempire/3aef0875-bbc4-4df5-92a1-6484f68f2274.jpg?w=640",NULL,True,"2026-09-11 16:56:00.601+05:30","2026-09-11 16:56:00.601+05:30"
1212,"3688da0f7f533b8d9b266db97676b7a1","Crazy Bob Bonanza","microgaming","Slots","https://www.coincasino.com/cdn/imported_games_images/HUB88/Microgaming/mg_slots_crazybobbonanza/560fa360-4d32-44a7-90f6-8e8d03dff5f1.jpg?w=640",NULL,True,"2026-09-11 16:56:00.601+05:30","2026-09-11 16:56:00.601+05:30"
1215,"ce1e1a7163d5343502b9fd8e0b14420f","Massive Gold","microgaming","Slots","https://www.coincasino.com/cdn/71b66874-61a7-491b-9dd7-6e5efa7745fe.jpg?w=640",NULL,True,"2026-09-11 16:56:00.601+05:30","2026-09-11 16:56:00.601+05:30"
1211,"6ad579a6a69bb7b11bf61058b1c8e9a6","3 Laughing Lions Power Combo","microgaming","Slots","https://www.coincasino.com/cdn/imported_games_images/HUB88/Microgaming/mg_slots_3laughinglionspowercombo/77b6b3f3-b257-4804-957a-3236d169f2f0.jpg?w=320",NULL,True,"2026-09-11 16:56:00.601+05:30","2026-09-11 16:56:00.601+05:30"
1222,"10f0cb371de1096e988ed79be19a23a0","Almighty Zeus Wilds","microgaming","Slots","https://bc.imgix.net/game/image/14050_Almighty%20Zeus%20Empire.png?_v=4&auto=format&dpr=1.25&w=200",NULL,True,"2026-09-11 16:56:00.601+05:30","2026-09-11 16:56:00.601+05:30"
1225,"a95e5181843d844ec83f3f0f7c004f86","Chronicles of Olympus II - Zeus","microgaming","Slots","https://bc.imgix.net/game/image/21a0a8ec14.png?_v=4&auto=format&dpr=1.25&w=200",NULL,True,"2026-09-11 16:56:00.601+05:30","2026-09-11 16:56:00.601+05:30"
2318,"f798b5e34e30ec1d707bbad93275de66","Kraken's Hunger","bgaming","Video Slot","",NULL,True,"2026-09-11 16:56:00.601+05:30","2026-09-11 16:56:00.601+05:30"
1228,"d31d0b9a48c678b84de14f0c9ef3c94c","Amazing Pharaoh","microgaming","Video Bingo","https://mgasia.canto.global/v/MGAssetLibrary/album/MGJ7D",NULL,True,"2026-09-11 16:56:00.601+05:30","2026-09-11 16:56:00.601+05:30"
2319,"caf101eea60fb8976d2b08cbc4ac57db","Mine Gems","bgaming","Casual","",NULL,True,"2026-09-11 16:56:00.601+05:30","2026-09-11 16:56:00.601+05:30"
1231,"f96d4f4bfddef0ce8382e1bf95a19b46","Fishin' Pots of Gold Gold Blitz","microgaming","Slots","https://mgasia.canto.global/v/MGAssetLibrary/album/J03PR",NULL,True,"2026-09-11 16:56:00.601+05:30","2026-09-11 16:56:00.601+05:30"
1232,"6c72e5c4248e0197e31ca64173fc1e6e","9 Enchanted Beans","microgaming","Slots","https://mgasia.canto.global/v/MGAssetLibrary/album/VNS8R",NULL,True,"2026-09-11 16:56:00.601+05:30","2026-09-11 16:56:00.601+05:30"
1233,"a53a06effd3b80dd8b723e82778687b6","Fire and Roses Jolly Joker","microgaming","Slots","https://mgasia.canto.global/v/MGAssetLibrary/album/VKI3V",NULL,True,"2026-09-11 16:56:00.601+05:30","2026-09-11 16:56:00.601+05:30"
1234,"40d5ec99e62b0d1a9238da0bd52ddf76","Dragon's Loot Link&Win 4Tune","microgaming","Slots","https://mgasia.canto.global/v/MGAssetLibrary/album/NLF9G",NULL,True,"2026-09-11 16:56:00.601+05:30","2026-09-11 16:56:00.601+05:30"
1235,"554f7ea67c9e2e827d908f2462d92db6","Gods & Pyramids Power Combo","microgaming","Slots","https://mgasia.canto.global/v/MGAssetLibrary/album/G7KJO",NULL,True,"2026-09-11 16:56:00.601+05:30","2026-09-11 16:56:00.601+05:30"
1236,"a22aee195d737e962865e8dac17c9b29","Gold Blitz Extreme","microgaming","Slots","https://mgasia.canto.global/v/MGAssetLibrary/album/UNTL3",NULL,True,"2026-09-11 16:56:00.601+05:30","2026-09-11 16:56:00.601+05:30"
1237,"0f22c38909e2f1a61f8a7516d326691d","9 Pots of Gold Megaways","microgaming","Slots","https://mgasia.canto.global/v/MGAssetLibrary/album/IQ452",NULL,True,"2026-09-11 16:56:00.601+05:30","2026-09-11 16:56:00.601+05:30"
1238,"bc6e20e07ad21bc92bb8cfe307c5e237","Tiki Tiki Boom","microgaming","Slots","https://mgasia.canto.global/v/MGAssetLibrary/album/KB1EG",NULL,True,"2026-09-11 16:56:00.601+05:30","2026-09-11 16:56:00.601+05:30"
1239,"57cc1c1180105e70d1bdf808bb0ea532","Asgardian Fire","microgaming","Slots","https://mgasia.canto.global/v/MGAssetLibrary/album/STNIS",NULL,True,"2026-09-11 16:56:00.601+05:30","2026-09-11 16:56:00.601+05:30"
1240,"67b3918a380d3954467da49894068f9d","Unusual Suspects","microgaming","Slots","https://mgasia.canto.global/v/MGAssetLibrary/album/JJO7C",NULL,True,"2026-09-11 16:56:00.601+05:30","2026-09-11 16:56:00.601+05:30"
1241,"00fdc51384136a1d376c61e708d191ce","Anvil and Ore","microgaming","Slots","https://mgasia.canto.global/v/MGAssetLibrary/album/MJ0P3",NULL,True,"2026-09-11 16:56:00.601+05:30","2026-09-11 16:56:00.601+05:30"
1242,"0b0c3c1e48b5b5277c579d40fa8e6a46","The Eternal Widow","microgaming","Slots","https://mgasia.canto.global/v/MGAssetLibrary/album/UH4JV",NULL,True,"2026-09-11 16:56:00.601+05:30","2026-09-11 16:56:00.601+05:30"
1243,"dac76c8f56b4f56dce3a8b089f10a91b","Gem Fire Frenzy","microgaming","Slots","https://mgasia.canto.global/v/MGAssetLibrary/album/GMEQR",NULL,True,"2026-09-11 16:56:00.601+05:30","2026-09-11 16:56:00.601+05:30"
1244,"ecf818781fbaae441270ef1cb6300df4","Legendary Treasures","microgaming","Slots","https://mgasia.canto.global/v/MGAssetLibrary/album/L3D5O",NULL,True,"2026-09-11 16:56:00.601+05:30","2026-09-11 16:56:00.601+05:30"
1245,"615033c728332e36dc2b055afb6f77fd","Tippy Tavern","microgaming","Slots","https://mgasia.canto.global/v/MGAssetLibrary/album/RTBKU",NULL,True,"2026-09-11 16:56:00.601+05:30","2026-09-11 16:56:00.601+05:30"
1247,"1984f48b505b3f6b8192a35be38685c0","Magic Jokers","microgaming","Slots","https://mgasia.canto.global/v/MGAssetLibrary/album/NKTLT",NULL,True,"2026-09-11 16:56:00.601+05:30","2026-09-11 16:56:00.601+05:30"
1248,"6652d8c875fd7b7fcb7bf5b55699176e","Fish Em Up","microgaming","Slots","https://mgasia.canto.global/v/MGAssetLibrary/album/LFGUM",NULL,True,"2026-09-11 16:56:00.601+05:30","2026-09-11 16:56:00.601+05:30"
1249,"968808ad447d05dc3f98af2a9917beb0","Andvari : The Magic Ring","microgaming","Slots","https://mgasia.canto.global/v/MGAssetLibrary/album/Q4KJL",NULL,True,"2026-09-11 16:56:00.601+05:30","2026-09-11 16:56:00.601+05:30"
1250,"99753daa8f1f4dc33966aafc4860da90","Dog Days","microgaming","Slots","https://mgasia.canto.global/v/MGAssetLibrary/album/HAA0M",NULL,True,"2026-09-11 16:56:00.601+05:30","2026-09-11 16:56:00.601+05:30"
1251,"3e6e74024989b68d643a50be861d5c3d","Amazon - Lost Gold","microgaming","Slots","https://mgasia.canto.global/v/MGAssetLibrary/album/TJUTG",NULL,True,"2026-09-11 16:56:00.601+05:30","2026-09-11 16:56:00.601+05:30"
1254,"a77ed66fd68dbf148470d7df3d42c6f0","Granny Vs Zombies","microgaming","Slots","https://mgasia.canto.global/v/MGAssetLibrary/album/GVUOH",NULL,True,"2026-09-11 16:56:00.601+05:30","2026-09-11 16:56:00.601+05:30"
1255,"0f7da3c3fbb3cb2fd40e6f7a3f4fa737","Almighty Zeus Empire","microgaming","Slots","https://mgasia.canto.global/v/MGAssetLibrary/album/RF12C",NULL,True,"2026-09-11 16:56:00.601+05:30","2026-09-11 16:56:00.601+05:30"
1257,"8500820a9a5f3b09036b1d23e533c374","Win Sum Dim Sum","microgaming","Slots","https://mgasia.canto.global/v/MGAssetLibrary/album/I98IA",NULL,True,"2026-09-11 16:56:00.601+05:30","2026-09-11 16:56:00.601+05:30"
1259,"daabc9426034dc78ce3c6b5c5bb1c3d6","Wildfire Wins","microgaming","Slots","https://mgasia.canto.global/v/MGAssetLibrary/album/LQIN9",NULL,True,"2026-09-11 16:56:00.601+05:30","2026-09-11 16:56:00.601+05:30"
1260,"9337a8e1367c791b63bd39049aedc63f","Wild Wild Romance","microgaming","Slots","https://mgasia.canto.global/v/MGAssetLibrary/album/N8NEV",NULL,True,"2026-09-11 16:56:00.601+05:30","2026-09-11 16:56:00.601+05:30"
1263,"8bb66f724e46befb15476310e149de91","Wild Catch (New)","microgaming","Slots","https://mgasia.canto.global/v/MGAssetLibrary/album/JN9L4",NULL,True,"2026-09-11 16:56:00.601+05:30","2026-09-11 16:56:00.601+05:30"
1264,"61529a1352c81f4bde81d2516b0313fa","Wicked Tales: Dark Red","microgaming","Slots","https://mgasia.canto.global/v/MGAssetLibrary/album/TBVHS",NULL,True,"2026-09-11 16:56:00.601+05:30","2026-09-11 16:56:00.601+05:30"
1265,"9338b8a9638417dde731adcb3d5b81d0","What A Hoot","microgaming","Slots","https://mgasia.canto.global/v/MGAssetLibrary/album/Q5HFQ",NULL,True,"2026-09-11 16:56:00.601+05:30","2026-09-11 16:56:00.601+05:30"
1266,"edc7e5b4c2b02926bc90b5341df0a3d3","Western Gold","microgaming","Slots","https://mgasia.canto.global/v/MGAssetLibrary/album/H3HIQ",NULL,True,"2026-09-11 16:56:00.601+05:30","2026-09-11 16:56:00.601+05:30"
1267,"3751758ba73da69418fda3057a97bf59","Wanted Outlaws","microgaming","Slots","https://mgasia.canto.global/v/MGAssetLibrary/album/MDPJK",NULL,True,"2026-09-11 16:56:00.601+05:30","2026-09-11 16:56:00.601+05:30"
1269,"05b71f57bb2c111cd093016a92562099","Untamed - Giant Panda","microgaming","Slots","https://mgasia.canto.global/v/MGAssetLibrary/album/VSDJ5",NULL,True,"2026-09-11 16:56:00.601+05:30","2026-09-11 16:56:00.601+05:30"
2235,"861236eec8633cae4cbf847daaac7090","Wild-O-Tron 3000","netent","Slot Game","",NULL,True,"2026-09-11 16:56:00.835+05:30","2026-09-11 16:56:00.835+05:30"
1252,"7a1486bb9c1b9ce938dcb63b656e214b","Champions of Olympus","microgaming","Slots","https://www.coincasino.com/cdn/imported_games_images/HUB88/Microgaming/mg_slots_championsofolympus/ba431e12-08dc-4bc6-9fa4-631921b7ee91.jpg?w=320",NULL,True,"2026-09-11 16:56:00.601+05:30","2026-09-11 16:56:00.601+05:30"
1258,"4b8d6ccb2701966093d23927931be142","Wildfire Wins Extreme","microgaming","Slots","https://bc.imgix.net/game/image/13102_Wildfire%20Wins%20Extreme.png?_v=4&auto=format&dpr=1.25&w=200",NULL,True,"2026-09-11 16:56:00.601+05:30","2026-09-11 16:56:00.601+05:30"
1268,"687016930a7310e0b8da16fc726bedd4","Wacky Panda","microgaming","Slots","https://bc.imgix.net/game/image/6943_Wacky%20Panda.png?_v=4&auto=format&dpr=1.25&w=200",NULL,True,"2026-09-11 16:56:00.601+05:30","2026-09-11 16:56:00.601+05:30"
1256,"95c8f6dd0f8f698dcc57507ff383378d","Wolf Blaze Megaways","microgaming","Slots","https://bc.imgix.net/game/image/13006_Wolf%20Blaze%20Megaways.png?_v=4&auto=format&dpr=1.25&w=200",NULL,True,"2026-09-11 16:56:00.601+05:30","2026-09-11 16:56:00.601+05:30"
1246,"5fee9fb824d486668cc571dd5a2569a2","Storm to Riches","microgaming","Slots","https://bc.imgix.net/game/image/15a25e91-a56e-42b2-a534-dfc41b723241.png?_v=4&auto=format&dpr=1.25&w=200",NULL,True,"2026-09-11 16:56:00.601+05:30","2026-09-11 16:56:00.601+05:30"
1253,"fc8d4317c17615a57bfcf6cbeecad878","Spin Spin Sugar","microgaming","Slots","https://bc.imgix.net/game/image/13821_Spin%20Spin%20Sugar.png?_v=4&auto=format&dpr=1.25&w=200",NULL,True,"2026-09-11 16:56:00.601+05:30","2026-09-11 16:56:00.601+05:30"
1261,"193c21c83af8f4c17df0cb7cc14bfe89","Wild Scarabs","microgaming","Slots","https://bc.imgix.net/game/image/7306_Wild%20Scarabs.png?_v=4&auto=format&dpr=1.25&w=200",NULL,True,"2026-09-11 16:56:00.601+05:30","2026-09-11 16:56:00.601+05:30"
1262,"9bf41431312f68940ae1f3257cccfbe2","Wild Orient","microgaming","Slots","https://bc.imgix.net/game/image/5c302ede-2b41-4a3c-8d8d-36fd96b0f16f.png?_v=4&auto=format&dpr=1.25&w=200",NULL,True,"2026-09-11 16:56:00.601+05:30","2026-09-11 16:56:00.601+05:30"
1271,"ed4c173d8aab90791f16fc24ad4516c8","Treasures of Lion City","microgaming","Slots","https://mgasia.canto.global/v/MGAssetLibrary/album/P81NP",NULL,True,"2026-09-11 16:56:00.601+05:30","2026-09-11 16:56:00.601+05:30"
1272,"a54ed7cd379aab1d0d89509225e3cd29","Treasure Palace","microgaming","Slots","https://mgasia.canto.global/v/MGAssetLibrary/album/L630R",NULL,True,"2026-09-11 16:56:00.601+05:30","2026-09-11 16:56:00.601+05:30"
1273,"f2e93907964f7632245733a5f223c692","Treasure Dash","microgaming","Arcade","https://mgasia.canto.global/v/MGAssetLibrary/album/NTVU4",NULL,True,"2026-09-11 16:56:00.601+05:30","2026-09-11 16:56:00.601+05:30"
1274,"ad3f5c3b5cf5b99fe9bbc41411e3a50c","Titans of the Sun - Theia","microgaming","Slots","https://mgasia.canto.global/v/MGAssetLibrary/album/S0OJG",NULL,True,"2026-09-11 16:56:00.601+05:30","2026-09-11 16:56:00.601+05:30"
1275,"8713ec7390cf5931682ec9ae208e7e96","Tiki Reward","microgaming","Slots","https://mgasia.canto.global/v/MGAssetLibrary/album/IB3MS",NULL,True,"2026-09-11 16:56:00.601+05:30","2026-09-11 16:56:00.601+05:30"
1276,"9cc04610002c6462e28a4c9d9d1213e6","Tiger's Ice","microgaming","Slots","https://mgasia.canto.global/v/MGAssetLibrary/album/KKHP8",NULL,True,"2026-09-11 16:56:00.601+05:30","2026-09-11 16:56:00.601+05:30"
1277,"ba1a74845aeb3d1c2f0fe8ddd048a4f8","Tiger's Eye","microgaming","Slots","https://mgasia.canto.global/v/MGAssetLibrary/album/TGGFA",NULL,True,"2026-09-11 16:56:00.601+05:30","2026-09-11 16:56:00.601+05:30"
1278,"b052d764188fd9c0e355a61d0acc24c4","Thunderstruck Stormchaser","microgaming","Slots","https://mgasia.canto.global/v/MGAssetLibrary/album/ULASA",NULL,True,"2026-09-11 16:56:00.601+05:30","2026-09-11 16:56:00.601+05:30"
1279,"167dab624866bbdd19effc424ef31514","Thunderstruck Wild Lightning","microgaming","Slots","https://mgasia.canto.global/v/MGAssetLibrary/album/O45BF",NULL,True,"2026-09-11 16:56:00.601+05:30","2026-09-11 16:56:00.601+05:30"
2150,"cde888c86b33b363d6c7be0b3faa3c17","Starburst XXXtreme","netent","Slot Game","",NULL,True,"2026-09-11 16:56:00.601+05:30","2026-09-11 16:56:00.601+05:30"
1280,"7abba264a25236378317f9d8c76a992a","Thunderstruck II","microgaming","Slots","https://mgasia.canto.global/v/MGAssetLibrary/album/Q1CG4",NULL,True,"2026-09-11 16:56:00.601+05:30","2026-09-11 16:56:00.601+05:30"
1281,"134272e64759d79cf70a1c06aec7e263","Thunderstruck","microgaming","Slots","https://mgasia.canto.global/v/MGAssetLibrary/album/QM192",NULL,True,"2026-09-11 16:56:00.601+05:30","2026-09-11 16:56:00.601+05:30"
1282,"3e4495711574496dd131b1c6d144d4f3","The Twisted Circus","microgaming","Slots","https://mgasia.canto.global/v/MGAssetLibrary/album/VG7TJ",NULL,True,"2026-09-11 16:56:00.601+05:30","2026-09-11 16:56:00.601+05:30"
1283,"d7f07998a42f33cdd13a2c3b60a2b7bc","The Incredible Balloon Machine","microgaming","Arcade","https://mgasia.canto.global/v/MGAssetLibrary/album/G5K6M",NULL,True,"2026-09-11 16:56:00.601+05:30","2026-09-11 16:56:00.601+05:30"
2320,"c15396a5ca8b7bb0336d9823e7d70599","Catch the Gold Hold and Win","bgaming","Video Slot","",NULL,True,"2026-09-11 16:56:00.601+05:30","2026-09-11 16:56:00.601+05:30"
1286,"6e75323336ddd5f1645417b2c35da654","SunTide","microgaming","Slots","https://mgasia.canto.global/v/MGAssetLibrary/album/Q30TI",NULL,True,"2026-09-11 16:56:00.601+05:30","2026-09-11 16:56:00.601+05:30"
1287,"80cbbd248db7eeccfdbd11ee80d0c281","Summertime","microgaming","Slots","https://mgasia.canto.global/v/MGAssetLibrary/album/PG8VA",NULL,True,"2026-09-11 16:56:00.601+05:30","2026-09-11 16:56:00.601+05:30"
2321,"c1bde325f7f9ebb6dd8eb8bdc2701e89","Street Power","bgaming","Casual","",NULL,True,"2026-09-11 16:56:00.601+05:30","2026-09-11 16:56:00.601+05:30"
1289,"4f18d31c1f8f87fbae710ce912c5a92d","Sterling Silver","microgaming","Slots","https://mgasia.canto.global/v/MGAssetLibrary/album/GMSOE",NULL,True,"2026-09-11 16:56:00.601+05:30","2026-09-11 16:56:00.601+05:30"
1290,"b5ccb0c5e7f3ba7dc0c36ce4e24c81a7","Starlite Fruits","microgaming","Slots","https://mgasia.canto.global/v/MGAssetLibrary/album/TNKL0",NULL,True,"2026-09-11 16:56:00.601+05:30","2026-09-11 16:56:00.601+05:30"
1292,"50a0754e622ba0cb10f058da761bd019","Squealin' Riches","microgaming","Slots","https://mgasia.canto.global/v/MGAssetLibrary/album/GJL4F",NULL,True,"2026-09-11 16:56:00.601+05:30","2026-09-11 16:56:00.601+05:30"
1293,"028d4d523b6d2ecdd131899721b62543","Spring Break","microgaming","Slots","https://mgasia.canto.global/v/MGAssetLibrary/album/U8ON9",NULL,True,"2026-09-11 16:56:00.601+05:30","2026-09-11 16:56:00.601+05:30"
1294,"183a033e921f04d27b7c89b97010cf01","Sonic Links","microgaming","Slots","https://mgasia.canto.global/v/MGAssetLibrary/album/LMDQL",NULL,True,"2026-09-11 16:56:00.652+05:30","2026-09-11 16:56:00.652+05:30"
1295,"f5c724356354f46786b7808826c41957","Solar Wilds","microgaming","Slots","https://mgasia.canto.global/v/MGAssetLibrary/album/L9I43",NULL,True,"2026-09-11 16:56:00.652+05:30","2026-09-11 16:56:00.652+05:30"
1296,"275a757c5692e2e61b52d074db3a2d4d","Soccer Striker","microgaming","Arcade","https://mgasia.canto.global/v/MGAssetLibrary/album/UC88C",NULL,True,"2026-09-11 16:56:00.652+05:30","2026-09-11 16:56:00.652+05:30"
1297,"ff61900cb8f96516761873a563e84f3a","Silverback: Multiplier Mountain","microgaming","Slots","https://mgasia.canto.global/v/MGAssetLibrary/album/LA3EQ",NULL,True,"2026-09-11 16:56:00.652+05:30","2026-09-11 16:56:00.652+05:30"
1298,"cc7598adadc174ad67f9ff01e63bf6e3","Silver Seas","microgaming","Slots","https://mgasia.canto.global/v/MGAssetLibrary/album/PGMFE",NULL,True,"2026-09-11 16:56:00.652+05:30","2026-09-11 16:56:00.652+05:30"
1299,"1dd99e765a3c260576d5a0f977edd1f6","Silver Fang","microgaming","Slots","https://mgasia.canto.global/v/MGAssetLibrary/album/GCMBK",NULL,True,"2026-09-11 16:56:00.652+05:30","2026-09-11 16:56:00.652+05:30"
1300,"8783125ebeba3c3f7c5496245237e3c6","Showdown Saloon","microgaming","Slots","https://mgasia.canto.global/v/MGAssetLibrary/album/LQ9MC",NULL,True,"2026-09-11 16:56:00.652+05:30","2026-09-11 16:56:00.652+05:30"
1301,"ce27d475e42b105ce90024d9ad685ab4","Shogun of Time","microgaming","Slots","https://mgasia.canto.global/v/MGAssetLibrary/album/I7JBM",NULL,True,"2026-09-11 16:56:00.652+05:30","2026-09-11 16:56:00.652+05:30"
1302,"1bf958350c51cc4e319c91c40dc5c7e2","Shamrock Holmes Megaways","microgaming","Slots","https://mgasia.canto.global/v/MGAssetLibrary/album/RRQ4U",NULL,True,"2026-09-11 16:56:00.652+05:30","2026-09-11 16:56:00.652+05:30"
1304,"137434b7367c8f87899cd0ca8c77814e","Secret Romance","microgaming","Slots","https://mgasia.canto.global/v/MGAssetLibrary/album/MOR9I",NULL,True,"2026-09-11 16:56:00.652+05:30","2026-09-11 16:56:00.652+05:30"
1305,"f6b266f4fbc9a31db36704c7cb82c778","Secret Admirer","microgaming","Slots","https://mgasia.canto.global/v/MGAssetLibrary/album/NFC1P",NULL,True,"2026-09-11 16:56:00.652+05:30","2026-09-11 16:56:00.652+05:30"
1306,"41d166881351165dc229b299abb9a757","Scrooge","microgaming","Slots","https://mgasia.canto.global/v/MGAssetLibrary/album/TSG6I",NULL,True,"2026-09-11 16:56:00.652+05:30","2026-09-11 16:56:00.652+05:30"
1307,"8b361db8a97095b9f3cf2d81e69ca1f5","Santa's Wild Ride","microgaming","Slots","https://mgasia.canto.global/v/MGAssetLibrary/album/JFLUO",NULL,True,"2026-09-11 16:56:00.652+05:30","2026-09-11 16:56:00.652+05:30"
1308,"77ae73eaff750367eea162125acf6caf","Rugby Star Deluxe","microgaming","Slots","https://mgasia.canto.global/v/MGAssetLibrary/album/LG86S",NULL,True,"2026-09-11 16:56:00.652+05:30","2026-09-11 16:56:00.652+05:30"
1309,"963b814351f1c0ea22729dfc9d206082","Rugby Star","microgaming","Slots","https://mgasia.canto.global/v/MGAssetLibrary/album/HTMRG",NULL,True,"2026-09-11 16:56:00.652+05:30","2026-09-11 16:56:00.652+05:30"
1310,"8e9fa47e31275089d43f8fdc339b2cc7","Rome : Fight for Gold","microgaming","Slots","https://mgasia.canto.global/v/MGAssetLibrary/album/SKN6M",NULL,True,"2026-09-11 16:56:00.652+05:30","2026-09-11 16:56:00.652+05:30"
1311,"eb9a0df0d8eecf244598e353e304c930","Robin Hood's Heroes","microgaming","Slots","https://mgasia.canto.global/v/MGAssetLibrary/album/P46I7",NULL,True,"2026-09-11 16:56:00.652+05:30","2026-09-11 16:56:00.652+05:30"
1312,"7bf7f6b07f2c9c0404c7cd9909935b9e","Rhyming Reels - Hearts & Tarts","microgaming","Slots","https://mgasia.canto.global/v/MGAssetLibrary/album/JI8QV",NULL,True,"2026-09-11 16:56:00.652+05:30","2026-09-11 16:56:00.652+05:30"
1313,"97755d68cc7c25f9fe5dc12002770eb4","Retro Reels - Extreme Heat","microgaming","Slots","https://mgasia.canto.global/v/MGAssetLibrary/album/KIKQ3",NULL,True,"2026-09-11 16:56:00.652+05:30","2026-09-11 16:56:00.652+05:30"
1314,"0e44cbc821c9b4396d4c20bdd47be020","Retro Reels - Diamond Glitz","microgaming","Slots","https://mgasia.canto.global/v/MGAssetLibrary/album/K5504",NULL,True,"2026-09-11 16:56:00.652+05:30","2026-09-11 16:56:00.652+05:30"
2322,"29b092dc73646c8ad1e68a89160e837c","Wild West TRUEWAYS","bgaming","Video Slot","",NULL,True,"2026-09-11 16:56:00.652+05:30","2026-09-11 16:56:00.652+05:30"
1285,"c59e5018be81b6604cb6dbaf462d06a8","Sure Win","microgaming","Slots","https://bc.imgix.net/game/image/a449a35c-0fbe-4da1-9a12-61c02e67c7f3.png?_v=4&auto=format&dpr=1.25&w=200",NULL,True,"2026-09-11 16:56:00.652+05:30","2026-09-11 16:56:00.652+05:30"
1291,"6f81d5b4d9f31dc5a1eb35e5dd84fa59","Starlight Kiss","microgaming","Slots","https://bc.imgix.net/game/image/7274_Starlight%20Kiss.png?_v=4&auto=format&dpr=1.25&w=200",NULL,True,"2026-09-11 16:56:00.652+05:30","2026-09-11 16:56:00.652+05:30"
1303,"6a7906de20730c9b32e45b9be59ff772","Serengeti Gold","microgaming","Slots","https://bc.imgix.net/game/image/9098_Serengeti%20Gold.png?_v=4&auto=format&dpr=1.25&w=200",NULL,True,"2026-09-11 16:56:00.652+05:30","2026-09-11 16:56:00.652+05:30"
1315,"29e449790eb5d8a30c3ab0e7b2d8be29","Retro Reels","microgaming","Slots","https://mgasia.canto.global/v/MGAssetLibrary/album/Q0FGB",NULL,True,"2026-09-11 16:56:00.652+05:30","2026-09-11 16:56:00.652+05:30"
1316,"913756f4391686d502d4b5e60a6f4ab1","Relic Seekers","microgaming","Slots","https://mgasia.canto.global/v/MGAssetLibrary/album/VGQGB",NULL,True,"2026-09-11 16:56:00.652+05:30","2026-09-11 16:56:00.652+05:30"
1317,"63e556aa39eb55d20c3a54363a741fc6","Reel Thunder","microgaming","Slots","https://mgasia.canto.global/v/MGAssetLibrary/album/NHLIC",NULL,True,"2026-09-11 16:56:00.652+05:30","2026-09-11 16:56:00.652+05:30"
1318,"9c07eebee1436e2f32f480919857afd2","Reel Talent","microgaming","Slots","https://mgasia.canto.global/v/MGAssetLibrary/album/HMGCM",NULL,True,"2026-09-11 16:56:00.652+05:30","2026-09-11 16:56:00.652+05:30"
1319,"09861198a58b2f3ae751df6e4f1caffb","Reel Spinner","microgaming","Slots","https://mgasia.canto.global/v/MGAssetLibrary/album/R6MEA",NULL,True,"2026-09-11 16:56:00.652+05:30","2026-09-11 16:56:00.652+05:30"
1320,"1c858ec30673261918f12b911cc7cb25","Reel Gems Deluxe","microgaming","Slots","https://mgasia.canto.global/v/MGAssetLibrary/album/P9K7H",NULL,True,"2026-09-11 16:56:00.652+05:30","2026-09-11 16:56:00.652+05:30"
1321,"33b96b1b06f98cfda0ae3c1c25f19c0b","Reel Gems","microgaming","Slots","https://mgasia.canto.global/v/MGAssetLibrary/album/KJJLC",NULL,True,"2026-09-11 16:56:00.652+05:30","2026-09-11 16:56:00.652+05:30"
1322,"d124d82e1ef0a6824caa6939afb50728","Queen of the Crystal Rays","microgaming","Slots","https://mgasia.canto.global/v/MGAssetLibrary/album/OJFT0",NULL,True,"2026-09-11 16:56:00.652+05:30","2026-09-11 16:56:00.652+05:30"
1323,"8471c39141a767f9a3b56f2007abf90d","Queen of Alexandria","microgaming","Slots","https://mgasia.canto.global/v/MGAssetLibrary/album/UKNP5",NULL,True,"2026-09-11 16:56:00.652+05:30","2026-09-11 16:56:00.652+05:30"
1324,"8724d36d1c4180b4af483ffaf92c4c42","Pure Platinum","microgaming","Slots","https://mgasia.canto.global/v/MGAssetLibrary/album/TL8DI",NULL,True,"2026-09-11 16:56:00.652+05:30","2026-09-11 16:56:00.652+05:30"
1325,"eadfca38f8612792abc8cb1e2a437c7b","Playboy Gold Jackpots","microgaming","Slots","https://mgasia.canto.global/v/MGAssetLibrary/album/P9BP2",NULL,True,"2026-09-11 16:56:00.652+05:30","2026-09-11 16:56:00.652+05:30"
1326,"9174b7167b049b4d4309ec4fa622fa68","Playboy Wilds","microgaming","Slots","https://mgasia.canto.global/v/MGAssetLibrary/album/TLBFA",NULL,True,"2026-09-11 16:56:00.652+05:30","2026-09-11 16:56:00.652+05:30"
1327,"d52c132ba1db1105d3888f89fada9947","Playboy Gold","microgaming","Slots","https://mgasia.canto.global/v/MGAssetLibrary/album/IM4N3",NULL,True,"2026-09-11 16:56:00.652+05:30","2026-09-11 16:56:00.652+05:30"
2323,"de10c5031eba2a70c3ef056df6a301a0","Secret Bar Multidice X","bgaming","Video Slot","",NULL,True,"2026-09-11 16:56:00.652+05:30","2026-09-11 16:56:00.652+05:30"
1330,"a09be0fb28d9301b9f4b043d268d298d","Ping Pong Star","microgaming","Slots","https://mgasia.canto.global/v/MGAssetLibrary/album/NJCEF",NULL,True,"2026-09-11 16:56:00.652+05:30","2026-09-11 16:56:00.652+05:30"
1331,"17311afe1cf66f8e9d8238312744c713","Our Days","microgaming","Slots","https://mgasia.canto.global/v/MGAssetLibrary/album/G59GF",NULL,True,"2026-09-11 16:56:00.652+05:30","2026-09-11 16:56:00.652+05:30"
1332,"82ce6c546749875e17d776075363f996","Oni Hunter Plus","microgaming","Slots","https://mgasia.canto.global/v/MGAssetLibrary/album/HLPQE",NULL,True,"2026-09-11 16:56:00.652+05:30","2026-09-11 16:56:00.652+05:30"
1333,"e626e71a8c76f53a23fa645d5ad5ca5f","Oni Hunter Night Sakura","microgaming","Slots","https://mgasia.canto.global/v/MGAssetLibrary/album/JV27G",NULL,True,"2026-09-11 16:56:00.652+05:30","2026-09-11 16:56:00.652+05:30"
1334,"74a568e1f9f7d9237dca17d00f3fe9a0","Oni Hunter","microgaming","Slots","https://mgasia.canto.global/v/MGAssetLibrary/album/RP8QB",NULL,True,"2026-09-11 16:56:00.652+05:30","2026-09-11 16:56:00.652+05:30"
1335,"9c018413defe8ac57727196d7241f0f8","Odin's Riches","microgaming","Slots","https://mgasia.canto.global/v/MGAssetLibrary/album/TLTMP",NULL,True,"2026-09-11 16:56:00.652+05:30","2026-09-11 16:56:00.652+05:30"
1336,"2600bdcde83fb483dddcf8bbc4328349","Neptune's Riches: Ocean of Wilds","microgaming","Slots","https://mgasia.canto.global/v/MGAssetLibrary/album/QA3AP",NULL,True,"2026-09-11 16:56:00.652+05:30","2026-09-11 16:56:00.652+05:30"
1337,"df8faaa433ce859696ea350aeaad6089","Monster Blast","microgaming","Arcade","https://mgasia.canto.global/v/MGAssetLibrary/album/LKJCH",NULL,True,"2026-09-11 16:56:00.652+05:30","2026-09-11 16:56:00.652+05:30"
1338,"9ed8c86a852d878bbb3be656503889b3","Monkey Bonanza","microgaming","Slots","https://mgasia.canto.global/v/MGAssetLibrary/album/OK11U",NULL,True,"2026-09-11 16:56:00.652+05:30","2026-09-11 16:56:00.652+05:30"
1339,"5c5a9ec3b1c4a4c12d6def141b601775","Mermaids Millions","microgaming","Slots","https://mgasia.canto.global/v/MGAssetLibrary/album/HMJL2",NULL,True,"2026-09-11 16:56:00.652+05:30","2026-09-11 16:56:00.652+05:30"
1341,"d124d56940a1b7e47e17a30c767df687","Max Damage and the Alien Attack","microgaming","Arcade","https://mgasia.canto.global/v/MGAssetLibrary/album/H7RVE",NULL,True,"2026-09-11 16:56:00.652+05:30","2026-09-11 16:56:00.652+05:30"
1342,"05964db788e97ba0d243cb6267883a9a","Maui Mischief","microgaming","Slots","https://mgasia.canto.global/v/MGAssetLibrary/album/O9EC7",NULL,True,"2026-09-11 16:56:00.652+05:30","2026-09-11 16:56:00.652+05:30"
1343,"d076fd2a00aaa75a99614d7769212dfb","Masters of Valhalla","microgaming","Slots","https://mgasia.canto.global/v/MGAssetLibrary/album/ILOSE",NULL,True,"2026-09-11 16:56:00.652+05:30","2026-09-11 16:56:00.652+05:30"
1344,"2cae384b0ab75c7a3e952ac80254e958","Masters of Olympus","microgaming","Slots","https://mgasia.canto.global/v/MGAssetLibrary/album/GQSTB",NULL,True,"2026-09-11 16:56:00.652+05:30","2026-09-11 16:56:00.652+05:30"
1345,"b6c4008786ee86172039b5a11d282ea0","Mask of Amun","microgaming","Slots","https://mgasia.canto.global/v/MGAssetLibrary/album/K18CI",NULL,True,"2026-09-11 16:56:00.652+05:30","2026-09-11 16:56:00.652+05:30"
1346,"8dcc9390cf3338d9c308336f3e7cd4be","Magic of Sahara","microgaming","Slots","https://mgasia.canto.global/v/MGAssetLibrary/album/U36J8",NULL,True,"2026-09-11 16:56:00.652+05:30","2026-09-11 16:56:00.652+05:30"
1347,"96332d54a93ce9fb3cce2bd364b35f54","Lucky Twins Wilds","microgaming","Slots","https://mgasia.canto.global/v/MGAssetLibrary/album/H1J3M",NULL,True,"2026-09-11 16:56:00.652+05:30","2026-09-11 16:56:00.652+05:30"
1348,"11e79bfe403734eb2833391b02e1dc76","Lucky Twins Link & Win","microgaming","Slots","https://mgasia.canto.global/v/MGAssetLibrary/album/RM2KM",NULL,True,"2026-09-11 16:56:00.652+05:30","2026-09-11 16:56:00.652+05:30"
1349,"ffa428a20a3d9d552e22c5dce22dbdd4","Lucky Twins Jackpot","microgaming","Slots","https://mgasia.canto.global/v/MGAssetLibrary/album/VBSIR",NULL,True,"2026-09-11 16:56:00.652+05:30","2026-09-11 16:56:00.652+05:30"
1350,"9f274d5016fc4c8da8d8136198f8510e","Lucky Twins Catcher","microgaming","Arcade","https://mgasia.canto.global/v/MGAssetLibrary/album/ORI1F",NULL,True,"2026-09-11 16:56:00.652+05:30","2026-09-11 16:56:00.652+05:30"
1352,"1cd0ffb87290019b0ec73ac480844df7","Lucky Riches Hyperspins","microgaming","Slots","https://mgasia.canto.global/v/MGAssetLibrary/album/MOLGB",NULL,True,"2026-09-11 16:56:00.652+05:30","2026-09-11 16:56:00.652+05:30"
1354,"6f5f79340281a98e71b8e7fd0432e8df","Lucky Leprechaun Clusters","microgaming","Slots","https://mgasia.canto.global/v/MGAssetLibrary/album/MS7SJ",NULL,True,"2026-09-11 16:56:00.652+05:30","2026-09-11 16:56:00.652+05:30"
1355,"4d0a9be94bf7021f495046dd563780be","Lucky Leprechaun","microgaming","Slots","https://mgasia.canto.global/v/MGAssetLibrary/album/R4UNL",NULL,True,"2026-09-11 16:56:00.652+05:30","2026-09-11 16:56:00.652+05:30"
1356,"d4ca40d217cc0c43ace39d03c96a7e29","Lucky Koi","microgaming","Slots","https://mgasia.canto.global/v/MGAssetLibrary/album/H0801",NULL,True,"2026-09-11 16:56:00.652+05:30","2026-09-11 16:56:00.652+05:30"
1357,"2c84f3233bdacd097226985075cbfd1a","Lucky Firecracker","microgaming","Slots","https://mgasia.canto.global/v/MGAssetLibrary/album/LO6K8",NULL,True,"2026-09-11 16:56:00.652+05:30","2026-09-11 16:56:00.652+05:30"
1358,"4b55f30a1305a755422c229386dbc944","Lucky Clucks","microgaming","Slots","https://mgasia.canto.global/v/MGAssetLibrary/album/NC1OL",NULL,True,"2026-09-11 16:56:00.652+05:30","2026-09-11 16:56:00.652+05:30"
1351,"f4724fdfdf34d69bd861138e42c3ff7d","Lucky Twins","microgaming","Slots","https://bc.imgix.net/game/image/6893_Lucky%20Twins.png?_v=4&auto=format&dpr=1.25&w=200",NULL,True,"2026-09-11 16:56:00.652+05:30","2026-09-11 16:56:00.652+05:30"
1340,"49dd95a3d29945b0a8ee05d51120701c","Mega Money Multiplier","microgaming","Slots","https://bc.imgix.net/game/image/7009_Mega%20Money%20Multiplier.png?_v=4&auto=format&dpr=1.25&w=200",NULL,True,"2026-09-11 16:56:00.652+05:30","2026-09-11 16:56:00.652+05:30"
1329,"e388b21fa436b64c28025cc7ddd89625","Playboy","microgaming","Slots","https://bc.imgix.net/game/image/9466_Playboy.png?_v=4&auto=format&dpr=1.25&w=200",NULL,True,"2026-09-11 16:56:00.652+05:30","2026-09-11 16:56:00.652+05:30"
1353,"b81c8c97ccc1221ce01c61e4f2c49d37","Lucky Little Gods","microgaming","Slots","https://bc.imgix.net/game/image/44ab32f5-f894-4db6-926d-749f51a5edbc.png?_v=4&auto=format&dpr=1.25&w=200",NULL,True,"2026-09-11 16:56:00.652+05:30","2026-09-11 16:56:00.652+05:30"
1359,"a190830edf7d0f71fe4d952b5fd336fb","Lucky Bachelors","microgaming","Slots","https://mgasia.canto.global/v/MGAssetLibrary/album/N0LP2",NULL,True,"2026-09-11 16:56:00.652+05:30","2026-09-11 16:56:00.652+05:30"
1360,"92b3708bce58d08a6ef6f2c40d1a1f9f","Lucha Legends","microgaming","Slots","https://mgasia.canto.global/v/MGAssetLibrary/album/HHVVP",NULL,True,"2026-09-11 16:56:00.652+05:30","2026-09-11 16:56:00.652+05:30"
1361,"d61ceb8404340e88141179e6aa177731","Lost Vegas","microgaming","Slots","https://mgasia.canto.global/v/MGAssetLibrary/album/P5I67",NULL,True,"2026-09-11 16:56:00.652+05:30","2026-09-11 16:56:00.652+05:30"
1362,"44cd80c549ed230c5e6de799c1ddc2a9","Long Mu Fortunes","microgaming","Slots","https://mgasia.canto.global/v/MGAssetLibrary/album/UPRA8",NULL,True,"2026-09-11 16:56:00.652+05:30","2026-09-11 16:56:00.652+05:30"
1364,"12d8b8d07a5b3d4dc8adeeec6b3f9f79","Lightning Fortunes","microgaming","Arcade","https://mgasia.canto.global/v/MGAssetLibrary/album/OM7R5",NULL,True,"2026-09-11 16:56:00.652+05:30","2026-09-11 16:56:00.652+05:30"
1365,"678475009ab2b66c7135797c8b9cdf4c","Life of Riches","microgaming","Slots","https://mgasia.canto.global/v/MGAssetLibrary/album/VSDTK",NULL,True,"2026-09-11 16:56:00.652+05:30","2026-09-11 16:56:00.652+05:30"
1366,"d230b6903b40710c890e3af43936b171","Leprechaun Strike","microgaming","Slots","https://mgasia.canto.global/v/MGAssetLibrary/album/P7AOR",NULL,True,"2026-09-11 16:56:00.652+05:30","2026-09-11 16:56:00.652+05:30"
1367,"9c0854e2222a2303524cf5c50650f60f","Legend of the Moon Lovers","microgaming","Slots","https://mgasia.canto.global/v/MGAssetLibrary/album/GGV3A",NULL,True,"2026-09-11 16:56:00.652+05:30","2026-09-11 16:56:00.652+05:30"
1368,"3eac8249f82226967498d681ac8c0aa5","Legacy of Oz","microgaming","Slots","https://mgasia.canto.global/v/MGAssetLibrary/album/VO4P9",NULL,True,"2026-09-11 16:56:00.652+05:30","2026-09-11 16:56:00.652+05:30"
1370,"a4c81dea5ac1c05ef3c45649daac3c28","Ladies Nite","microgaming","Slots","https://mgasia.canto.global/v/MGAssetLibrary/album/OP5P1",NULL,True,"2026-09-11 16:56:00.652+05:30","2026-09-11 16:56:00.652+05:30"
1371,"ed4ceef05a6b97328af5c3363ec58bb7","Kodiak Kingdom","microgaming","Slots","https://mgasia.canto.global/v/MGAssetLibrary/album/Q32UK",NULL,True,"2026-09-11 16:56:00.652+05:30","2026-09-11 16:56:00.652+05:30"
1372,"086588cd897a3068fae8784a536b5323","Kitsune Adventure","microgaming","Slots","https://mgasia.canto.global/v/MGAssetLibrary/album/T2DUO",NULL,True,"2026-09-11 16:56:00.652+05:30","2026-09-11 16:56:00.652+05:30"
1373,"5c0e7a48dcc6a9ed9f64d9108bc29cb8","Kings of Crystals","microgaming","Slots","https://mgasia.canto.global/v/MGAssetLibrary/album/M376D",NULL,True,"2026-09-11 16:56:00.652+05:30","2026-09-11 16:56:00.652+05:30"
1374,"6f70340142cf92a67b92348ea9c2ea4d","Kings of Cash","microgaming","Slots","https://mgasia.canto.global/v/MGAssetLibrary/album/O9FF1",NULL,True,"2026-09-11 16:56:00.652+05:30","2026-09-11 16:56:00.652+05:30"
1375,"8557fd7312d2a38df32516197c79dbbf","King Tusk","microgaming","Slots","https://mgasia.canto.global/v/MGAssetLibrary/album/MEFGG",NULL,True,"2026-09-11 16:56:00.652+05:30","2026-09-11 16:56:00.652+05:30"
1376,"1e5ee71d04c4f7e2cb1128cd037383c3","Kathmandu","microgaming","Slots","https://mgasia.canto.global/v/MGAssetLibrary/album/S48L4",NULL,True,"2026-09-11 16:56:00.652+05:30","2026-09-11 16:56:00.652+05:30"
1377,"082daf1754f47e7ae01ef2fbee347a57","Jungle Jim and the Lost Sphinx","microgaming","Slots","https://mgasia.canto.global/v/MGAssetLibrary/album/IPNH0",NULL,True,"2026-09-11 16:56:00.652+05:30","2026-09-11 16:56:00.652+05:30"
1378,"47c2ad70bc20411bef02fc51737bddd4","Jungle Jim - El Dorado","microgaming","Slots","https://mgasia.canto.global/v/MGAssetLibrary/album/I5ON4",NULL,True,"2026-09-11 16:56:00.652+05:30","2026-09-11 16:56:00.652+05:30"
1379,"81fc2f231864509ff4a298ee8e65e799","Jade Shuriken","microgaming","Slots","https://mgasia.canto.global/v/MGAssetLibrary/album/SVRLF",NULL,True,"2026-09-11 16:56:00.652+05:30","2026-09-11 16:56:00.652+05:30"
1380,"3bf74fdd1a3bf36b9fa81ea46843cc68","Ingots of Cai Shen","microgaming","Slots","https://mgasia.canto.global/v/MGAssetLibrary/album/UBH2M",NULL,True,"2026-09-11 16:56:00.652+05:30","2026-09-11 16:56:00.652+05:30"
1381,"8af059346463c54641817d7938677e45","Incan Adventure","microgaming","Arcade","https://mgasia.canto.global/v/MGAssetLibrary/album/UK10H",NULL,True,"2026-09-11 16:56:00.652+05:30","2026-09-11 16:56:00.652+05:30"
2324,"4330b56250e3e12d42a333a54cf53252","Gold Magnate","bgaming","Video Slot","",NULL,True,"2026-09-11 16:56:00.652+05:30","2026-09-11 16:56:00.652+05:30"
1384,"a3d7d08ffc7fa03cf25e4f7ee010b115","Huangdi - The Yellow Emperor","microgaming","Slots","https://mgasia.canto.global/v/MGAssetLibrary/album/JB0BQ",NULL,True,"2026-09-11 16:56:00.652+05:30","2026-09-11 16:56:00.652+05:30"
1385,"135228072d98b8962fc26f77d8abfd33","Holly Jolly Penguins","microgaming","Slots","https://mgasia.canto.global/v/MGAssetLibrary/album/MVCSG",NULL,True,"2026-09-11 16:56:00.652+05:30","2026-09-11 16:56:00.652+05:30"
1387,"dd554e7e2ba9a83720d032812bb68288","Happy Monster Claw","microgaming","Arcade","https://mgasia.canto.global/v/MGAssetLibrary/album/VPODT",NULL,True,"2026-09-11 16:56:00.652+05:30","2026-09-11 16:56:00.652+05:30"
1388,"7a89e994e35cf372cb36891ff8946d2e","Happy Lucky Cats","microgaming","Slots","https://mgasia.canto.global/v/MGAssetLibrary/album/OKKT7",NULL,True,"2026-09-11 16:56:00.652+05:30","2026-09-11 16:56:00.652+05:30"
1392,"26a196576ff2e638792863de4738c558","Golden Stallion","microgaming","Slots","https://mgasia.canto.global/v/MGAssetLibrary/album/N4M71",NULL,True,"2026-09-11 16:56:00.652+05:30","2026-09-11 16:56:00.652+05:30"
1395,"3899fe0217159ecd122f39305073fa07","Gold Collector","microgaming","Slots","https://mgasia.canto.global/v/MGAssetLibrary/album/H8S0K",NULL,True,"2026-09-11 16:56:00.652+05:30","2026-09-11 16:56:00.652+05:30"
1397,"1a67c62aac6682db28cfa0c245a7fc5a","Gems & Dragons","microgaming","Slots","https://mgasia.canto.global/v/MGAssetLibrary/album/GR80V",NULL,True,"2026-09-11 16:56:00.652+05:30","2026-09-11 16:56:00.652+05:30"
1398,"33fa79fa136fae0734c14289f3c084ec","Gallo Gold Bruno's Megaways","microgaming","Slots","https://mgasia.canto.global/v/MGAssetLibrary/album/G5GD5",NULL,True,"2026-09-11 16:56:00.652+05:30","2026-09-11 16:56:00.652+05:30"
1400,"399be438fa9e101b38bba6944859e60a","Fruit Blast","microgaming","Arcade","https://mgasia.canto.global/v/MGAssetLibrary/album/OG00U",NULL,True,"2026-09-11 16:56:00.652+05:30","2026-09-11 16:56:00.652+05:30"
1401,"7a7a8a16082ad2a041553ce44b598dbe","Fortunium","microgaming","Slots","https://mgasia.canto.global/v/MGAssetLibrary/album/G8RD8",NULL,True,"2026-09-11 16:56:00.652+05:30","2026-09-11 16:56:00.652+05:30"
1402,"e0ab81e9b985904462e899a1d828dd03","Fortune Rush","microgaming","Slots","https://mgasia.canto.global/v/MGAssetLibrary/album/VDDHD",NULL,True,"2026-09-11 16:56:00.652+05:30","2026-09-11 16:56:00.652+05:30"
1403,"c85adcc53a3abae62927bb4e0724bcca","Fortune Pike Gold","microgaming","Slots","https://mgasia.canto.global/v/MGAssetLibrary/album/GH2CV",NULL,True,"2026-09-11 16:56:00.652+05:30","2026-09-11 16:56:00.652+05:30"
1386,"3660405392b85f5bf104de6ce901ad8a","High Society","microgaming","Slots","https://www.coincasino.com/cdn/imported_games_images/HUB88/Microgaming/mg_slots_highsociety/6c6c6c3c-8cb6-469e-8212-90b7dd999629.jpg?w=320",NULL,True,"2026-09-11 16:56:00.652+05:30","2026-09-11 16:56:00.652+05:30"
1396,"be22ad3b87ce76e1bac0e363738d2646","Gold Blitz","microgaming","Slots","https://www.coincasino.com/cdn/d1d4fc23-7226-4a77-9574-c9a757bde662.jpg?w=320",NULL,True,"2026-09-11 16:56:00.652+05:30","2026-09-11 16:56:00.652+05:30"
1389,"c86ae467ff57cfba24c94c832d23baad","Happy Holidays","microgaming","Slots","https://www.coincasino.com/cdn/imported_games_images/HUB88/Microgaming/mg_slots_happyholidays/93c8439c-6813-45a5-8573-6883d653d606.jpg?w=320",NULL,True,"2026-09-11 16:56:00.652+05:30","2026-09-11 16:56:00.652+05:30"
1399,"482a38dcafcb26c929c721fd625ac007","Fruit vs Candy","microgaming","Slots","https://www.coincasino.com/cdn/imported_games_images/HUB88/Microgaming/mg_slots_fruitvscandy/adc75cf7-2834-4462-8849-dd358ec97619.jpg?w=320",NULL,True,"2026-09-11 16:56:00.652+05:30","2026-09-11 16:56:00.652+05:30"
1394,"6682fa559d7668a6ba25db75cd01693b","Golden Era","microgaming","Slots","https://www.coincasino.com/cdn/imported_games_images/HUB88/Microgaming/mg_slots_goldenera/2627cb9b-7baa-4ab8-a24f-75a32364b48e.jpg?w=320",NULL,True,"2026-09-11 16:56:00.652+05:30","2026-09-11 16:56:00.652+05:30"
1383,"0730895ad71b84b0c00d2f45a74dc61a","Hyper Gold","microgaming","Slots","https://bc.imgix.net/game/image/8893_Hyper%20Gold.png?_v=4&auto=format&dpr=1.25&w=200",NULL,True,"2026-09-11 16:56:00.652+05:30","2026-09-11 16:56:00.652+05:30"
1363,"a4a25aa2a0471b33caabc5dc900e21a6","Loaded","microgaming","Slots","https://bc.imgix.net/game/image/76b220d3-eec8-4c7e-b996-3ec9ecffcd8f.png?_v=4&auto=format&dpr=1.25&w=200",NULL,True,"2026-09-11 16:56:00.652+05:30","2026-09-11 16:56:00.652+05:30"
1369,"209a50731cb3830126158b01c4509379","Lara Croft - Temples and Tombs","microgaming","Slots","https://bc.imgix.net/game/image/9449_Lara%20Croft%20Temples%20and%20Tombs.png?_v=4&auto=format&dpr=1.25&w=200",NULL,True,"2026-09-11 16:56:00.652+05:30","2026-09-11 16:56:00.652+05:30"
2325,"1de21a609d4ff294a2dcf5b54f11247e","Grand Patron","bgaming","Video Slot","",NULL,True,"2026-09-11 16:56:00.652+05:30","2026-09-11 16:56:00.652+05:30"
1405,"4d4c1ec4f1c8b84761627c546c8a24ca","Forgotten Island Megaways","microgaming","Slots","https://mgasia.canto.global/v/MGAssetLibrary/album/PKD59",NULL,True,"2026-09-11 16:56:00.652+05:30","2026-09-11 16:56:00.652+05:30"
1406,"5dd8c68f0cb0796d0f4714bc5d8c21ba","Football Star Deluxe","microgaming","Slots","https://mgasia.canto.global/v/MGAssetLibrary/album/UFPQO",NULL,True,"2026-09-11 16:56:00.652+05:30","2026-09-11 16:56:00.652+05:30"
1408,"843d24de81b3e66b5eb72debfb6def43","Fishin' Pots Of Gold","microgaming","Slots","https://mgasia.canto.global/v/MGAssetLibrary/album/RP7G5",NULL,True,"2026-09-11 16:56:00.652+05:30","2026-09-11 16:56:00.652+05:30"
1409,"8a9168fdc1bf0ccf7ff8bf17f242c7e7","Fishin' Christmas Pots of Gold","microgaming","Slots","https://mgasia.canto.global/v/MGAssetLibrary/album/K6BUU",NULL,True,"2026-09-11 16:56:00.652+05:30","2026-09-11 16:56:00.652+05:30"
1410,"a83408748f49b1f49965f53aad0872df","Fishin' Bigger Pots Of Gold","microgaming","Slots","https://mgasia.canto.global/v/MGAssetLibrary/album/G9UJS",NULL,True,"2026-09-11 16:56:00.652+05:30","2026-09-11 16:56:00.652+05:30"
1413,"fd6bc025d66852513f4adfadf740ab17","Fire and Roses Joker","microgaming","Slots","https://mgasia.canto.global/v/MGAssetLibrary/album/UO26M",NULL,True,"2026-09-11 16:56:00.652+05:30","2026-09-11 16:56:00.652+05:30"
1414,"d905832eec3a66a2dae447e10be2e9fc","Fiona's Christmas Fortune","microgaming","Slots","https://mgasia.canto.global/v/MGAssetLibrary/album/IOKOM",NULL,True,"2026-09-11 16:56:00.652+05:30","2026-09-11 16:56:00.652+05:30"
1416,"fdd8ea7bd4addc1ab43506953eed3a62","Emperor of the Sea Deluxe","microgaming","Slots","https://mgasia.canto.global/v/MGAssetLibrary/album/N8UUN",NULL,True,"2026-09-11 16:56:00.652+05:30","2026-09-11 16:56:00.652+05:30"
1418,"33d0ca8117415580061ed32641382a7d","Emerald Gold","microgaming","Slots","https://mgasia.canto.global/v/MGAssetLibrary/album/MT680",NULL,True,"2026-09-11 16:56:00.652+05:30","2026-09-11 16:56:00.652+05:30"
1419,"638d3a270e4f6d8823e71b751b94ab76","Egyptian Tombs","microgaming","Slots","https://mgasia.canto.global/v/MGAssetLibrary/album/HBDC4",NULL,True,"2026-09-11 16:56:00.652+05:30","2026-09-11 16:56:00.652+05:30"
1424,"79e8f8bfb638a6918bf8e4b76034fdde","Dragon's Keep","microgaming","Slots","https://mgasia.canto.global/v/MGAssetLibrary/album/RP9OG",NULL,True,"2026-09-11 16:56:00.652+05:30","2026-09-11 16:56:00.652+05:30"
1425,"6419d152886e225b3ef4d04f1a724fd2","Dragon Shard","microgaming","Slots","https://mgasia.canto.global/v/MGAssetLibrary/album/N4B2U",NULL,True,"2026-09-11 16:56:00.652+05:30","2026-09-11 16:56:00.652+05:30"
1427,"6d3e47059542bd573f12af8aaf33e7bb","Doki Doki Parfait","microgaming","Slots","https://mgasia.canto.global/v/MGAssetLibrary/album/SIPSS",NULL,True,"2026-09-11 16:56:00.652+05:30","2026-09-11 16:56:00.652+05:30"
1428,"64e3b71e5dba8c46f622439e4d1ff9e6","Doki Doki Fireworks","microgaming","Slots","https://mgasia.canto.global/v/MGAssetLibrary/album/K6UVS",NULL,True,"2026-09-11 16:56:00.652+05:30","2026-09-11 16:56:00.652+05:30"
1429,"0f3b5ba4aaa14d3529fdb513fd79d137","Divine Riches Helios","microgaming","Slots","https://mgasia.canto.global/v/MGAssetLibrary/album/ML151",NULL,True,"2026-09-11 16:56:00.652+05:30","2026-09-11 16:56:00.652+05:30"
1430,"ffa65af38bc03588ab4f8c96d3e3051b","Diamond Empire","microgaming","Slots","https://mgasia.canto.global/v/MGAssetLibrary/album/PR0BL",NULL,True,"2026-09-11 16:56:00.652+05:30","2026-09-11 16:56:00.652+05:30"
1432,"139c8d6fc545358eadf9ab77fcb69bc6","Cricket Star Scratch","microgaming","Arcade","https://mgasia.canto.global/v/MGAssetLibrary/album/L1RP0",NULL,True,"2026-09-11 16:56:00.652+05:30","2026-09-11 16:56:00.652+05:30"
1435,"4447e0008c5bfbb034b564a9a5779574","Cool Buck - 5 Reel","microgaming","Slots","https://mgasia.canto.global/v/MGAssetLibrary/album/M03ON",NULL,True,"2026-09-11 16:56:00.652+05:30","2026-09-11 16:56:00.652+05:30"
1436,"e09e011366e64e5707b94e8227ed1f07","Circus Jugglers Jackpots","microgaming","Slots","https://mgasia.canto.global/v/MGAssetLibrary/album/J215V",NULL,True,"2026-09-11 16:56:00.652+05:30","2026-09-11 16:56:00.652+05:30"
1437,"e0578185008a5e213fdac402054bb2e4","Chronicles of Olympus X Up","microgaming","Slots","https://mgasia.canto.global/v/MGAssetLibrary/album/JLNFT",NULL,True,"2026-09-11 16:56:00.652+05:30","2026-09-11 16:56:00.652+05:30"
1438,"35c192e1836a33d8577ce5dce064ab67","Chilli Pepe Hot Stacks","microgaming","Slots","https://mgasia.canto.global/v/MGAssetLibrary/album/OISO6",NULL,True,"2026-09-11 16:56:00.652+05:30","2026-09-11 16:56:00.652+05:30"
1439,"fe7112d640521acc9480233930fa3a3e","Chests of Gold : Power Combo","microgaming","Slots","https://mgasia.canto.global/v/MGAssetLibrary/album/SR6ML",NULL,True,"2026-09-11 16:56:00.652+05:30","2026-09-11 16:56:00.652+05:30"
1441,"0020b45228fbb3aac28aafb9482cb893","Cat Clans","microgaming","Slots","https://mgasia.canto.global/v/MGAssetLibrary/album/ICKQQ",NULL,True,"2026-09-11 16:56:00.652+05:30","2026-09-11 16:56:00.652+05:30"
1443,"85737e98c1c3a4120a46207c8470c816","Cash of Kingdoms","microgaming","Slots","https://mgasia.canto.global/v/MGAssetLibrary/album/K1MTH",NULL,True,"2026-09-11 16:56:00.652+05:30","2026-09-11 16:56:00.652+05:30"
1444,"cf62dcca76ac485322840edc1cfac2e0","Cash 'N Riches Megaways","microgaming","Slots","https://mgasia.canto.global/v/MGAssetLibrary/album/LERNJ",NULL,True,"2026-09-11 16:56:00.652+05:30","2026-09-11 16:56:00.652+05:30"
1445,"90ebf6e3fce7f5d47e8d8cd166bb41a0","Carnaval Jackpot","microgaming","Slots","https://mgasia.canto.global/v/MGAssetLibrary/album/PQDAE",NULL,True,"2026-09-11 16:56:00.652+05:30","2026-09-11 16:56:00.652+05:30"
1446,"fd2aa72f5726bcca129be9c14f0f4f03","Carnaval","microgaming","Slots","https://mgasia.canto.global/v/MGAssetLibrary/album/N4B3R",NULL,True,"2026-09-11 16:56:00.652+05:30","2026-09-11 16:56:00.652+05:30"
1489,"0f00b46adf4214ce02bdeef8fedc9494","Ark of Ra","microgaming","Slots","https://mgasia.canto.global/v/MGAssetLibrary/album/H6JRC",NULL,True,"2026-09-11 16:56:00.652+05:30","2026-09-11 16:56:00.652+05:30"
1417,"fc741725aeb56d242efbb832c404706f","Emperor of the Sea","microgaming","Slots","https://www.coincasino.com/cdn/imported_games_images/HUB88/Microgaming/mg_slots_emperorofthesea/562f4ab4-9785-4930-9f56-2ab550b4b32c.jpg?w=320",NULL,True,"2026-09-11 16:56:00.652+05:30","2026-09-11 16:56:00.652+05:30"
1420,"3739c8b1bb4d4a1caed8cd684d499624","Eagle's Wings","microgaming","Slots","https://www.coincasino.com/cdn/imported_games_images/HUB88/Microgaming/mg_slots_eagleswings/867fa46a-e255-4fce-a729-343c51c7b130.jpg?w=320",NULL,True,"2026-09-11 16:56:00.652+05:30","2026-09-11 16:56:00.652+05:30"
1411,"bb6180515555b18972a67f465a60bc60","Fish Party","microgaming","Slots","https://www.coincasino.com/cdn/imported_games_images/HUB88/Microgaming/mg_slots_fishparty/236b20f7-51ad-4527-8bff-af38776a3408.jpg?w=320",NULL,True,"2026-09-11 16:56:00.652+05:30","2026-09-11 16:56:00.652+05:30"
1426,"2c1e476071a34b42bb680d9721e14604","Dragon Dance","microgaming","Slots","https://www.coincasino.com/cdn/imported_games_images/HUB88/Microgaming/mg_slots_dragondance/30da5b14-08ff-4cf9-bbbb-68fae25a75ec.jpg?w=320",NULL,True,"2026-09-11 16:56:00.652+05:30","2026-09-11 16:56:00.652+05:30"
1434,"23e99e9558e1307c199adf2a83d99c66","Cool Wolf","microgaming","Slots","https://www.coincasino.com/cdn/imported_games_images/HUB88/Microgaming/mg_slots_coolwolf/d465baae-c957-4d0f-9e37-c3d240ab8a7b.jpg?w=320",NULL,True,"2026-09-11 16:56:00.652+05:30","2026-09-11 16:56:00.652+05:30"
1415,"06e64d0cb00e289f708ce93d0cc900fb","Exotic Cats","microgaming","Slots","https://www.coincasino.com/cdn/imported_games_images/HUB88/Microgaming/mg_slots_exoticcats/de346050-0196-4ca8-9527-509410eaf81a.jpg?w=320",NULL,True,"2026-09-11 16:56:00.652+05:30","2026-09-11 16:56:00.652+05:30"
1433,"6f187ac09b32a783dd54bca244299fed","Cricket Star","microgaming","Slots","https://www.coincasino.com/cdn/imported_games_images/HUB88/Microgaming/mg_slots_cricketstar/04b117e1-5aef-4b1a-b08b-324f47b36aba.jpg?w=320",NULL,True,"2026-09-11 16:56:00.652+05:30","2026-09-11 16:56:00.652+05:30"
1442,"accc10c1845eb7f6d6eb8d7974bb71d6","Cashapillar","microgaming","Slots","https://www.coincasino.com/cdn/imported_games_images/HUB88/Microgaming/mg_slots_cashapillar/d81b3c21-b3fd-4d7c-bf8f-af5791498504.jpg?w=320",NULL,True,"2026-09-11 16:56:00.652+05:30","2026-09-11 16:56:00.652+05:30"
1440,"09a2de90c91f863c85efcd70f278ef3d","Centre Court","microgaming","Slots","https://www.coincasino.com/cdn/imported_games_images/HUB88/Microgaming/mg_slots_centrecourt/03254c33-1994-4d6b-bfa0-113dad72acb9.jpg?w=320",NULL,True,"2026-09-11 16:56:00.652+05:30","2026-09-11 16:56:00.652+05:30"
1412,"32f495ae66e37f8084edb33084463c16","Fire Forge","microgaming","Slots","https://bc.imgix.net/game/image/10067_Fire%20Forge.png?_v=4&auto=format&dpr=1.25&w=200",NULL,True,"2026-09-11 16:56:00.652+05:30","2026-09-11 16:56:00.652+05:30"
1407,"3e11fce97784b93530bddec8b5af34f8","Football Star","microgaming","Slots","https://bc.imgix.net/game/image/6922_Football%20Star.png?_v=4&auto=format&dpr=1.25&w=200",NULL,True,"2026-09-11 16:56:00.652+05:30","2026-09-11 16:56:00.652+05:30"
1449,"80b2e8b5f411c42818958e3f15cb5807","Bush Telegraph","microgaming","Slots","https://mgasia.canto.global/v/MGAssetLibrary/album/RF4F7",NULL,True,"2026-09-11 16:56:00.652+05:30","2026-09-11 16:56:00.652+05:30"
1451,"6072d0eb5798df526fe263b068865439","Bubble Beez","microgaming","Slots","https://mgasia.canto.global/v/MGAssetLibrary/album/GQO5G",NULL,True,"2026-09-11 16:56:00.652+05:30","2026-09-11 16:56:00.652+05:30"
2327,"8e672d4494c81a04d183d02c0ac928d8","Alien Fruits 2","bgaming","Video Slot","",NULL,True,"2026-09-11 16:56:00.652+05:30","2026-09-11 16:56:00.652+05:30"
1453,"0bbb4240bee74e4b5896467f2b365b39","Break Da Bank Again Respin","microgaming","Slots","https://mgasia.canto.global/v/MGAssetLibrary/album/G7BED",NULL,True,"2026-09-11 16:56:00.652+05:30","2026-09-11 16:56:00.652+05:30"
1455,"d82bff1347cd2fd1155af31aec8eba55","Break da Bank","microgaming","Slots","https://mgasia.canto.global/v/MGAssetLibrary/album/R47AI",NULL,True,"2026-09-11 16:56:00.652+05:30","2026-09-11 16:56:00.652+05:30"
1456,"aa568bff1dd0ece0b03f5ff3f43d8a13","Break Away Ultra","microgaming","Slots","https://mgasia.canto.global/v/MGAssetLibrary/album/POLSV",NULL,True,"2026-09-11 16:56:00.652+05:30","2026-09-11 16:56:00.652+05:30"
1457,"1f77923409f8f75c35fb1422403be04a","Break Away Lucky Wilds","microgaming","Slots","https://mgasia.canto.global/v/MGAssetLibrary/album/NKSE7",NULL,True,"2026-09-11 16:56:00.652+05:30","2026-09-11 16:56:00.652+05:30"
1458,"041297879a95a21f6c34d35044af8da6","Break Away Deluxe","microgaming","Slots","https://mgasia.canto.global/v/MGAssetLibrary/album/R9TAC",NULL,True,"2026-09-11 16:56:00.652+05:30","2026-09-11 16:56:00.652+05:30"
1459,"2d03e936a36d24f8f4b35df3eb77330c","Break Away","microgaming","Slots","https://mgasia.canto.global/v/MGAssetLibrary/album/U06TH",NULL,True,"2026-09-11 16:56:00.652+05:30","2026-09-11 16:56:00.652+05:30"
1460,"1f17dab23ac38a7785fadf47bbce76c1","Boom Pirates","microgaming","Slots","https://mgasia.canto.global/v/MGAssetLibrary/album/J4LQT",NULL,True,"2026-09-11 16:56:00.652+05:30","2026-09-11 16:56:00.652+05:30"
2151,"d2e168004abfcd4c78effa30211e585e","Turn Your Fortune","netent","Slot Game","",NULL,True,"2026-09-11 16:56:00.652+05:30","2026-09-11 16:56:00.652+05:30"
1461,"52627b15bb0b64abd088d8a77cec2582","Bookie of Odds","microgaming","Slots","https://mgasia.canto.global/v/MGAssetLibrary/album/Q79JE",NULL,True,"2026-09-11 16:56:00.652+05:30","2026-09-11 16:56:00.652+05:30"
1463,"bcbf0d52dfa96c70273484657331eb01","Book Of Oz","microgaming","Slots","https://mgasia.canto.global/v/MGAssetLibrary/album/UPK84",NULL,True,"2026-09-11 16:56:00.652+05:30","2026-09-11 16:56:00.652+05:30"
1465,"37fbc392ddce7383a7cfec93ec99ad9a","Book of King Arthur","microgaming","Slots","https://mgasia.canto.global/v/MGAssetLibrary/album/K70R9",NULL,True,"2026-09-11 16:56:00.652+05:30","2026-09-11 16:56:00.652+05:30"
1467,"98ca6b79ab22a2f4058d5ecf5ff27592","Boat of Fortune","microgaming","Slots","https://mgasia.canto.global/v/MGAssetLibrary/album/RJUDQ",NULL,True,"2026-09-11 16:56:00.652+05:30","2026-09-11 16:56:00.652+05:30"
2328,"300cc204eb151ef25e59a5ae5e30bc35","Dragon Age Hold & Win (Dragon Age)","bgaming","Video Slot","",NULL,True,"2026-09-11 16:56:00.652+05:30","2026-09-11 16:56:00.652+05:30"
1470,"fc51371c374b038a17aad6a945817cff","Bikini Party","microgaming","Slots","https://mgasia.canto.global/v/MGAssetLibrary/album/J4R9L",NULL,True,"2026-09-11 16:56:00.652+05:30","2026-09-11 16:56:00.652+05:30"
1473,"b7186a42fbdb8214f4fa614645d56103","Big Boom Riches","microgaming","Slots","https://mgasia.canto.global/v/MGAssetLibrary/album/QUQ6I",NULL,True,"2026-09-11 16:56:00.652+05:30","2026-09-11 16:56:00.652+05:30"
1475,"d1635737a47bc39695bb7a3760787bb2","Basketball Star Wilds","microgaming","Slots","https://mgasia.canto.global/v/MGAssetLibrary/album/JSBQJ",NULL,True,"2026-09-11 16:56:00.652+05:30","2026-09-11 16:56:00.652+05:30"
1476,"8724456c5ba544f7e2830c051fb649d1","Basketball Star on Fire","microgaming","Slots","https://mgasia.canto.global/v/MGAssetLibrary/album/JSC8I",NULL,True,"2026-09-11 16:56:00.652+05:30","2026-09-11 16:56:00.652+05:30"
1477,"933a20c132746cf894de63c021a95bf6","Basketball Star Deluxe","microgaming","Slots","https://mgasia.canto.global/v/MGAssetLibrary/album/V9OOO",NULL,True,"2026-09-11 16:56:00.652+05:30","2026-09-11 16:56:00.652+05:30"
1478,"8c1c9f489fc8a7ee765f155b5756d7cd","Basketball Star","microgaming","Slots","https://mgasia.canto.global/v/MGAssetLibrary/album/LAQLF",NULL,True,"2026-09-11 16:56:00.652+05:30","2026-09-11 16:56:00.652+05:30"
1479,"cf6acbdf57b6e0ba7222d2897eebe2bb","Bars & Stripes","microgaming","Slots","https://mgasia.canto.global/v/MGAssetLibrary/album/QPD3G",NULL,True,"2026-09-11 16:56:00.652+05:30","2026-09-11 16:56:00.652+05:30"
1480,"8b69a7b0bb8db384858ca59fc056b0b9","Bar Bar Black Sheep - 5 Reel","microgaming","Slots","https://mgasia.canto.global/v/MGAssetLibrary/album/SPHS1",NULL,True,"2026-09-11 16:56:00.652+05:30","2026-09-11 16:56:00.652+05:30"
1481,"75705442f9338941923efe19f4766cc1","Banana Odyssey","microgaming","Slots","https://mgasia.canto.global/v/MGAssetLibrary/album/N02B8",NULL,True,"2026-09-11 16:56:00.652+05:30","2026-09-11 16:56:00.652+05:30"
1482,"6f9d30fa32d7b2f6e5ed4d7305656854","Badminton Hero","microgaming","Slots","https://mgasia.canto.global/v/MGAssetLibrary/album/J0OS6",NULL,True,"2026-09-11 16:56:00.652+05:30","2026-09-11 16:56:00.652+05:30"
1483,"ba8cca97e7660e3f76da0c2d2b9f71ea","Aztec Falls","microgaming","Slots","https://mgasia.canto.global/v/MGAssetLibrary/album/U7QSM",NULL,True,"2026-09-11 16:56:00.652+05:30","2026-09-11 16:56:00.652+05:30"
1485,"42b4332beb84831f6989a9c6b57e3f00","Aurora Wilds","microgaming","Slots","https://mgasia.canto.global/v/MGAssetLibrary/album/I8LL3",NULL,True,"2026-09-11 16:56:00.652+05:30","2026-09-11 16:56:00.652+05:30"
1486,"2510f09b23b5b0b687cc65f6500eb4ce","Astro Legends: Lyra and Erion","microgaming","Arcade","https://mgasia.canto.global/v/MGAssetLibrary/album/KSLBD",NULL,True,"2026-09-11 16:56:00.652+05:30","2026-09-11 16:56:00.652+05:30"
1490,"e53a6ad9d92f90eb9cd162c164406c5c","Ariana","microgaming","Slots","https://mgasia.canto.global/v/MGAssetLibrary/album/G198U",NULL,True,"2026-09-11 16:56:00.652+05:30","2026-09-11 16:56:00.652+05:30"
1491,"4f67d6510e835a58f3239b21a94e7705","Aquanauts","microgaming","Slots","https://mgasia.canto.global/v/MGAssetLibrary/album/LV7TL",NULL,True,"2026-09-11 16:56:00.652+05:30","2026-09-11 16:56:00.652+05:30"
1492,"e3c6bb32a3e5ba0492e2270011854803","Ancient Fortunes: Zeus","microgaming","Slots","https://mgasia.canto.global/v/MGAssetLibrary/album/QSUHE",NULL,True,"2026-09-11 16:56:00.652+05:30","2026-09-11 16:56:00.652+05:30"
1464,"f93ea734fc3add4867c799dfbab27ed5","Book of Mrs Claus","microgaming","Slots","https://www.coincasino.com/cdn/imported_games_images/HUB88/Microgaming/mg_slots_bookofmrsclaus/dcf8adad-1d1d-46d4-88e2-3c1b20f590ba.jpg?w=320",NULL,True,"2026-09-11 16:56:00.652+05:30","2026-09-11 16:56:00.652+05:30"
1450,"d2ab94c26cca7b150fb19fbc7769b216","Burning Desire","microgaming","Slots","https://www.coincasino.com/cdn/imported_games_images/HUB88/Microgaming/mg_slots_burningdesire/dee8c176-5420-4c6c-877e-4b3d4d409176.jpg?w=320",NULL,True,"2026-09-11 16:56:00.652+05:30","2026-09-11 16:56:00.652+05:30"
1474,"94fc00c46c042b4c08aaff4996b1b311","Beautiful Bones","microgaming","Slots","https://www.coincasino.com/cdn/imported_games_images/HUB88/Microgaming/mg_slots_beautifulbones/45d00ea3-ae1f-4c10-8fb4-9977be19c6d5.jpg?w=320",NULL,True,"2026-09-11 16:56:00.652+05:30","2026-09-11 16:56:00.652+05:30"
1471,"3b54b33fc203fd941f12f9c9a3b17635","Big Top","microgaming","Slots","https://www.coincasino.com/cdn/imported_games_images/HUB88/Microgaming/mg_slots_bigtop/ef54ed96-b692-4973-8cc2-b63a4434f6aa.jpg?w=320",NULL,True,"2026-09-11 16:56:00.652+05:30","2026-09-11 16:56:00.652+05:30"
1454,"16734ebb53345c9ada880589af35bb07","Break da Bank Again","microgaming","Slots","https://bc.imgix.net/game/image/6873_Break%20da%20Bank%20Again.png?_v=4&auto=format&dpr=1.25&w=200",NULL,True,"2026-09-11 16:56:00.652+05:30","2026-09-11 16:56:00.652+05:30"
1448,"d25fd1c2b5473578d291fcdfa3515211","Bust the Bank","microgaming","Slots","https://bc.imgix.net/game/image/6914_Bust%20the%20Bank.png?_v=4&auto=format&dpr=1.25&w=200",NULL,True,"2026-09-11 16:56:00.652+05:30","2026-09-11 16:56:00.652+05:30"
1469,"c3e279f72921fb7da838a888ddd42b96","Bison Moon","microgaming","Slots","https://bc.imgix.net/game/image/12784_Bison%20Moon.png?_v=4&auto=format&dpr=1.25&w=200",NULL,True,"2026-09-11 16:56:00.652+05:30","2026-09-11 16:56:00.652+05:30"
1487,"e5bb4fcc888c1e5a38ddfdf4d27cce2f","Assassin Moon","microgaming","Slots","https://bc.imgix.net/game/image/95521b2f-5667-4922-b9a2-b69a3eba6345.png?_v=4&auto=format&dpr=1.25&w=200",NULL,True,"2026-09-11 16:56:00.652+05:30","2026-09-11 16:56:00.652+05:30"
1462,"797d8d43fe9c6e0dd84e5330b244fb8a","Book of Oz - Lock 'N Spin","microgaming","Slots","https://bc.imgix.net/game/image/9401_Book%20of%20Oz%20Lock%20_N%20Spin.png?_v=4&auto=format&dpr=1.25&w=200",NULL,True,"2026-09-11 16:56:00.652+05:30","2026-09-11 16:56:00.652+05:30"
1466,"020a1ecfdc2bd0b135f01a63ac9c1791","Bolt X UP","microgaming","Slots","https://bc.imgix.net/game/image/ee05317a-7940-4f12-b6c2-f3d254242a3a.png?_v=4&auto=format&dpr=1.25&w=200",NULL,True,"2026-09-11 16:56:00.652+05:30","2026-09-11 16:56:00.652+05:30"
1493,"e5a04ab0a8a1b85b479050dbd17cac0f","Ancient Fortunes : Poseidon Megaways","microgaming","Slots","https://mgasia.canto.global/v/MGAssetLibrary/album/P2178",NULL,True,"2026-09-11 16:56:00.652+05:30","2026-09-11 16:56:00.652+05:30"
1494,"cc8d501a134dcbc42e659a8d3da22c9a","Amazon Kingdom","microgaming","Slots","https://mgasia.canto.global/v/MGAssetLibrary/album/NSFMV",NULL,True,"2026-09-11 16:56:00.652+05:30","2026-09-11 16:56:00.652+05:30"
1495,"458b55e79c34ed4cb27c27e25322ad53","Alchemy Fortunes","microgaming","Slots","https://mgasia.canto.global/v/MGAssetLibrary/album/N96IL",NULL,True,"2026-09-11 16:56:00.652+05:30","2026-09-11 16:56:00.652+05:30"
1497,"f34905f94a8733bc7916a8eaabd08803","Agent Jane Blonde Max Volume","microgaming","Slots","https://mgasia.canto.global/v/MGAssetLibrary/album/SUF10",NULL,True,"2026-09-11 16:56:00.652+05:30","2026-09-11 16:56:00.652+05:30"
2330,"33017959e334dc1c7b0b1b5436951838","Gold of Minos","bgaming","Video Slot","",NULL,True,"2026-09-11 16:56:00.652+05:30","2026-09-11 16:56:00.652+05:30"
1500,"f21d2d701fa6b8c9cf0ec5b4038e62c8","Africa X UP","microgaming","Slots","https://mgasia.canto.global/v/MGAssetLibrary/album/G8QKT",NULL,True,"2026-09-11 16:56:00.652+05:30","2026-09-11 16:56:00.652+05:30"
1501,"47bbb5ba63f2410064db4f35f4bc3d63","Adventures Of Doubloon Island","microgaming","Slots","https://mgasia.canto.global/v/MGAssetLibrary/album/SA486",NULL,True,"2026-09-11 16:56:00.652+05:30","2026-09-11 16:56:00.652+05:30"
1503,"ff77bb0ec5c6fcdeccd1dcda4b883920","ActionOps: Snow and Sable","microgaming","Slots","https://mgasia.canto.global/v/MGAssetLibrary/album/IH74R",NULL,True,"2026-09-11 16:56:00.652+05:30","2026-09-11 16:56:00.652+05:30"
1504,"57df4ecb51e8b3f7ff131d980350a286","AbraCatDabra","microgaming","Slots","https://mgasia.canto.global/v/MGAssetLibrary/album/R4AU0",NULL,True,"2026-09-11 16:56:00.698+05:30","2026-09-11 16:56:00.698+05:30"
1506,"efdb0546fd1c18e100507dd58c0a91e0","A Dark Matter","microgaming","Slots","https://mgasia.canto.global/v/MGAssetLibrary/album/M2R5K",NULL,True,"2026-09-11 16:56:00.698+05:30","2026-09-11 16:56:00.698+05:30"
1507,"0395d9bcb682184fb3a87673bd5f2388","9 Pots of Gold","microgaming","Slots","https://mgasia.canto.global/v/MGAssetLibrary/album/P433M",NULL,True,"2026-09-11 16:56:00.698+05:30","2026-09-11 16:56:00.698+05:30"
1508,"a74ea268ae7874d2eda04356aeeebffa","9 Masks of Fire HyperSpins","microgaming","Slots","https://mgasia.canto.global/v/MGAssetLibrary/album/SSU4H",NULL,True,"2026-09-11 16:56:00.698+05:30","2026-09-11 16:56:00.698+05:30"
1509,"dd147b95d16e6f09b2cc98e3fcc766be","9 Masks of Fire","microgaming","Slots","https://mgasia.canto.global/v/MGAssetLibrary/album/QD4RN",NULL,True,"2026-09-11 16:56:00.698+05:30","2026-09-11 16:56:00.698+05:30"
1510,"6aec55f4ffadb5fa4166f0f3880169dc","777 Surge","microgaming","Slots","https://mgasia.canto.global/v/MGAssetLibrary/album/JAVH1",NULL,True,"2026-09-11 16:56:00.698+05:30","2026-09-11 16:56:00.698+05:30"
1511,"c12a5fcd5a90ce9fb9b05edef4732388","777 Super BIG BuildUp Deluxe","microgaming","Slots","https://mgasia.canto.global/v/MGAssetLibrary/album/HEOON",NULL,True,"2026-09-11 16:56:00.698+05:30","2026-09-11 16:56:00.698+05:30"
1512,"313bcbba88204f30ad0f6f8b90b7a957","777 Royal Wheel","microgaming","Slots","https://mgasia.canto.global/v/MGAssetLibrary/album/K5VL7",NULL,True,"2026-09-11 16:56:00.698+05:30","2026-09-11 16:56:00.698+05:30"
1513,"544255049e1cc666e87742e5c7dc7582","777 Mega Deluxe","microgaming","Slots","https://mgasia.canto.global/v/MGAssetLibrary/album/IPR6B",NULL,True,"2026-09-11 16:56:00.698+05:30","2026-09-11 16:56:00.698+05:30"
1514,"7eec59f718e241064f73afba9836c985","5 Star Knockout","microgaming","Slots","https://mgasia.canto.global/v/MGAssetLibrary/album/UA51C",NULL,True,"2026-09-11 16:56:00.698+05:30","2026-09-11 16:56:00.698+05:30"
1515,"b9ed0788e55895d7dd460ffd359b1ff9","5 Reel Drive","microgaming","Slots","https://mgasia.canto.global/v/MGAssetLibrary/album/JUQB8",NULL,True,"2026-09-11 16:56:00.698+05:30","2026-09-11 16:56:00.698+05:30"
1516,"fd4ce87e90334ad2f1166535a2ef6609","4 Diamond Blues Megaways","microgaming","Slots","https://mgasia.canto.global/v/MGAssetLibrary/album/THCPV",NULL,True,"2026-09-11 16:56:00.698+05:30","2026-09-11 16:56:00.698+05:30"
1517,"29baca9a06f2b1147e5e2cc741515a21","25000 Talons","microgaming","Slots","https://mgasia.canto.global/v/MGAssetLibrary/album/GNHQV",NULL,True,"2026-09-11 16:56:00.698+05:30","2026-09-11 16:56:00.698+05:30"
1518,"22cda159b93170df2433368afd6e716e","15 Tridents","microgaming","Slots","https://mgasia.canto.global/v/MGAssetLibrary/album/R44LL",NULL,True,"2026-09-11 16:56:00.698+05:30","2026-09-11 16:56:00.698+05:30"
1519,"a899b3c1735898b9a1ae18bdf372a297","108 Heroes","microgaming","Slots","https://mgasia.canto.global/v/MGAssetLibrary/album/RV0PQ",NULL,True,"2026-09-11 16:56:00.698+05:30","2026-09-11 16:56:00.698+05:30"
1520,"2ca3b8cad27b28796280325dbd2e8e50","10000 Wishes","microgaming","Slots","https://mgasia.canto.global/v/MGAssetLibrary/album/VHRTC",NULL,True,"2026-09-11 16:56:00.698+05:30","2026-09-11 16:56:00.698+05:30"
1528,"e470eeeaf04542696eb38a5b9f258819","Blackjack Amsterdam","microgaming","CasinoLive","https://mgasia.canto.global/v/MGAssetLibrary/album/PMLKT",NULL,True,"2026-09-11 16:56:00.698+05:30","2026-09-11 16:56:00.698+05:30"
1529,"7cafed64c20875072d0ca3bd9ec5c51b","Blackjack London","microgaming","CasinoLive","https://mgasia.canto.global/v/MGAssetLibrary/album/N6UML",NULL,True,"2026-09-11 16:56:00.698+05:30","2026-09-11 16:56:00.698+05:30"
1530,"b3339853d704feabd055899f74ddb40a","Blackjack Manchester","microgaming","CasinoLive","https://mgasia.canto.global/v/MGAssetLibrary/album/GNBOT",NULL,True,"2026-09-11 16:56:00.698+05:30","2026-09-11 16:56:00.698+05:30"
1928,"ab6daf4dcbffda80f5e62fcfe11500f6","Fire my Laser","hacksaw","Slot","https://example.com/game-icons/firelaser.png",NULL,True,"2026-09-11 16:56:00.743+05:30","2026-09-11 16:56:00.743+05:30"
1531,"52132070d76ca606a15cfbc3c90c6074","Blackjack Toronto","microgaming","CasinoLive","https://mgasia.canto.global/v/MGAssetLibrary/album/U9GQK",NULL,True,"2026-09-11 16:56:00.698+05:30","2026-09-11 16:56:00.698+05:30"
1532,"ca89ca47ff8ccd2b9103aba923572d7f","Blackjack Madrid","microgaming","CasinoLive","https://mgasia.canto.global/v/MGAssetLibrary/album/RPPSS",NULL,True,"2026-09-11 16:56:00.698+05:30","2026-09-11 16:56:00.698+05:30"
1533,"4b4719bcb625e9a512f9ff3774c3b552","Blackjack Monte Carlo","microgaming","CasinoLive","https://mgasia.canto.global/v/MGAssetLibrary/album/L836O",NULL,True,"2026-09-11 16:56:00.698+05:30","2026-09-11 16:56:00.698+05:30"
1534,"4dac97f6614136c10d80c9f3929750c9","Blackjack Berlin","microgaming","CasinoLive","https://mgasia.canto.global/v/MGAssetLibrary/album/JQC0G",NULL,True,"2026-09-11 16:56:00.698+05:30","2026-09-11 16:56:00.698+05:30"
1535,"da1255b9e3e91851bc80771d631e149d","Blackjack Riga","microgaming","CasinoLive","https://mgasia.canto.global/v/MGAssetLibrary/album/SALAB",NULL,True,"2026-09-11 16:56:00.698+05:30","2026-09-11 16:56:00.698+05:30"
1536,"aebfbc5a3fe2f28af7eaf4cf7a59d436","Airwave Roulette","microgaming","CasinoLive","https://mgasia.canto.global/v/MGAssetLibrary/album/QQUC3",NULL,True,"2026-09-11 16:56:00.698+05:30","2026-09-11 16:56:00.698+05:30"
1526,"dad552d71b64841aec70f5e15f32677d","Pong Pong Mahjong Jackpots","microgaming","Slots","https://www.coincasino.com/cdn/imported_games_images/HUB88/Microgaming/mg_slots_pongpongmahjongjackpots/fd5b111b-14df-4010-9020-a793ade1a932.jpg?w=320",NULL,True,"2026-09-11 16:56:00.698+05:30","2026-09-11 16:56:00.698+05:30"
1525,"18c50928a01051deea1b14b59b4b50a7","Gates of Asgard Power Combo","microgaming","Slots","https://www.coincasino.com/cdn/imported_games_images/HUB88/Microgaming/mg_slots_gatesofasgardpowercombo/b3499bd5-bde0-47e8-b4fd-a719bd018d89.jpg?w=320",NULL,True,"2026-09-11 16:56:00.698+05:30","2026-09-11 16:56:00.698+05:30"
1524,"85363dc3f17d94e9fd3cff6715baf842","Carnaval Fiesta","microgaming","Slots","https://www.coincasino.com/cdn/imported_games_images/HUB88/Microgaming/mg_slots_carnavalfiesta/d10ecf43-8b3e-427e-adfb-a475a7b865f2.jpg?w=320",NULL,True,"2026-09-11 16:56:00.698+05:30","2026-09-11 16:56:00.698+05:30"
1527,"97f8acb0f1bdf7a5eca64a17fea7c5b0","Cash Blitz","microgaming","Slots","https://www.coincasino.com/cdn/imported_games_images/HUB88/Microgaming/mg_slots_cashblitz/92bac02c-bdd8-4e93-bd17-ba8d5a1dd976.jpg?w=320",NULL,True,"2026-09-11 16:56:00.698+05:30","2026-09-11 16:56:00.698+05:30"
1505,"de2f3a149d5140d5a8ed3abbe3aacf39","A Tale of Elves","microgaming","Slots","https://www.coincasino.com/cdn/imported_games_images/HUB88/Microgaming/mg_slots_ataleofelves/b6d846a2-c7e9-4974-84f3-72d8a397ae2f.jpg?w=320",NULL,True,"2026-09-11 16:56:00.698+05:30","2026-09-11 16:56:00.698+05:30"
1502,"f78e5b41a786e6063a3ac699ae60ef6b","Adventure Palace","microgaming","Slots","https://www.coincasino.com/cdn/imported_games_images/HUB88/Microgaming/mg_slots_adventurepalace/140a7bac-d074-408a-a13e-afdfdc19ce3f.jpg?w=320",NULL,True,"2026-09-11 16:56:00.698+05:30","2026-09-11 16:56:00.698+05:30"
1498,"ce4e0826528f84f031f1f6a6d693a3d6","Agent Jane Blonde","microgaming","Slots","https://bc.imgix.net/game/image/9abf838a-16cf-45ee-9a80-3c048e152d06.png?_v=4&auto=format&dpr=1.25&w=200",NULL,True,"2026-09-11 16:56:00.698+05:30","2026-09-11 16:56:00.698+05:30"
1537,"1acbe3f4942faa857995dd4c35ca29c0","Clubhouse Roulette","microgaming","CasinoLive","https://mgasia.canto.global/v/MGAssetLibrary/album/MSJQ4",NULL,True,"2026-09-11 16:56:00.698+05:30","2026-09-11 16:56:00.698+05:30"
1538,"76bce76b87bd3ce8d5d5ace38bcc6ed6","Amstel Roulette","microgaming","CasinoLive","https://mgasia.canto.global/v/MGAssetLibrary/album/HTGG3",NULL,True,"2026-09-11 16:56:00.698+05:30","2026-09-11 16:56:00.698+05:30"
1539,"0dde1e2bb4c1843ec93370cfbecaa4e0","Speed Roulette","microgaming","CasinoLive","https://mgasia.canto.global/v/MGAssetLibrary/album/JEOSC",NULL,True,"2026-09-11 16:56:00.698+05:30","2026-09-11 16:56:00.698+05:30"
1541,"1fb333954772d674f81ddd347bf90c79","Speed Baccarat 1","microgaming","CasinoLive","https://mgasia.canto.global/v/MGAssetLibrary/album/QFB7V",NULL,True,"2026-09-11 16:56:00.698+05:30","2026-09-11 16:56:00.698+05:30"
1542,"70984c9c2dffa0cd039a2cad05228f48","Speed Baccarat 2","microgaming","CasinoLive","https://mgasia.canto.global/v/MGAssetLibrary/album/R7FAK",NULL,True,"2026-09-11 16:56:00.698+05:30","2026-09-11 16:56:00.698+05:30"
1543,"f1196b5b7864f2302225b091808c37b4","Speed Baccarat 3","microgaming","CasinoLive","https://mgasia.canto.global/v/MGAssetLibrary/album/KPKKS",NULL,True,"2026-09-11 16:56:00.698+05:30","2026-09-11 16:56:00.698+05:30"
1544,"77afbc9d1b79faad145868bb055c6a32","Speed Baccarat 4","microgaming","CasinoLive","https://mgasia.canto.global/v/MGAssetLibrary/album/I9TMK",NULL,True,"2026-09-11 16:56:00.698+05:30","2026-09-11 16:56:00.698+05:30"
1545,"0848ba1c686eb894f35130b93edda7d1","Speed Baccarat 6","microgaming","CasinoLive","https://mgasia.canto.global/v/MGAssetLibrary/album/TE1N1",NULL,True,"2026-09-11 16:56:00.698+05:30","2026-09-11 16:56:00.698+05:30"
1546,"88d40b9c0faf5a6985474e01804693cf","Cards Champion","microgaming","CasinoLive","https://mgasia.canto.global/v/MGAssetLibrary/album/ITIK6",NULL,True,"2026-09-11 16:56:00.698+05:30","2026-09-11 16:56:00.698+05:30"
1547,"a9a6f0dab1c2cd8c11b395d230e273ce","Dragon Tiger","microgaming","CasinoLive","https://mgasia.canto.global/v/MGAssetLibrary/album/VDRMD",NULL,True,"2026-09-11 16:56:00.698+05:30","2026-09-11 16:56:00.698+05:30"
1548,"abaa5ece25a4fd6845067427a61386c0","Everplay Blackjack","microgaming","CasinoLive","https://mgasia.canto.global/v/MGAssetLibrary/album/KD9IE",NULL,True,"2026-09-11 16:56:00.698+05:30","2026-09-11 16:56:00.698+05:30"
1549,"e5d911733c791524a43687976559985c","Speed Blackjack 1","microgaming","CasinoLive","https://mgasia.canto.global/v/MGAssetLibrary/album/IB4IN",NULL,True,"2026-09-11 16:56:00.698+05:30","2026-09-11 16:56:00.698+05:30"
1550,"207d318232df7686702f4a6aabf2105b","Speed Blackjack 2","microgaming","CasinoLive","https://mgasia.canto.global/v/MGAssetLibrary/album/LCBUE",NULL,True,"2026-09-11 16:56:00.698+05:30","2026-09-11 16:56:00.698+05:30"
1551,"26d1e4776e2d48d777369ecd9ba3f903","Holo Roulette","microgaming","CasinoLive","https://mgasia.canto.global/v/MGAssetLibrary/album/R0V2A",NULL,True,"2026-09-11 16:56:00.698+05:30","2026-09-11 16:56:00.698+05:30"
1553,"de473034cbf2ae2b874b1a50d5786d65","Istanbul Roulette","microgaming","CasinoLive","https://mgasia.canto.global/v/MGAssetLibrary/album/OM95C",NULL,True,"2026-09-11 16:56:00.698+05:30","2026-09-11 16:56:00.698+05:30"
1555,"9dee61e5e0a6dd0fdc865ae3d75459d9","Casino Hold'em","microgaming","CasinoLive","https://mgasia.canto.global/v/MGAssetLibrary/album/JJUVO",NULL,True,"2026-09-11 16:56:00.698+05:30","2026-09-11 16:56:00.698+05:30"
1556,"25b0bb7276fa2893a4abefdea373c8d7","Turkish Roulette","microgaming","CasinoLive","https://mgasia.canto.global/v/MGAssetLibrary/album/I25AE",NULL,True,"2026-09-11 16:56:00.698+05:30","2026-09-11 16:56:00.698+05:30"
1557,"1e77cbe546a2d4a9a2b2708b3fb3b8f7","Cash Wheel Carnival","microgaming","CasinoLive","https://mgasia.canto.global/v/MGAssetLibrary/album/SIEK5",NULL,True,"2026-09-11 16:56:00.698+05:30","2026-09-11 16:56:00.698+05:30"
1570,"e130116fdc9bcde2dbb31735b6c365d6","DPEsportsGaming","esports","ESports","",NULL,True,"2026-09-11 16:56:00.698+05:30","2026-09-11 16:56:00.698+05:30"
1559,"59be2ca6bc92922710d0d76e2386ebaa","Blackjack Vancouver","microgaming","CasinoLive","https://mgasia.canto.global/v/MGAssetLibrary/album/JU9V7",NULL,True,"2026-09-11 16:56:00.698+05:30","2026-09-11 16:56:00.698+05:30"
1561,"68c4eea31e5673008f1d2c965061cfc4","Baccarat 5","microgaming","CasinoLive","https://mgasia.canto.global/v/MGAssetLibrary/album/QF781",NULL,True,"2026-09-11 16:56:00.698+05:30","2026-09-11 16:56:00.698+05:30"
1562,"d7e1f7855f8f347e7ad1664e3aa23293","Baccarat 6","microgaming","CasinoLive","https://mgasia.canto.global/v/MGAssetLibrary/album/N1CA9",NULL,True,"2026-09-11 16:56:00.698+05:30","2026-09-11 16:56:00.698+05:30"
1563,"c475ba352fae8cdf0789352cdf18a959","Baccarat 7","microgaming","CasinoLive","https://mgasia.canto.global/v/MGAssetLibrary/album/HHLK1",NULL,True,"2026-09-11 16:56:00.698+05:30","2026-09-11 16:56:00.698+05:30"
2331,"ae09663fb727565cc8754b6b33637b4d","Panda Luck","bgaming","Video Slot","",NULL,True,"2026-09-11 16:56:00.698+05:30","2026-09-11 16:56:00.698+05:30"
1565,"f3333cd09bb9fbf23e6d8fbb7f06c9a7","Playboy Speed Baccarat 2","microgaming","CasinoLive","https://mgasia.canto.global/v/MGAssetLibrary/album/OGBO4",NULL,True,"2026-09-11 16:56:00.698+05:30","2026-09-11 16:56:00.698+05:30"
1567,"936651bfd3aeb789d957f4393078367a","Blackjack Calgary","microgaming","CasinoLive","https://mgasia.canto.global/v/MGAssetLibrary/album/HIG0V",NULL,True,"2026-09-11 16:56:00.698+05:30","2026-09-11 16:56:00.698+05:30"
1568,"b1fe7a2af37aa8cf5a2e20787a5e08f5","FashionTV X-Beat Roulette","microgaming","CasinoLive","https://mgasia.canto.global/v/MGAssetLibrary/album/MUO9S",NULL,True,"2026-09-11 16:56:00.698+05:30","2026-09-11 16:56:00.698+05:30"
1569,"a33e3085a121ce0b5a63531f1456aeb4","FashionTV X-Pulse Blackjack","microgaming","CasinoLive","https://mgasia.canto.global/v/MGAssetLibrary/album/PCFFK",NULL,True,"2026-09-11 16:56:00.698+05:30","2026-09-11 16:56:00.698+05:30"
1566,"613322a58d3050bfdac1afb01fd51256","Playboy Speed Baccarat 3","microgaming","CasinoLive","https://www.coincasino.com/cdn/4534774f-b33c-46b9-948c-3f13e9e82a6b.jpg?w=640",NULL,True,"2026-09-11 16:56:00.698+05:30","2026-09-11 16:56:00.698+05:30"
2168,"a2c9b188d5cb6d33e6a3ab2847a4a785","East Sea Dragon King","netent","Slot Game","https://boxbet.io/_next/image?url=https%3A%2F%2Fcdn.softswiss.net%2Fi%2Fs6%2Fevolution%2FEastSeaDragonKing.png&w=384&q=100",NULL,True,"2026-09-11 16:56:00.698+05:30","2026-09-11 16:56:00.698+05:30"
1571,"1189baca156e1bbbecc3b26651a63565","Mahjong Ways","pgsoft","Slot Game","https://www.coincasino.com/cdn/imported_games_images/HUB88/PGSoft/pgs_mahjongways/b9678b9c-8c5b-46c3-835c-b15856ab66a6.jpg?w=320",NULL,True,"2026-09-11 16:56:00.698+05:30","2026-09-11 16:56:00.698+05:30"
1560,"837c69cad673580542f91974993b7bff","Baccarat 4","microgaming","CasinoLive","https://www.coincasino.com/cdn/736c004f-fc17-4182-a127-63e6dec399ce.jpg?w=320",NULL,True,"2026-09-11 16:56:00.698+05:30","2026-09-11 16:56:00.698+05:30"
1554,"4286b2cea14b127d949d81d18d31c824","Diamond Roulette","microgaming","CasinoLive","https://www.coincasino.com/cdn/1b8a6621-edc7-4a72-a1fd-7975ffec34ff.jpg?w=320",NULL,True,"2026-09-11 16:56:00.698+05:30","2026-09-11 16:56:00.698+05:30"
1552,"6a127f943891da507d4b411c5198abd6","Wanderlust Adventure","microgaming","CasinoLive","https://www.coincasino.com/cdn/0bd7bc76-e928-4eed-a65d-4d480e8c627a.jpg?w=320",NULL,True,"2026-09-11 16:56:00.698+05:30","2026-09-11 16:56:00.698+05:30"
1540,"3597c1344d8473dc260abc8cf01b7cc8","Auto Roulette","microgaming","CasinoLive","https://www.coincasino.com/cdn/14e32d35-5249-4334-b43a-7ea1725946ab.jpg?w=320",NULL,True,"2026-09-11 16:56:00.698+05:30","2026-09-11 16:56:00.698+05:30"
2169,"2b9b2b7ab6c2dd34baa9f76ece5564fa","Moonshine Riches","netent","Slot Game","",NULL,True,"2026-09-11 16:56:00.698+05:30","2026-09-11 16:56:00.698+05:30"
1573,"2fa9a84d096d6ff0bab53f81b79876c8","Treasures of Aztec","pgsoft","Slot Game","https://www.coincasino.com/cdn/imported_games_images/HUB88/PGSoft/pgs_treasuresofaztec/bdef9de9-56f0-4b0c-9c58-9b3fb87bf866.jpg?w=640",NULL,True,"2026-09-11 16:56:00.698+05:30","2026-09-11 16:56:00.698+05:30"
1575,"e1b4c6b95746d519228744771f15fe4b","Lucky Neko","pgsoft","Slot Game","https://www.coincasino.com/cdn/imported_games_images/HUB88/PGSoft/pgs_luckyneko/011a6c4b-a36e-4983-9800-4ab956ff7319.jpg?w=640",NULL,True,"2026-09-11 16:56:00.698+05:30","2026-09-11 16:56:00.698+05:30"
1577,"83a6890cf84e4c5a6bacf96d5355d472","Queen of Bounty","pgsoft","Slot Game","https://www.coincasino.com/cdn/imported_games_images/HUB88/PGSoft/pgs_queenofbounty/b80a8c94-62e5-4739-8c69-b01cf59bf2c9.jpg?w=640",NULL,True,"2026-09-11 16:56:00.698+05:30","2026-09-11 16:56:00.698+05:30"
1578,"95fc290bb05c07b5aad1a054eba4dcc4","Wild Bandito","pgsoft","Slot Game","https://www.coincasino.com/cdn/imported_games_images/HUB88/PGSoft/pgs_wildbandito/4a7d08ab-476c-49c9-b82d-37dd4de6b6ca.jpg?w=640",NULL,True,"2026-09-11 16:56:00.698+05:30","2026-09-11 16:56:00.698+05:30"
1576,"cd29b9906a852ce26b53b6d6d81037d4","Captain's Bounty","pgsoft","Slot Game","https://www.coincasino.com/cdn/imported_games_images/HUB88/PGSoft/pgs_captainsbounty/6df728bf-c532-421f-9b7a-f92daedcdbbc.jpg?w=640",NULL,True,"2026-09-11 16:56:00.698+05:30","2026-09-11 16:56:00.698+05:30"
2332,"7df9dde49a097fe9b62222ba12f606df","Chicken Rush","bgaming","Video Slot","",NULL,True,"2026-09-11 16:56:00.698+05:30","2026-09-11 16:56:00.698+05:30"
1604,"1c6d773d6a616d74e2573343a5dcecc3","Medusa II","pgsoft","Slot Game","https://huidu-bucket.s3.ap-southeast-1.amazonaws.com/api/pg/Medusa-II_rounded_1024.png",NULL,True,"2026-09-11 16:56:00.698+05:30","2026-09-11 16:56:00.698+05:30"
1606,"dcc55631d793ad44be98d21c99f7e361","Medusa","pgsoft","Slot Game","https://huidu-bucket.s3.ap-southeast-1.amazonaws.com/api/pg/Medusa_rounded_1024.png",NULL,True,"2026-09-11 16:56:00.698+05:30","2026-09-11 16:56:00.698+05:30"
1585,"0ef82ebe6f819619f53b83e218b9452c","Dreams of Macau","pgsoft","Slot Game","https://www.coincasino.com/cdn/imported_games_images/HUB88/PGSoft/pgs_dreamsofmacau/35efd140-6708-4bb3-b94b-8992ad929f5f.jpg?w=640",NULL,True,"2026-09-11 16:56:00.698+05:30","2026-09-11 16:56:00.698+05:30"
1590,"1babfc499be7bc670f11695e8668b59d","Egypt's Book of Mystery","pgsoft","Slot Game","https://www.coincasino.com/cdn/imported_games_images/HUB88/PGSoft/pgs_egyptsbookofmystery/3f0d6ec2-7d7e-4517-8d9d-707b85e81b2c.jpg?w=640",NULL,True,"2026-09-11 16:56:00.698+05:30","2026-09-11 16:56:00.698+05:30"
1586,"8db4eb6d781f915eebab2a26133db0e9","Fortune Ox","pgsoft","Slot Game","https://www.coincasino.com/cdn/imported_games_images/HUB88/PGSoft/pgs_fortuneox/eaa22a6b-20d3-4a21-b1a0-b05c80a712e9.jpg?w=320",NULL,True,"2026-09-11 16:56:00.698+05:30","2026-09-11 16:56:00.698+05:30"
1610,"2fea77daa52fd607ed0abe816e4dc7c7","Hotpot","pgsoft","Slot Game","https://www.coincasino.com/cdn/imported_games_images/HUB88/PGSoft/pgs_hotpot/988b71be-8239-4187-8967-96336b878212.jpg?w=320",NULL,True,"2026-09-11 16:56:00.698+05:30","2026-09-11 16:56:00.698+05:30"
1597,"5bea5667515cb7a31f6f07dc3caa13b1","Cocktail Nights","pgsoft","Slot Game","https://www.coincasino.com/cdn/imported_games_images/HUB88/PGSoft/pgs_cocktailnights/3e04bb69-713c-4d00-9941-be594e533b35.jpg?w=640",NULL,True,"2026-09-11 16:56:00.698+05:30","2026-09-11 16:56:00.698+05:30"
1596,"4eef5090166a6889956a630321713366","Jurassic Kingdom","pgsoft","Slot Game","https://www.coincasino.com/cdn/imported_games_images/HUB88/PGSoft/pgs_jurassickingdom/96ac9db4-0bb2-46e4-b477-4e4afb7af6d6.jpg?w=320",NULL,True,"2026-09-11 16:56:00.698+05:30","2026-09-11 16:56:00.698+05:30"
1921,"83f8f594bf60908d7fd4884f652c3e05","Rise of Ymir","hacksaw","Slot","https://example.com/game-icons/ymir.png",NULL,True,"2026-09-11 16:56:00.698+05:30","2026-09-11 16:56:00.698+05:30"
1579,"fedfca553a97a791a3a41c4f1e3bff58","Ways of the Qilin","pgsoft","Slot Game","https://www.coincasino.com/cdn/imported_games_images/HUB88/PGSoft/pgs_waysoftheqilin/420217be-d7e1-4ff1-883b-65a43bf3c074.jpg?w=640",NULL,True,"2026-09-11 16:56:00.698+05:30","2026-09-11 16:56:00.698+05:30"
1580,"4afef91d3addb9ce5107abaf3342b9a5","Dragon Hatch","pgsoft","Slot Game","https://www.coincasino.com/cdn/imported_games_images/HUB88/PGSoft/pgs_dragonhatch/46d8e096-29f1-43b8-a105-8fe5befdb0cb.jpg?w=640",NULL,True,"2026-09-11 16:56:00.698+05:30","2026-09-11 16:56:00.698+05:30"
1581,"3810e528e0abb8ce1cd7ddc2ece005c0","Double Fortune","pgsoft","Slot Game","https://www.coincasino.com/cdn/imported_games_images/HUB88/PGSoft/pgs_doublefortune/3d4aeb63-06ad-4ed0-aea9-b346cf984455.jpg?w=640",NULL,True,"2026-09-11 16:56:00.698+05:30","2026-09-11 16:56:00.698+05:30"
1582,"99f07ed2226f37e22570325fc1c078f2","The Great Icescape","pgsoft","Slot Game","https://www.coincasino.com/cdn/imported_games_images/HUB88/PGSoft/pgs_thegreaticescape/35cad8a1-77c3-4c14-9c2b-dbb0dd88fa55.jpg?w=640",NULL,True,"2026-09-11 16:56:00.698+05:30","2026-09-11 16:56:00.698+05:30"
1583,"82a810ba99a5fb3e23fc514afebd6314","Caishen Wins","pgsoft","Slot Game","https://www.coincasino.com/cdn/imported_games_images/HUB88/PGSoft/pgs_caishenwins/7e5ccce1-5f64-4850-907f-14d018752fc4.jpg?w=640",NULL,True,"2026-09-11 16:56:00.698+05:30","2026-09-11 16:56:00.698+05:30"
1588,"0da0fda6981138234f03cb665984c07e","Prosperity Fortune Tree","pgsoft","Slot Game","https://www.coincasino.com/cdn/imported_games_images/HUB88/PGSoft/pgs_prosperityfortunetree/d5defa4a-a148-4305-88d0-defbc97e7675.jpg?w=640",NULL,True,"2026-09-11 16:56:00.698+05:30","2026-09-11 16:56:00.698+05:30"
1589,"7e6298970ad1c3c983e495be86833dee","Diner Delights","pgsoft","Slot Game","https://www.coincasino.com/cdn/imported_games_images/HUB88/PGSoft/pgs_dinerdelights/3f84b641-9f7b-41e9-8fef-149a76b3fa43.jpg?w=640",NULL,True,"2026-09-11 16:56:00.698+05:30","2026-09-11 16:56:00.698+05:30"
1591,"21c55c4cd28bb1ebf465fcfaf413477c","Phoenix Rises","pgsoft","Slot Game","https://www.coincasino.com/cdn/imported_games_images/HUB88/PGSoft/pgs_phoenixrises/96171097-4185-49ab-ae28-b8053c20cdc8.jpg?w=640",NULL,True,"2026-09-11 16:56:00.698+05:30","2026-09-11 16:56:00.698+05:30"
1592,"fb8888b2dec33fe9d28996376580b410","Wild Fireworks","pgsoft","Slot Game","https://www.coincasino.com/cdn/imported_games_images/HUB88/PGSoft/pgs_wildfireworks/1667706a-6f3f-4f94-be93-40b085ac1228.jpg?w=640",NULL,True,"2026-09-11 16:56:00.698+05:30","2026-09-11 16:56:00.698+05:30"
1593,"fcc6918b79eddf49984d4f5f650c8ded","Thai River Wonders","pgsoft","Slot Game","https://www.coincasino.com/cdn/imported_games_images/HUB88/PGSoft/pgs_thairiverwonders/41827239-a93d-4ca7-a4f1-c6c505e104d5.jpg?w=640",NULL,True,"2026-09-11 16:56:00.698+05:30","2026-09-11 16:56:00.698+05:30"
1598,"9a8482565ce343ad3ea7fc4bc42cb043","Fortune Tiger","pgsoft","Slot Game","https://www.coincasino.com/cdn/imported_games_images/HUB88/PGSoft/pgs_fortunetiger/8191a8ff-1f33-4e54-a86c-dca1989f49f8.jpg?w=640",NULL,True,"2026-09-11 16:56:00.698+05:30","2026-09-11 16:56:00.698+05:30"
1599,"386a9d8e184d9bc7c7aca32a8a5db686","Speed Winner","pgsoft","Slot Game","https://www.coincasino.com/cdn/imported_games_images/HUB88/PGSoft/pgs_speedwinner/70eccfb4-3dcd-4fb5-9b13-182305992ba7.jpg?w=640",NULL,True,"2026-09-11 16:56:00.698+05:30","2026-09-11 16:56:00.698+05:30"
1600,"6e37f6e1b6042c2147866c4d86206979","Legend of Perseus","pgsoft","Slot Game","https://www.coincasino.com/cdn/imported_games_images/HUB88/PGSoft/pgs_legendofperseus/ead49ef2-53e4-4c21-9073-4b57f147d002.jpg?w=640",NULL,True,"2026-09-11 16:56:00.698+05:30","2026-09-11 16:56:00.698+05:30"
1601,"cd0cc7e653b42133d57145d5505d4e96","Honey Trap of Diao Chan","pgsoft","Slot Game","https://www.coincasino.com/cdn/imported_games_images/HUB88/PGSoft/pgs_honeytrapofdiaochan/09e7d30b-3f20-4bcf-959e-fa209ef9cca8.jpg?w=640",NULL,True,"2026-09-11 16:56:00.698+05:30","2026-09-11 16:56:00.698+05:30"
1603,"43862cc768882dff441a60b26dcec1c0","Win Win Won","pgsoft","Slot Game","https://www.coincasino.com/cdn/imported_games_images/HUB88/PGSoft/pgs_winwinwon/e5ddd5b6-f4a1-41c0-949b-ff5e57b4ea82.jpg?w=640",NULL,True,"2026-09-11 16:56:00.698+05:30","2026-09-11 16:56:00.698+05:30"
1605,"e7d7e8396619459db2c178ed72f81049","Tree of Fortune","pgsoft","Slot Game","https://www.coincasino.com/cdn/imported_games_images/HUB88/PGSoft/pgs_treeoffortune/ed7daf27-211e-45d7-a999-bb7d240b3cac.jpg?w=640",NULL,True,"2026-09-11 16:56:00.698+05:30","2026-09-11 16:56:00.698+05:30"
1607,"b34c5e632cdc53fc67f1a5eec5758af7","Plushie Frenzy","pgsoft","Slot Game","https://www.coincasino.com/cdn/imported_games_images/HUB88/PGSoft/pgs_plushiefrenzy/795bcb7a-c635-48e7-b074-76ff2bcab2e6.jpg?w=640",NULL,True,"2026-09-11 16:56:00.698+05:30","2026-09-11 16:56:00.698+05:30"
1608,"9e795df6bdf093a144e714fd35afbb7a","Gem Saviour","pgsoft","Slot Game","https://www.coincasino.com/cdn/imported_games_images/HUB88/PGSoft/pgs_gemsaviour/a5db2946-ceef-41d6-b26a-13179dd802bf.jpg?w=640",NULL,True,"2026-09-11 16:56:00.698+05:30","2026-09-11 16:56:00.698+05:30"
1609,"222ce90a04a2246eecd5216454f9792f","Hood vs Wolf","pgsoft","Slot Game","https://www.coincasino.com/cdn/imported_games_images/HUB88/PGSoft/pgs_hoodvswolf/4a7fda21-ed6f-40c4-9d0d-68f21b942f2c.jpg?w=640",NULL,True,"2026-09-11 16:56:00.698+05:30","2026-09-11 16:56:00.698+05:30"
1613,"1ed6fe92243975f73c944342119a1336","Legend of Hou Yi","pgsoft","Slot Game","https://www.coincasino.com/cdn/imported_games_images/HUB88/PGSoft/pgs_legendofhouyi/4b1f3b60-77ec-4781-a752-da7e4f5e4170.jpg?w=640",NULL,True,"2026-09-11 16:56:00.698+05:30","2026-09-11 16:56:00.698+05:30"
1614,"1fcb23fa9fac3ca32e20adfe90028de3","Prosperity Lion","pgsoft","Slot Game","https://www.coincasino.com/cdn/imported_games_images/HUB88/PGSoft/pgs_prosperitylion/d9d65ad5-fd28-4022-a1e4-3aacf7204c48.jpg?w=640",NULL,True,"2026-09-11 16:56:00.698+05:30","2026-09-11 16:56:00.698+05:30"
1615,"5fdbd55ac67eea146b93939ee060cd54","Hip Hop Panda","pgsoft","Slot Game","https://www.coincasino.com/cdn/imported_games_images/HUB88/PGSoft/pgs_hiphoppanda/fb283f00-f8dc-4bb5-88f2-1baf9c84dfeb.jpg?w=640",NULL,True,"2026-09-11 16:56:00.698+05:30","2026-09-11 16:56:00.698+05:30"
1616,"864edc20e589a738c632f8a49a2e02a3","Santa's Gift Rush","pgsoft","Slot Game","https://www.coincasino.com/cdn/imported_games_images/HUB88/PGSoft/pgs_santasgiftrush/57c66027-45c3-4b6e-9d3d-01d329d7bdec.jpg?w=640",NULL,True,"2026-09-11 16:56:00.698+05:30","2026-09-11 16:56:00.698+05:30"
2334,"96da7b41a5092a2ba6d80c02d54d8e4e","OOF The Goldmine Planet","bgaming","Video Slot","",NULL,True,"2026-09-11 16:56:00.698+05:30","2026-09-11 16:56:00.698+05:30"
2335,"1f580513685cdfd29b3c6cd1493211a8","Lucky Dragon MultiDice X","bgaming","Video Slot","",NULL,True,"2026-09-11 16:56:00.698+05:30","2026-09-11 16:56:00.698+05:30"
1633,"27237d7e8d9b183c92fa9f6ab9832edc","Candy Burst","pgsoft","Slot Game","https://www.coincasino.com/cdn/imported_games_images/HUB88/PGSoft/pgs_candyburst/716ec07e-4eac-403e-bace-1fc6899abf20.jpg?w=640",NULL,True,"2026-09-11 16:56:00.698+05:30","2026-09-11 16:56:00.698+05:30"
1622,"8dcea650a5a4d96530a77e6df8f61923","Ganesha Gold","pgsoft","Slot Game","https://www.coincasino.com/cdn/imported_games_images/HUB88/PGSoft/pgs_ganeshagold/d7cddb6b-f338-4c1e-a0c5-33c722b0fd8a.jpg?w=320",NULL,True,"2026-09-11 16:56:00.698+05:30","2026-09-11 16:56:00.698+05:30"
1646,"a4a67f1259cabed59e338e30149ceb0f","Heist Stakes","pgsoft","Slot Game","https://www.coincasino.com/cdn/imported_games_images/HUB88/PGSoft/pgs_heiststakes/4d11ef47-8af6-4bf3-8906-e06a0acce838.jpg?w=320",NULL,True,"2026-09-11 16:56:00.698+05:30","2026-09-11 16:56:00.698+05:30"
1619,"a9d874dd5305212b09845fc88f72e02d","Piggy Gold","pgsoft","Slot Game","https://www.coincasino.com/cdn/imported_games_images/HUB88/PGSoft/pgs_piggygold/018df6f8-4a3e-443c-bdd0-6df31ae67cb8.jpg?w=320",NULL,True,"2026-09-11 16:56:00.698+05:30","2026-09-11 16:56:00.698+05:30"
1630,"813138051d990c0c21fb78015b14cbef","Reel Love","pgsoft","Slot Game","https://www.coincasino.com/cdn/imported_games_images/HUB88/PGSoft/pgs_reellove/a06c9cdf-6382-49c1-b2d1-72373e4e5195.jpg?w=320",NULL,True,"2026-09-11 16:56:00.698+05:30","2026-09-11 16:56:00.698+05:30"
2237,"5b7c70816af4c7e163434c0b3a1fb136","Temple of Nudges","netent","Slot Game","",NULL,True,"2026-09-11 16:56:00.698+05:30","2026-09-11 16:56:00.698+05:30"
1618,"4bbb563e9cf0211a3433beeebe70f35b","Gem Saviour Sword","pgsoft","Slot Game","https://www.coincasino.com/cdn/imported_games_images/HUB88/PGSoft/pgs_gemsavioursword/611e5d37-ab9a-4461-9d19-a0f6954d8c49.jpg?w=640",NULL,True,"2026-09-11 16:56:00.698+05:30","2026-09-11 16:56:00.698+05:30"
1620,"0c7c636333c3c0807d2da26e1f0c8cd1","Symbols of Egypt","pgsoft","Slot Game","https://www.coincasino.com/cdn/imported_games_images/HUB88/PGSoft/pgs_symbolsofegypt/a087ce2e-abf3-418e-8730-a8e1cdd5979d.jpg?w=640",NULL,True,"2026-09-11 16:56:00.698+05:30","2026-09-11 16:56:00.698+05:30"
1714,"24171abe41bd7430d492347af1e9ebe1","FRUIT MARY","2j","slot","https://drive.google.com/open?id=1-MXC53e1AIjMxlUPMklHhTiiGNWDrfgC&usp=drive_copy",NULL,True,"2026-09-11 16:56:00.698+05:30","2026-09-11 16:56:00.698+05:30"
1621,"12766ca09f503fec11f391199fce5e24","Emperor's Favour","pgsoft","Slot Game","https://www.coincasino.com/cdn/imported_games_images/HUB88/PGSoft/pgs_emperorsfavour/19c46bb2-810f-4735-8cfe-8e13291df5d3.jpg?w=640",NULL,True,"2026-09-11 16:56:00.698+05:30","2026-09-11 16:56:00.698+05:30"
1624,"139f7ae7151a8bd388511bd8b7ce0c40","Journey to the Wealth","pgsoft","Slot Game","https://www.coincasino.com/cdn/imported_games_images/HUB88/PGSoft/pgs_journeytothewealth/9820e8ce-82a8-4694-ab5e-b4d330ccd43b.jpg?w=640",NULL,True,"2026-09-11 16:56:00.698+05:30","2026-09-11 16:56:00.698+05:30"
1625,"0c884fde76cbc187f2797c4f76532220","Flirting Scholar","pgsoft","Slot Game","https://www.coincasino.com/cdn/imported_games_images/HUB88/PGSoft/pgs_flirtingscholar/a5586e6f-925d-4556-b457-9b768fe22063.jpg?w=640",NULL,True,"2026-09-11 16:56:00.698+05:30","2026-09-11 16:56:00.698+05:30"
1627,"82127ece1232c6762c81fedb73c99756","Muay Thai Champion","pgsoft","Slot Game","https://www.coincasino.com/cdn/imported_games_images/HUB88/PGSoft/pgs_muaythaichampion/3487c4be-c417-486b-be93-14ae574ee90c.jpg?w=640",NULL,True,"2026-09-11 16:56:00.698+05:30","2026-09-11 16:56:00.698+05:30"
1628,"3d3dd6e2fd819832528108e0af197c43","Dragon Tiger Luck","pgsoft","Slot Game","https://www.coincasino.com/cdn/imported_games_images/HUB88/PGSoft/pgs_dragontigerluck/8fdb6192-5f95-4a14-99fc-012adb103356.jpg?w=640",NULL,True,"2026-09-11 16:56:00.698+05:30","2026-09-11 16:56:00.698+05:30"
1629,"8e5a4dd7da06fb68165d13f8bcd06328","Fortune Mouse","pgsoft","Slot Game","https://www.coincasino.com/cdn/imported_games_images/HUB88/PGSoft/pgs_fortunemouse/f95c5d99-9605-4375-8c1d-29bed4d39ed6.jpg?w=640",NULL,True,"2026-09-11 16:56:00.698+05:30","2026-09-11 16:56:00.698+05:30"
1631,"07d9e7940f430557447cb19692ae4409","Gem Saviour Conquest","pgsoft","Slot Game","https://www.coincasino.com/cdn/imported_games_images/HUB88/PGSoft/pgs_gemsaviourconquest/8d777c7a-3d13-4eaf-b83a-cb36e278bbc0.jpg?w=640",NULL,True,"2026-09-11 16:56:00.698+05:30","2026-09-11 16:56:00.698+05:30"
1634,"18f7f3fdda3e951989731b7204572a8f","Bikini Paradise","pgsoft","Slot Game","https://www.coincasino.com/cdn/imported_games_images/HUB88/PGSoft/pgs_bikiniparadise/8859d19d-e52d-4995-97af-1f483a42070c.jpg?w=640",NULL,True,"2026-09-11 16:56:00.698+05:30","2026-09-11 16:56:00.698+05:30"
1635,"16e34863dada5465919b289f83c494a1","Genie's 3 Wishes","pgsoft","Slot Game","https://www.coincasino.com/cdn/imported_games_images/HUB88/PGSoft/pgs_genies3wishes/e8462e3a-3e8c-4f53-8bc1-388bd8e3ee51.jpg?w=640",NULL,True,"2026-09-11 16:56:00.698+05:30","2026-09-11 16:56:00.698+05:30"
1637,"7028ed373d5bffeeb22fa90c4066bd9e","Secrets of Cleopatra","pgsoft","Slot Game","https://www.coincasino.com/cdn/imported_games_images/HUB88/PGSoft/pgs_secretsofcleopatra/ac61fca6-15bd-4020-824f-f264f2a316fe.jpg?w=640",NULL,True,"2026-09-11 16:56:00.698+05:30","2026-09-11 16:56:00.698+05:30"
1638,"8912f36ea0ca97fc6911fc21b3be6f6a","Vampire's Charm","pgsoft","Slot Game","https://www.coincasino.com/cdn/imported_games_images/HUB88/PGSoft/pgs_vampirescharm/828336d4-78f4-4644-92b1-7ca4894b8b69.jpg?w=640",NULL,True,"2026-09-11 16:56:00.698+05:30","2026-09-11 16:56:00.698+05:30"
1639,"f55a666db274fcf210dd69801ae7e87a","Jewels of Prosperity","pgsoft","Slot Game","https://www.coincasino.com/cdn/imported_games_images/HUB88/PGSoft/pgs_jewelsofprosperity/f314d880-7a08-467d-86d4-d74ce5f40ecc.jpg?w=640",NULL,True,"2026-09-11 16:56:00.698+05:30","2026-09-11 16:56:00.698+05:30"
1641,"5d26d9ec03d3bc031e49abd5b0ffbdda","Galactic Gems","pgsoft","Slot Game","https://www.coincasino.com/cdn/imported_games_images/HUB88/PGSoft/pgs_galacticgems/bc55c2b5-48ed-4bb6-95f7-06ae39472051.jpg?w=640",NULL,True,"2026-09-11 16:56:00.698+05:30","2026-09-11 16:56:00.698+05:30"
1642,"4e2f6b7602035730e0e8ee89675a417c","Guardians of Ice and Fire","pgsoft","Slot Game","https://www.coincasino.com/cdn/imported_games_images/HUB88/PGSoft/pgs_guardianoficeandfire/bf1b6599-f00f-4cdc-9d46-8aacc7fcd73a.jpg?w=640",NULL,True,"2026-09-11 16:56:00.698+05:30","2026-09-11 16:56:00.698+05:30"
1643,"c9ec6bce856aafad85f7de5405f7b1c3","Opera Dynasty","pgsoft","Slot Game","https://www.coincasino.com/cdn/imported_games_images/HUB88/PGSoft/pgs_operadynasty/9243b27e-2d7e-46f2-8dc5-2d7905049ed2.jpg?w=640",NULL,True,"2026-09-11 16:56:00.698+05:30","2026-09-11 16:56:00.698+05:30"
1644,"894240c0ef08d5c2e29b231013e1514d","Majestic Treasures","pgsoft","Slot Game","https://www.coincasino.com/cdn/imported_games_images/HUB88/PGSoft/pgs_majestictreasures/f9688cda-0b05-4ee7-8551-f64ad2294b73.jpg?w=640",NULL,True,"2026-09-11 16:56:00.698+05:30","2026-09-11 16:56:00.698+05:30"
1645,"bbe2320adc5c506e7e56a2d24d96a252","Candy Bonanza","pgsoft","Slot Game","https://www.coincasino.com/cdn/imported_games_images/HUB88/PGSoft/pgs_candybonanza/2ba941f5-dc7d-4275-ad68-9295775bdaae.jpg?w=640",NULL,True,"2026-09-11 16:56:00.698+05:30","2026-09-11 16:56:00.698+05:30"
1647,"3da7ee034052b8cb90c6ca060652ded4","Rise of Apollo","pgsoft","Slot Game","https://www.coincasino.com/cdn/imported_games_images/HUB88/PGSoft/pgs_riseofapollo/3db6e9e5-8b40-46ba-a923-116cbfb47ddb.jpg?w=640",NULL,True,"2026-09-11 16:56:00.698+05:30","2026-09-11 16:56:00.698+05:30"
1650,"7ef03497fc0b21c34b137e85b1e409cd","Supermarket Spree","pgsoft","Slot Game","https://www.coincasino.com/cdn/imported_games_images/HUB88/PGSoft/pgs_supermarketspree/e0e46fe9-8f6a-45b5-adb7-95ea215a4f47.jpg?w=640",NULL,True,"2026-09-11 16:56:00.698+05:30","2026-09-11 16:56:00.698+05:30"
1651,"2818a7add6e10b2ec5f938d7ae0efb04","Buffalo Win","pgsoft","Slot Game","https://www.coincasino.com/cdn/imported_games_images/HUB88/PGSoft/pgs_buffalowin/78c17fd7-689c-4eb0-a19c-1d45307c5cd9.jpg?w=640",NULL,True,"2026-09-11 16:56:00.698+05:30","2026-09-11 16:56:00.698+05:30"
1649,"24d8e1dbc5cface0907f5a21ecd56753","Raider Jane's Crypt of Fortune","pgsoft","Slot Game","https://www.coincasino.com/cdn/imported_games_images/HUB88/PGSoft/pgs_raiderjanescryptoffortune/7eec2fdc-154c-4360-b7e4-1a555367ada4.jpg?w=640",NULL,True,"2026-09-11 16:56:00.698+05:30","2026-09-11 16:56:00.698+05:30"
1652,"5cdeba2ab48d6ba345b1a4de8e2776b5","Legendary Monkey King","pgsoft","Slot Game","https://www.coincasino.com/cdn/imported_games_images/HUB88/PGSoft/pgs_legendarymonkeyking/fca34f67-6adc-43b6-a551-5b28be1dbe51.jpg?w=640",NULL,True,"2026-09-11 16:56:00.698+05:30","2026-09-11 16:56:00.698+05:30"
2337,"163940b133daf4662a23ac3642698eea","Diamond of Jungle","bgaming","Video Slot","",NULL,True,"2026-09-11 16:56:00.698+05:30","2026-09-11 16:56:00.698+05:30"
2338,"fc81d13da9be4741f1897b7142c1e43a","Dragon's Crash","bgaming","Crash","",NULL,True,"2026-09-11 16:56:00.698+05:30","2026-09-11 16:56:00.698+05:30"
1677,"288f290554746bb32322a79b96ecdcbb","Lucky Clover Lady","pgsoft","Slot Game","https://huidu-bucket.s3.ap-southeast-1.amazonaws.com/api/pg/Lucky-Clover-Lady_1024_rounded.png",NULL,True,"2026-09-11 16:56:00.698+05:30","2026-09-11 16:56:00.698+05:30"
1679,"8489d662ccc07a2e9677729f76e26ae8","Cruise Royale","pgsoft","Slot Game","https://www.coincasino.com/cdn/imported_games_images/HUB88/PGSoft/pgs_cruiseroyale/be0ba1b0-e7a9-4a6f-a440-f9f8de228dc0.jpg?w=640",NULL,True,"2026-09-11 16:56:00.698+05:30","2026-09-11 16:56:00.698+05:30"
1681,"2454dc7cfdc651b7318950453bc3f617","Gladiator's Glory","pgsoft","Slot Game","https://www.coincasino.com/cdn/imported_games_images/HUB88/PGSoft/pgs_gladiatorsglory/56ea8b06-37d4-43c3-aaa1-4cb844597584.jpg?w=640",NULL,True,"2026-09-11 16:56:00.698+05:30","2026-09-11 16:56:00.698+05:30"
1682,"6d1937d2e7f87306333443c99ac2c03f","Ninja Racoon Frenzy","pgsoft","Slot Game","https://www.coincasino.com/cdn/imported_games_images/HUB88/PGSoft/pgs_ninjaraccoonfrenzy/c1e6c6f5-4ec6-4d76-b6b4-1dabfec473bb.jpg?w=640",NULL,True,"2026-09-11 16:56:00.698+05:30","2026-09-11 16:56:00.698+05:30"
1683,"4415d83cd9c74299814c1473db83bf7f","Ultimate Striker","pgsoft","Slot Game","https://www.coincasino.com/cdn/imported_games_images/HUB88/PGSoft/pgs_ultimatestriker/28b387c9-2cc5-480c-980a-51a69d5be76f.jpg?w=640",NULL,True,"2026-09-11 16:56:00.698+05:30","2026-09-11 16:56:00.698+05:30"
1685,"f8ec50fc2ef996e6c182fd2fe59a16fa","Forge of Wealth","pgsoft","Slot Game","https://www.coincasino.com/cdn/imported_games_images/HUB88/PGSoft/pgs_forgeofwealth/13f09acf-0cfd-48b8-b615-0b1b08d85a36.jpg?w=640",NULL,True,"2026-09-11 16:56:00.698+05:30","2026-09-11 16:56:00.698+05:30"
1686,"c7b3016c70a06ddbb2355a3aee4179d0","Mafia Mayhem","pgsoft","Slot Game","https://www.coincasino.com/cdn/imported_games_images/HUB88/PGSoft/pgs_mafiamayhem/0b0a7f0a-fa9e-477e-bde9-6feb1fccc7f5.jpg?w=640",NULL,True,"2026-09-11 16:56:00.698+05:30","2026-09-11 16:56:00.698+05:30"
1688,"1eb6a959aadf0491f4a648762d8d262a","Tsar Treasures","pgsoft","Slot Game","https://www.coincasino.com/cdn/imported_games_images/HUB88/PGSoft/pgs_tsartreasures/a23c8820-ae7e-4215-904a-8372ed05a236.jpg?w=640",NULL,True,"2026-09-11 16:56:00.698+05:30","2026-09-11 16:56:00.698+05:30"
1715,"7226f8d02b70a7178bbbb5fc9a9865e9","MERMAID'S DANCE","2j","slot","https://drive.google.com/open?id=1zgS-fjQA2NZnasDDtRogJQXVsOeteD9v&usp=drive_copy",NULL,True,"2026-09-11 16:56:00.698+05:30","2026-09-11 16:56:00.698+05:30"
1689,"c5435a8a73707a3a8bb4fe8baaaef3d2","Fortune Dragon","pgsoft","Slot Game","https://www.coincasino.com/cdn/imported_games_images/HUB88/PGSoft/pgs_fortunedragon/29efd11d-cf24-4f0a-87f4-a728ca03e24a.jpg?w=640",NULL,True,"2026-09-11 16:56:00.698+05:30","2026-09-11 16:56:00.698+05:30"
1690,"910f25689073d17680be453d7ed90ce2","Dragon Hatch 2","pgsoft","Slot Game","https://www.coincasino.com/cdn/imported_games_images/HUB88/PGSoft/pgs_dragonhatch2/1672f05a-5502-4188-ac6d-cc85a7af4d86.jpg?w=640",NULL,True,"2026-09-11 16:56:00.698+05:30","2026-09-11 16:56:00.698+05:30"
1654,"101ca3ff83b149dcf3439309e9b32142","Emoji Riches","pgsoft","Slot Game","https://www.coincasino.com/cdn/imported_games_images/HUB88/PGSoft/pgs_emojiriches/60fc9e29-4c05-479f-b006-e37fd4e19e2b.jpg?w=640",NULL,True,"2026-09-11 16:56:00.698+05:30","2026-09-11 16:56:00.698+05:30"
1828,"4d29bcaf839b0696c4425272e8e2485f","ITERO","hacksaw","Slot","https://www.coincasino.com/cdn/aa6aded9-ef81-4d04-80df-a62b87178b5c.jpg?w=640",NULL,True,"2026-09-11 16:56:00.698+05:30","2026-09-11 16:56:00.698+05:30"
1829,"7723473a4e847594861d6d299250dc0e","Buffalo Stack'n'Sync","hacksaw","Slot","https://www.coincasino.com/cdn/6157dc3f-1983-4460-91a6-5a6948ef510e.jpg?w=640",NULL,True,"2026-09-11 16:56:00.698+05:30","2026-09-11 16:56:00.698+05:30"
1656,"23b43b58e11aadb1f27fd05ba41e9819","Oriental Prosperity","pgsoft","Slot Game","https://www.coincasino.com/cdn/imported_games_images/HUB88/PGSoft/pgs_orientalprosperity/f7adaa25-6867-49cb-a6c3-f48341651f2a.jpg?w=640",NULL,True,"2026-09-11 16:56:00.698+05:30","2026-09-11 16:56:00.698+05:30"
1657,"aa609892f551de2053e92427dc4ae17f","Garuda Gems","pgsoft","Slot Game","https://www.coincasino.com/cdn/imported_games_images/HUB88/PGSoft/pgs_garudagems/39098d47-df05-4cb9-8ff7-e7c44c767bc4.jpg?w=640",NULL,True,"2026-09-11 16:56:00.698+05:30","2026-09-11 16:56:00.698+05:30"
1658,"617ca04ffcffbc543a1a30cacdac98fa","Destiny of Sun & Moon","pgsoft","Slot Game","https://www.coincasino.com/cdn/imported_games_images/HUB88/PGSoft/pgs_destinyofsunandmoon/f53de87b-b362-44ce-8604-2aa00c68fd7d.jpg?w=640",NULL,True,"2026-09-11 16:56:00.698+05:30","2026-09-11 16:56:00.698+05:30"
1724,"6673747584a36fcaf6ac8aade83d2466","DRAGON & TIGER","2j","slot","https://drive.google.com/open?id=1X68V3EZF29OQwcGd4CRb7pAoGLn2rzJs&usp=drive_copy",NULL,True,"2026-09-11 16:56:00.698+05:30","2026-09-11 16:56:00.698+05:30"
1660,"5c371d9fca6109c954de93ac7986c5db","Rooster Rumble","pgsoft","Slot Game","https://www.coincasino.com/cdn/imported_games_images/HUB88/PGSoft/pgs_roosterrumble/330f804b-a92f-479c-b42e-1cddcc35d514.jpg?w=640",NULL,True,"2026-09-11 16:56:00.698+05:30","2026-09-11 16:56:00.698+05:30"
1661,"1b317b5f8bf2ca0cc609307810407426","The Queen's Banquet","pgsoft","Slot Game","https://www.coincasino.com/cdn/imported_games_images/HUB88/PGSoft/pgs_thequeensbanquet/7e0e24cf-73e8-49e3-9544-cf5c19b027ad.jpg?w=640",NULL,True,"2026-09-11 16:56:00.698+05:30","2026-09-11 16:56:00.698+05:30"
1662,"e9f92f6edc2dac2d08bc345ee036260c","Battleground Royale","pgsoft","Slot Game","https://www.coincasino.com/cdn/imported_games_images/HUB88/PGSoft/pgs_battlegroundroyale/69ac83e2-e2f9-4566-a29d-85d30bf0f9a9.jpg?w=640",NULL,True,"2026-09-11 16:56:00.698+05:30","2026-09-11 16:56:00.698+05:30"
1663,"9b344f0b2a9bda427684be60597d2fc6","Win Win Fish Prawn Crab","pgsoft","Slot Game","https://www.coincasino.com/cdn/imported_games_images/HUB88/PGSoft/pgs_winwinfishprawncrab/b3033971-341c-4956-a14a-7d0022c59279.jpg?w=640",NULL,True,"2026-09-11 16:56:00.698+05:30","2026-09-11 16:56:00.698+05:30"
1664,"66fadac68ed45e23def86c06cc811820","Lucky Piggy","pgsoft","Slot Game","https://www.coincasino.com/cdn/imported_games_images/HUB88/PGSoft/pgs_luckypiggy/042aa997-b04e-478e-ac4d-75dc339303fc.jpg?w=640",NULL,True,"2026-09-11 16:56:00.698+05:30","2026-09-11 16:56:00.698+05:30"
1665,"a06f1a154698243bf2484853d38e5fbb","Wild Coaster","pgsoft","Slot Game","https://www.coincasino.com/cdn/imported_games_images/HUB88/PGSoft/pgs_wildcoaster/4f78622d-ddfa-4394-b5da-2ca13eb09477.jpg?w=640",NULL,True,"2026-09-11 16:56:00.698+05:30","2026-09-11 16:56:00.698+05:30"
1668,"08d92dc2ca14f42c681b44297386d600","Asgardian Rising","pgsoft","Slot Game","https://www.coincasino.com/cdn/imported_games_images/HUB88/PGSoft/pgs_asgardianrising/5f8b1dcb-aa46-4306-a6d2-df6fd7ca17dd.jpg?w=640",NULL,True,"2026-09-11 16:56:00.698+05:30","2026-09-11 16:56:00.698+05:30"
1669,"a2fd6b0cadc8fefccfb0d063b1f81d85","Midas Fortune","pgsoft","Slot Game","https://www.coincasino.com/cdn/imported_games_images/HUB88/PGSoft/pgs_midasfortune/200f3399-a0b4-4541-9fb0-bb489e315557.jpg?w=640",NULL,True,"2026-09-11 16:56:00.698+05:30","2026-09-11 16:56:00.698+05:30"
1670,"e175cdd3215a02f5539cc8354a149b75","Fortune Rabbit","pgsoft","Slot Game","https://www.coincasino.com/cdn/imported_games_images/HUB88/PGSoft/pgs_fortunerabbit/71d77d17-12b8-4148-b401-6deee95282b8.jpg?w=640",NULL,True,"2026-09-11 16:56:00.698+05:30","2026-09-11 16:56:00.698+05:30"
1671,"901aa1b709a937f6a04baddb98a8d1d3","Rave Party Fever","pgsoft","Slot Game","https://www.coincasino.com/cdn/imported_games_images/HUB88/PGSoft/pgs_ravepartyfever/fc33149a-fb01-40f4-9e0a-b7f6e16892e4.jpg?w=640",NULL,True,"2026-09-11 16:56:00.698+05:30","2026-09-11 16:56:00.698+05:30"
1672,"35d6743ae5d73a3359f143cbb44ede09","Hawaiian Tiki","pgsoft","Slot Game","https://www.coincasino.com/cdn/imported_games_images/HUB88/PGSoft/pgs_hawaiiantiki/8f7e6736-2175-4d8b-b06f-7a220124d1fc.jpg?w=640",NULL,True,"2026-09-11 16:56:00.698+05:30","2026-09-11 16:56:00.698+05:30"
1674,"894b1c7609629cf9b3d127d9dbaa372c","Songkran Splash","pgsoft","Slot Game","https://www.coincasino.com/cdn/imported_games_images/HUB88/PGSoft/pgs_songkransplash/626b8624-2510-41a8-aade-f3cbed47af80.jpg?w=640",NULL,True,"2026-09-11 16:56:00.698+05:30","2026-09-11 16:56:00.698+05:30"
1675,"3b2d4d1ae24b1c3ad29556a6cf875f11","Mystical Spirits","pgsoft","Slot Game","https://www.coincasino.com/cdn/imported_games_images/HUB88/PGSoft/pgs_mysticalspirits/65730e98-efb9-4987-87ef-8f670d09b267.jpg?w=640",NULL,True,"2026-09-11 16:56:00.698+05:30","2026-09-11 16:56:00.698+05:30"
1676,"d37dde2adb52e0ea708c0ccd6877b1b3","Super Golf Drive","pgsoft","Slot Game","https://www.coincasino.com/cdn/imported_games_images/HUB88/PGSoft/pgs_supergolfdrive/1d8b4456-ce25-4b2b-b1db-ce2d166e8cb9.jpg?w=640",NULL,True,"2026-09-11 16:56:00.698+05:30","2026-09-11 16:56:00.698+05:30"
1684,"028bd89b2120e880bcf1968c37277460","Wild Heist Cashout","pgsoft","Slot Game","https://www.coincasino.com/cdn/imported_games_images/HUB88/PGSoft/pgs_wildheistcashout/22a0ebc4-3341-43cf-a546-8a1a88ea7df9.jpg?w=640",NULL,True,"2026-09-11 16:56:00.698+05:30","2026-09-11 16:56:00.698+05:30"
2339,"e8a2fedff5f5941e2ebebf6cb8ae10f1","Lucky 8 Merge Up","bgaming","Video Slot","",NULL,True,"2026-09-11 16:56:00.698+05:30","2026-09-11 16:56:00.698+05:30"
2340,"fe31a3383c140b2389eec2c09b95f641","Pop Zen","bgaming","Video Slot","",NULL,True,"2026-09-11 16:56:00.698+05:30","2026-09-11 16:56:00.698+05:30"
1703,"c44dc56b33f2f501d5e0ce24abbe1345","GOD OF WEALTH","2j","slot","https://drive.google.com/open?id=1uCNvtG2epNdMR26b8OymuBA5znAzE3D6&usp=drive_copy",NULL,True,"2026-09-11 16:56:00.698+05:30","2026-09-11 16:56:00.698+05:30"
1704,"8c1c484262be6d9a972e7c6bd705e788","ELVES","2j","slot","https://drive.google.com/open?id=1xaoYlYG2Xtlz3cKWiV1er0Xs_W1iYuAG&usp=drive_copy",NULL,True,"2026-09-11 16:56:00.698+05:30","2026-09-11 16:56:00.698+05:30"
1705,"48d221f9239f3602b2b2bf63d6ec39c4","777 FRUIT","2j","slot","https://drive.google.com/file/d/1yQqBmayd3mxHHFeY4T_dYisZ-UnbO0BB/view?usp=drive_link",NULL,True,"2026-09-11 16:56:00.698+05:30","2026-09-11 16:56:00.698+05:30"
1706,"7bd34489984eea3d1bad41975fae542e","BINGO LUCKY CLOVER","2j","slot","https://drive.google.com/open?id=12jZjAz0yLyNbWBIiamL3h4L8kwdMSCZT&usp=drive_copy",NULL,True,"2026-09-11 16:56:00.698+05:30","2026-09-11 16:56:00.698+05:30"
1707,"5697722e6724bd046fb2afbd424a014d","FOOTBALL","2j","slot","https://drive.google.com/open?id=1bVaqfclz94f2m5F_N_O_q2c5p7NqvJNT&usp=drive_copy",NULL,True,"2026-09-11 16:56:00.698+05:30","2026-09-11 16:56:00.698+05:30"
1708,"b282943cd126f41a9e38bdd2bc76fe43","WILD VEGAS","2j","slot","https://drive.google.com/open?id=1O_Juta5kJgLqQPegn-GJcNY4z_8qr2JI&usp=drive_copy",NULL,True,"2026-09-11 16:56:00.698+05:30","2026-09-11 16:56:00.698+05:30"
1709,"9094042632aac3550530ad5b525ffae6","LAND OF GEMS","2j","slot","https://drive.google.com/open?id=1xyMmh7k5i-1_pHp_OEhGcrtA91qv6UOu&usp=drive_copy",NULL,True,"2026-09-11 16:56:00.698+05:30","2026-09-11 16:56:00.698+05:30"
1710,"d56057bffa63438983c93aaf6fc788d6","PHOENIX","2j","slot","https://drive.google.com/open?id=1F8EjblZp83WllOxiG8f93cObnpNzawi0&usp=drive_copy",NULL,True,"2026-09-11 16:56:00.698+05:30","2026-09-11 16:56:00.698+05:30"
1711,"59d69795bd961796525c0c49f294d6a9","GOD OF FORTUNE","2j","slot","https://drive.google.com/open?id=1GwSJzynleyooH9fiQ7cGbrftKVcbeWdv&usp=drive_copy",NULL,True,"2026-09-11 16:56:00.698+05:30","2026-09-11 16:56:00.698+05:30"
1712,"0a911e36d58aeeac8808333cd26e8cf6","ZEUS POWER","2j","slot","https://drive.google.com/file/d/1ZsFbRQO4FtBhQi7R7EsAQbAmP5Oqe1Os/view?usp=drive_link",NULL,True,"2026-09-11 16:56:00.698+05:30","2026-09-11 16:56:00.698+05:30"
1713,"53cc627c02b695d79426cb84306efde0","RAMPAGE BUFFALO","2j","slot","https://drive.google.com/file/d/1Zpxf-aM7fStPScs3nuUsnGq4bNDvnPbx/view?usp=drive_link",NULL,True,"2026-09-11 16:56:00.698+05:30","2026-09-11 16:56:00.698+05:30"
1716,"dd99170cfbb6b9a58917af1cc5a5df64","HALLOWEEN","2j","slot","https://drive.google.com/open?id=13ULgwvGI9YBA4XECq_AC6DfK8ZuSnXeY&usp=drive_copy",NULL,True,"2026-09-11 16:56:00.698+05:30","2026-09-11 16:56:00.698+05:30"
1717,"8047980e348b59a65833104f8c78b617","RISING FORTUNES","2j","slot","https://drive.google.com/file/d/1gCAiQJv7zmiY8MeuFiZbeoUMvcJljjP1/view?usp=drive_link",NULL,True,"2026-09-11 16:56:00.698+05:30","2026-09-11 16:56:00.698+05:30"
1718,"44f66afddb97af672d3a30f3b19e43a5","JUNGLE TIGER","2j","slot","https://drive.google.com/file/d/11DaoDwTJKPNtbthsW2hUt2TsxEsTLXwQ/view?usp=drive_link",NULL,True,"2026-09-11 16:56:00.698+05:30","2026-09-11 16:56:00.698+05:30"
1719,"efc05ce7e0af629721fb5494df9642e6","MR.FRANKENSTEIN","2j","slot","https://drive.google.com/file/d/1uHMGk3s9NdAHDMq5_h7stnfES83RabW1/view?usp=drive_link",NULL,True,"2026-09-11 16:56:00.698+05:30","2026-09-11 16:56:00.698+05:30"
1720,"8cb2464026c36f1d298cfaec4e36350f","FORTUNE BAMBOO PANDA","2j","slot","https://drive.google.com/open?id=12LWVCX4IFtD4hNVDfShz56tJSOlNM6_A&usp=drive_copy",NULL,True,"2026-09-11 16:56:00.698+05:30","2026-09-11 16:56:00.698+05:30"
1721,"402e65f67c48d292c829e7e48455b8c8","FORTUNE DRAGON","2j","slot","https://drive.google.com/open?id=13nnWRYGskfKRl8e6tmkVsnj2aT1ZUBt6&usp=drive_copy",NULL,True,"2026-09-11 16:56:00.698+05:30","2026-09-11 16:56:00.698+05:30"
1722,"a1e92bcfe4873ada9f3679aa68603206","LEPRECHAUN'S COIN","2j","slot","https://drive.google.com/open?id=1q4nuYLkpHLvPj14Lu8aIxh3A9jNcoIFj&usp=drive_copy",NULL,True,"2026-09-11 16:56:00.698+05:30","2026-09-11 16:56:00.698+05:30"
1723,"e8b4fe5a8da7bb125a41864870dcc6bd","MEDUSA UNLEASHED","2j","slot","https://drive.google.com/open?id=11gycGMjCmiLjr9DsxOImmv0wbJ16wiw-&usp=drive_copy",NULL,True,"2026-09-11 16:56:00.698+05:30","2026-09-11 16:56:00.698+05:30"
1929,"77c8ea1b0698736979e287924639d43f","Klowns","hacksaw","Slot","https://example.com/game-icons/klowns.png",NULL,True,"2026-09-11 16:56:00.743+05:30","2026-09-11 16:56:00.743+05:30"
1725,"23ed719389933dc12f05b86ad9fb06ef","ROMA","2j","slot","https://drive.google.com/open?id=15793z1JyYhxCMP9Pe_0GczMp-8eD1oLu&usp=drive_copy",NULL,True,"2026-09-11 16:56:00.698+05:30","2026-09-11 16:56:00.698+05:30"
1726,"ee03265be153b55c1ef0eeb9775a85be","JIN JI MAHJONG","2j","slot","https://drive.google.com/open?id=1cfR370aBoymN1pJR0Hb6eQo_iJNjjzUb&usp=drive_copy",NULL,True,"2026-09-11 16:56:00.698+05:30","2026-09-11 16:56:00.698+05:30"
1727,"03ec742d26a407f36db0156c4bfa4b9c","MONEY MANIA","2j","slot","https://drive.google.com/open?id=1-kn4E506T98TcJNiq-dyO69pa2STPYrd&usp=drive_copy",NULL,True,"2026-09-11 16:56:00.698+05:30","2026-09-11 16:56:00.698+05:30"
1728,"93c4c19eb73187845dfda4c449fdcf96","88 FORTUNES","2j","slot","https://drive.google.com/open?id=188tzl9XManI1pkuvN9JffQMor4QgxXd3&usp=drive_copy",NULL,True,"2026-09-11 16:56:00.698+05:30","2026-09-11 16:56:00.698+05:30"
1729,"0e933ccadf04a3dbee6693841393350b","FAFAFA","2j","slot","https://drive.google.com/open?id=1aa59jxXQP_hGVfpa8-SjRH1a06Lx5XWA&usp=drive_copy",NULL,True,"2026-09-11 16:56:00.698+05:30","2026-09-11 16:56:00.698+05:30"
1730,"be5277ed827b54b348cf16412f014728","FORTUNE TIGER","2j","slot","https://drive.google.com/open?id=1yrAd1C2vjXhnOjL3qj2Ke_tO4eOwukog&usp=drive_copy",NULL,True,"2026-09-11 16:56:00.743+05:30","2026-09-11 16:56:00.743+05:30"
1731,"d9c6bd759a47fb4c912ec0934f31727b","GOLDEN OX","2j","slot","https://drive.google.com/open?id=1PoIXWjjqGf1slp1FPSPzFf1nqCU6bVdV&usp=drive_copy",NULL,True,"2026-09-11 16:56:00.743+05:30","2026-09-11 16:56:00.743+05:30"
1694,"f08cc025e23ee049b570517867c74be0","Pinata Wins","pgsoft","Slot Game","https://www.coincasino.com/cdn/imported_games_images/HUB88/PGSoft/pgs_pinatawins/f0cf04ff-876e-4427-afb5-45ff81274ffd.jpg?w=320",NULL,True,"2026-09-11 16:56:00.743+05:30","2026-09-11 16:56:00.743+05:30"
1693,"9b93cb0dc46d847864c87ed42a3428bb","Wild Ape #3258","pgsoft","Slot Game","https://www.coincasino.com/cdn/imported_games_images/HUB88/PGSoft/pgs_wildape3258/41b56631-63e5-47a7-aa3a-2e04272b174f.jpg?w=640",NULL,True,"2026-09-11 16:56:00.743+05:30","2026-09-11 16:56:00.743+05:30"
1695,"e61bde75d590e943d2c5c6d432b29b46","Mystic Potion","pgsoft","Slot Game","https://www.coincasino.com/cdn/imported_games_images/HUB88/PGSoft/pgs_mysticpotion/90981445-7b3a-4eab-a83a-d4f2a9772157.jpg?w=640",NULL,True,"2026-09-11 16:56:00.743+05:30","2026-09-11 16:56:00.743+05:30"
1696,"c268154a85669eea35aa46387834ac76","Anubis Wrath","pgsoft","Slot Game","https://www.coincasino.com/cdn/imported_games_images/HUB88/PGSoft/pgs_anubiswrath/c9e37f70-4a48-46e7-b56d-56033097d30b.jpg?w=640",NULL,True,"2026-09-11 16:56:00.743+05:30","2026-09-11 16:56:00.743+05:30"
1697,"c3e600005f72f1d1cabe758e206daf57","Chicky Run","pgsoft","Gamble Game","https://boxbet.io/_next/image?url=https%3A%2F%2Fcdn.softswiss.net%2Fi%2Fs6%2Fpgsoft%2FChickyRun.png&w=640&q=100",NULL,True,"2026-09-11 16:56:00.743+05:30","2026-09-11 16:56:00.743+05:30"
1699,"314afef87ff2974867234ac317b37f4c","Futebol Fever","pgsoft","Slot Game","https://www.coincasino.com/cdn/imported_games_images/HUB88/PGSoft/pgs_futebolfever/7c552c5f-3532-45a8-a5ce-f2edcbc3454b.jpg?w=640",NULL,True,"2026-09-11 16:56:00.743+05:30","2026-09-11 16:56:00.743+05:30"
1700,"42cf824884f8ecdaf39862c9a15bf1f1","Shark Bounty","pgsoft","Slot Game","https://boxbet.io/_next/image?url=https%3A%2F%2Fcdn.softswiss.net%2Fi%2Fs6%2Fpgsoft%2FSharkHunter.png&w=640&q=100",NULL,True,"2026-09-11 16:56:00.743+05:30","2026-09-11 16:56:00.743+05:30"
1701,"e4772d4ef1de4217915c678d0d1722a8","Yakuza Honor","pgsoft","Slot Game","https://www.coincasino.com/cdn/imported_games_images/HUB88/PGSoft/pgs_yakuzahonor/b84099fe-457f-4510-9f2a-63f7aa38c1c7.jpg?w=640",NULL,True,"2026-09-11 16:56:00.743+05:30","2026-09-11 16:56:00.743+05:30"
1702,"6ae667b26f908e5ebe8976ca334fd472","Wings of Iguazu","pgsoft","Slot Game","https://www.coincasino.com/cdn/imported_games_images/HUB88/PGSoft/pgs_wingsofiguazu/521153fe-0e13-4742-96cb-a97af379993f.jpg?w=640",NULL,True,"2026-09-11 16:56:00.743+05:30","2026-09-11 16:56:00.743+05:30"
1732,"ea80640b23b088d3f95dda363e44fbe1","ENDLESS TREASURE","2j","slot","https://drive.google.com/open?id=1oKP1UksX-JXsIlr7f2bSGgHwpgUtq7w6&usp=drive_copy",NULL,True,"2026-09-11 16:56:00.743+05:30","2026-09-11 16:56:00.743+05:30"
1733,"81addf6688b92ef68b074c845e903e63","GOLDEN CENTURY","2j","slot","https://drive.google.com/open?id=13LO0ez9S1Jt4RG78eKJ2cQ1CCi8fuxkw&usp=drive_copy",NULL,True,"2026-09-11 16:56:00.743+05:30","2026-09-11 16:56:00.743+05:30"
1734,"438d6653d54337f0ddf5f223a7c33149","ORIENTAL RICHES","2j","slot","https://drive.google.com/open?id=1vI_QV9KAXaHa2rkTpUtDD5RGEARI_x_q&usp=drive_copy",NULL,True,"2026-09-11 16:56:00.743+05:30","2026-09-11 16:56:00.743+05:30"
1735,"c07e536d8ce8ba3fa7d288084038348c","JIN LOONG","2j","slot","https://drive.google.com/open?id=1CDhASpG1hVR8X0P1OUdqG_K7imfuTgk-&usp=drive_copy",NULL,True,"2026-09-11 16:56:00.743+05:30","2026-09-11 16:56:00.743+05:30"
1736,"4958fecf8209bcd535b5c031678b2dcd","GOLD MANIA","2j","slot","https://drive.google.com/open?id=1xim2a-zzDzXgucE0orBdYeJAFcX4UQAz&usp=drive_copy",NULL,True,"2026-09-11 16:56:00.743+05:30","2026-09-11 16:56:00.743+05:30"
1737,"0c6c06d65c1b9f31227d1c06b878bc2d","GATES OF OLYMPUS","2j","slot","https://drive.google.com/open?id=1Yxx3oBRZ2CUv-1u-hWD-lUHcaZNS8wH8&usp=drive_copy",NULL,True,"2026-09-11 16:56:00.743+05:30","2026-09-11 16:56:00.743+05:30"
1738,"c0cfdded5d3b450fadd0e462eedd08cf","TREASURE OF AZTEC","2j","slot","https://drive.google.com/open?id=1j40tSLYem_n4VzeMJ21dhAQ_lz83gOTQ&usp=drive_copy",NULL,True,"2026-09-11 16:56:00.743+05:30","2026-09-11 16:56:00.743+05:30"
1739,"a791dbb81fa957b28e8d02c973feb859","SUPER ACE","2j","slot","https://drive.google.com/open?id=1yqaRep6KNW2GNJC7u6mT3ZUnlAHG2_v-&usp=drive_copy",NULL,True,"2026-09-11 16:56:00.743+05:30","2026-09-11 16:56:00.743+05:30"
1740,"534e0caa3ffd75ad31ba9a0fa0eb7832","GOLDEN BUFFALO","2j","slot","https://drive.google.com/open?id=1645Wj87_JKSwErVC1Z04q5JYgclVclLD&usp=drive_copy",NULL,True,"2026-09-11 16:56:00.743+05:30","2026-09-11 16:56:00.743+05:30"
1741,"5e679c5f6ca439829f4956d57baa9cd7","FORTUNE RABBIT","2j","slot","https://drive.google.com/open?id=1EYrWMqBdZvh-6nJtARZm1c3t5QvEA3Wi&usp=drive_copy",NULL,True,"2026-09-11 16:56:00.743+05:30","2026-09-11 16:56:00.743+05:30"
1742,"e8208f9ed8e383694902d3b44c2075ca","STARLIGHT PRINCESS 1000","2j","slot","https://drive.google.com/open?id=19AMoWgedzK7YkKdF4sKCoYWclotNmFXT&usp=drive_copy",NULL,True,"2026-09-11 16:56:00.743+05:30","2026-09-11 16:56:00.743+05:30"
1743,"49186eb5963672420497f9ba07887584","SWEET BONANZA 1000","2j","slot","https://drive.google.com/open?id=1Qb8z1vIKPlAhC1Sv-d9LMaBdnz5JefiO&usp=drive_copy",NULL,True,"2026-09-11 16:56:00.743+05:30","2026-09-11 16:56:00.743+05:30"
1744,"65294436702e4366f583d31fc81483f2","FORTUNE MOUSE","2j","slot","https://drive.google.com/open?id=1fDvAqgs1qX66fNJl-_WVwe4x4paklNgb&usp=drive_copy",NULL,True,"2026-09-11 16:56:00.743+05:30","2026-09-11 16:56:00.743+05:30"
1745,"7132023dee6269490bf06d613a58c9d5","PUMPKIN PARTY","2j","slot","https://drive.google.com/open?id=1aWxIe6XfivIFxUAtghfw9zUdEiXqfA9U&usp=drive_copy",NULL,True,"2026-09-11 16:56:00.743+05:30","2026-09-11 16:56:00.743+05:30"
1746,"318d27434705a4d46b588beb2840e50c","CLEOPATRA'S FLAME","2j","slot","https://drive.google.com/open?id=1MROyVSmom_xwmv8pCHcnkX6gXIBl4jbR&usp=drive_copy",NULL,True,"2026-09-11 16:56:00.743+05:30","2026-09-11 16:56:00.743+05:30"
1747,"d55d758f4fc04a98e244e206050e5d90","HUFF N PUFF","2j","slot","https://drive.google.com/open?id=10iTXze5AbGf4k4AjDy5Gdma60Eu1mXdJ&usp=drive_copy",NULL,True,"2026-09-11 16:56:00.743+05:30","2026-09-11 16:56:00.743+05:30"
1748,"dacd9b1abc1377542aa735ec682ba594","ORB OF GANESHA","2j","slot","https://drive.google.com/open?id=1HftmVGiPmR74fvViyNmeM16ycVFSBho5&usp=drive_copy",NULL,True,"2026-09-11 16:56:00.743+05:30","2026-09-11 16:56:00.743+05:30"
1749,"f11f25f2d0a02780c1131a3a7dcc5f09","PIGGY BANKIN","2j","slot","https://drive.google.com/open?id=1tdM24LszRfLBFHXPDX_rrVGaf_tcjbbh&usp=drive_copy",NULL,True,"2026-09-11 16:56:00.743+05:30","2026-09-11 16:56:00.743+05:30"
1750,"514a21b94ff4f68d5f0692d4f7758722","RAILROAD RICHES","2j","slot","https://drive.google.com/open?id=1q95-1HZre_SWgUkVKC5Nq_nT1na7reyt&usp=drive_copy",NULL,True,"2026-09-11 16:56:00.743+05:30","2026-09-11 16:56:00.743+05:30"
1751,"9d24aed9df52f5660c559ac54372c9cd","BELL DEER","2j","slot","https://drive.google.com/open?id=16P1x2ApxvCbrKPdiIE81UuyDxWC0EEzs&usp=drive_copy",NULL,True,"2026-09-11 16:56:00.743+05:30","2026-09-11 16:56:00.743+05:30"
1752,"5cd03b6a63beb007c855bdbb56bf9889","RISING FORTUNES","2j","slot","https://drive.google.com/file/d/1gCAiQJv7zmiY8MeuFiZbeoUMvcJljjP1/view?usp=drive_link",NULL,True,"2026-09-11 16:56:00.743+05:30","2026-09-11 16:56:00.743+05:30"
1753,"9f2f30298893df6fecb0eb3559800522","FORTUNE GEMS","2j","slot","https://drive.google.com/open?id=1jHUyNmbe1Pud0u0nSELCqSAbn4gC-Ym4&usp=drive_copy",NULL,True,"2026-09-11 16:56:00.743+05:30","2026-09-11 16:56:00.743+05:30"
2130,"9a4db9eab68971ac4b03aef0eaee4518","Wild Worlds","netent","Slot Game","",NULL,True,"2026-09-11 16:56:00.835+05:30","2026-09-11 16:56:00.835+05:30"
1754,"7a89e4262652500b3020e11c7311f01a","MONEY MANIA","2j","slot","https://drive.google.com/open?id=1-kn4E506T98TcJNiq-dyO69pa2STPYrd&usp=drive_copy",NULL,True,"2026-09-11 16:56:00.743+05:30","2026-09-11 16:56:00.743+05:30"
1755,"1c02b0834cf565a40df5df6ca65885d5","FORTUNE DRAGON","2j","slot","https://drive.google.com/open?id=13nnWRYGskfKRl8e6tmkVsnj2aT1ZUBt6&usp=drive_copy",NULL,True,"2026-09-11 16:56:00.743+05:30","2026-09-11 16:56:00.743+05:30"
1756,"17b0a56d5fff462564f2baf387a67f96","FISH ON! BASS HUNTER","2j","slot","https://drive.google.com/open?id=1mSQGijf-g5Lu4p3PxtDYlKwe15Zjk1Z7&usp=drive_copy",NULL,True,"2026-09-11 16:56:00.743+05:30","2026-09-11 16:56:00.743+05:30"
1757,"8e66c2f885af481ede941af4ea770858","COSMIC BLITZ","2j","slot","https://drive.google.com/file/d/1JzWmGELoiBtEvFezcv-1OnBsvcjlahG1/view?usp=drive_link",NULL,True,"2026-09-11 16:56:00.743+05:30","2026-09-11 16:56:00.743+05:30"
1758,"0316829380e91b80237c95490a2abcd5","X-PLOSIVE ROCK","2j","slot","https://drive.google.com/open?id=1847R0fXrc5h9U37wP70N193CLAfybfP5&usp=drive_copy",NULL,True,"2026-09-11 16:56:00.743+05:30","2026-09-11 16:56:00.743+05:30"
1759,"ac942a4436a572a2b9b5573e3958065e","Y-PLOSIVE ROCK","2j","slot","https://drive.google.com/open?id=1eQTCtrgXgc5nbaq_YUIz77CgHiNn-1my&usp=drive_copy",NULL,True,"2026-09-11 16:56:00.743+05:30","2026-09-11 16:56:00.743+05:30"
1760,"57eba1135ea172e3d888336e5f548517","TRUMP IT","2j","slot","https://drive.google.com/open?id=13PWpkghKbTHQKxM9PVg-leM2_oSDT9ob&usp=drive_copy",NULL,True,"2026-09-11 16:56:00.743+05:30","2026-09-11 16:56:00.743+05:30"
1761,"e91bc7072343ee4b6c57ee357758f317","777 FRUIT","2j","slot","https://drive.google.com/file/d/1yQqBmayd3mxHHFeY4T_dYisZ-UnbO0BB/view?usp=drive_link",NULL,True,"2026-09-11 16:56:00.743+05:30","2026-09-11 16:56:00.743+05:30"
1762,"d906e75652c87c414aeba526cca7030e","DRAGON TIGER","2j","Multiplayer","https://drive.google.com/file/d/1ctIKY29Uqs7dEpdpeQGPyx9pb78ndZKn/view?usp=drive_link",NULL,True,"2026-09-11 16:56:00.743+05:30","2026-09-11 16:56:00.743+05:30"
1763,"6d47a04fcf8502d4e0b6967d5c3c6145","RED VS BLACK","2j","Multiplayer","https://drive.google.com/open?id=1Wrbu7V_P40BpvlPJohocnH10fZEluGi-&usp=drive_copy",NULL,True,"2026-09-11 16:56:00.743+05:30","2026-09-11 16:56:00.743+05:30"
1764,"eb1521520dbb0e583a717e1c4a5286eb","7 UP DOWN","2j","Multiplayer","https://drive.google.com/open?id=17rGhUF5a2x2McYwTZGWrfXjpqmROP5J8&usp=drive_copy",NULL,True,"2026-09-11 16:56:00.743+05:30","2026-09-11 16:56:00.743+05:30"
1765,"8fb18cef8da9875dd09d6ea54c58d448","BEST OF FIVE","2j","Multiplayer","https://drive.google.com/open?id=1NDsuLul3R8gcYzdkgBVrZfXe0OdUwc6b&usp=drive_copy",NULL,True,"2026-09-11 16:56:00.743+05:30","2026-09-11 16:56:00.743+05:30"
1766,"b184fae0c98f47fd6d79babc747044a9","ANDAR BAHAR","2j","Multiplayer","https://drive.google.com/open?id=1gv_5mgXKhEsHJ9RdrImv5QDCLkhMv7zy&usp=drive_copy",NULL,True,"2026-09-11 16:56:00.743+05:30","2026-09-11 16:56:00.743+05:30"
1767,"e1d8a53d15772a9f5876789b89ce0645","JHANDI MUNDA","2j","Multiplayer","https://drive.google.com/open?id=1POi5_zCGEkOudFY09hKX3wRFxAcBJvjr&usp=drive_copy",NULL,True,"2026-09-11 16:56:00.743+05:30","2026-09-11 16:56:00.743+05:30"
1768,"377989413fba1a506b32cf9f1417c3ff","ROULETTE","2j","Multiplayer","https://drive.google.com/open?id=1JCHyosmzxQb3IWT1QZWPOTUn0g-XHIYj&usp=drive_copy",NULL,True,"2026-09-11 16:56:00.743+05:30","2026-09-11 16:56:00.743+05:30"
1769,"d5c46e03fbfc66a865ff2b5968c21bd9","SIC BO","2j","Multiplayer","https://drive.google.com/open?id=1gmyOYpPNDYwuFjHmFeqJUMlTOajONsll&usp=drive_copy",NULL,True,"2026-09-11 16:56:00.743+05:30","2026-09-11 16:56:00.743+05:30"
1770,"1c5787a0fb55147f97958f596be14c60","HOURSE RACING","2j","Multiplayer","https://drive.google.com/open?id=1FSP8CdKwI9h9tOqbFIlP5c47W13MQ1oT&usp=drive_copy",NULL,True,"2026-09-11 16:56:00.743+05:30","2026-09-11 16:56:00.743+05:30"
1771,"948170ec4a41e05216572f5996f85b32","LUCKY LOTTERY","2j","Multiplayer","https://drive.google.com/open?id=1HpdsHENiLJHByNE2rRp1vOLhmpvsMLHz&usp=drive_copy",NULL,True,"2026-09-11 16:56:00.743+05:30","2026-09-11 16:56:00.743+05:30"
1772,"db0e4e50d14e311210bdb8e9dd6685e2","BACCARAT","2j","Multiplayer","https://drive.google.com/open?id=15jgWRhkt5x2fnXWsSIDS6r7u2jQVmSAd&usp=drive_copy",NULL,True,"2026-09-11 16:56:00.743+05:30","2026-09-11 16:56:00.743+05:30"
1773,"85574d3c98b87d296ee8b13211620431","TH SICBO","2j","Multiplayer","https://drive.google.com/open?id=1Uwbz5dkzrMFYBJY7vhLuKy3p4AnqVlT8&usp=drive_copy",NULL,True,"2026-09-11 16:56:00.743+05:30","2026-09-11 16:56:00.743+05:30"
1774,"a496ab532f75c0acff5177278e383d3a","SA BONG","2j","Multiplayer","https://drive.google.com/open?id=1GAAXhChQ_X9jOXjjhDn676lTCbU8r_m9&usp=drive_copy",NULL,True,"2026-09-11 16:56:00.743+05:30","2026-09-11 16:56:00.743+05:30"
1775,"995e93b889a5e60305bd5077ba1da4ff","CAR ROULETTE","2j","Multiplayer","https://drive.google.com/open?id=1PKbIqPiAPlsP2EHDOLlvIAFZTZAIexbn&usp=drive_copy",NULL,True,"2026-09-11 16:56:00.743+05:30","2026-09-11 16:56:00.743+05:30"
1776,"2a9411e004eef01835c39f21ef99c730","COLOR GAME","2j","Multiplayer","https://drive.google.com/open?id=1Ksa04Co1B7RDVVS83QjFd8yrFsUKeGFb&usp=drive_copy",NULL,True,"2026-09-11 16:56:00.743+05:30","2026-09-11 16:56:00.743+05:30"
1777,"c37c62d3533cb871c70f9a28cb8b387f","MYTHICAL ANIMALS","2j","Multiplayer","https://drive.google.com/open?id=1SJQLvGZO7dOSrcpWQOG3XQkQ2dg0pJRV&usp=drive_copy",NULL,True,"2026-09-11 16:56:00.743+05:30","2026-09-11 16:56:00.743+05:30"
1778,"cc0380582166e82db7d46cab37cad74d","ZOO ROULETTE","2j","Multiplayer","https://drive.google.com/open?id=1QPaZgFDcWKbBdsrokA7KLZO1iRVWnQK5&usp=drive_copy",NULL,True,"2026-09-11 16:56:00.743+05:30","2026-09-11 16:56:00.743+05:30"
1779,"ab8d335957492c65519ccb98f3ad1b32","DIRECTION BOUNTY","2j","Multiplayer","https://drive.google.com/open?id=1h0TNcQwLhzxmXDnt0azFc6jb3_iTSzxD&usp=drive_copy",NULL,True,"2026-09-11 16:56:00.743+05:30","2026-09-11 16:56:00.743+05:30"
1780,"88aa862f08c2cf0536bdd2aa419a4518","CRAZY WIN","2j","Multiplayer","https://drive.google.com/open?id=16FBXhm88hzV2tzpLyQRI7Z7fRlMvT_vn&usp=drive_copy",NULL,True,"2026-09-11 16:56:00.743+05:30","2026-09-11 16:56:00.743+05:30"
1781,"80ecd2441d840f74cbb0fb33056c1aaa","POINT RUMMY","2j","TableGame","https://drive.google.com/open?id=1if8dveFlPzg9kVk8ixeauq4pIt-cR8Uq&usp=drive_copy",NULL,True,"2026-09-11 16:56:00.743+05:30","2026-09-11 16:56:00.743+05:30"
1782,"b2209f84d2e5d835744b7cc5a4dfc5f6","TEEN PATTI","2j","TableGame","https://drive.google.com/file/d/16TcKeys3SCgseS-ITIyEaNEPRCB40MOj/view?usp=drive_link",NULL,True,"2026-09-11 16:56:00.743+05:30","2026-09-11 16:56:00.743+05:30"
1783,"772dc94ab1f913afa1218de98107d765","TRUCO","2j","TableGame","https://drive.google.com/open?id=1v2Oa9eW4p9JQzSp0vmH83AMBP4TC-Y9s&usp=drive_copy",NULL,True,"2026-09-11 16:56:00.743+05:30","2026-09-11 16:56:00.743+05:30"
1784,"09bb57ef1cbdaa36dc575c66b4a545be","CALL BREAK","2j","TableGame","https://drive.google.com/open?id=1rX1VhQ9kNsM9myXre5OX5Oud9rl9AYKi&usp=drive_copy",NULL,True,"2026-09-11 16:56:00.743+05:30","2026-09-11 16:56:00.743+05:30"
1785,"973fc94de61caf9779afd25dcd115b17","BLACK JACK","2j","TableGame","https://drive.google.com/open?id=1kLcUwBcPx4fbAm7ljGYE-zryAAm3gSkj&usp=drive_copy",NULL,True,"2026-09-11 16:56:00.743+05:30","2026-09-11 16:56:00.743+05:30"
1786,"0b709ff139f6546374cba14f51345140","DOMINO GAPLE","2j","TableGame","https://drive.google.com/file/d/1DhjP_65zzkT7b5ulUbBf36-HhabfIu_y/view?usp=drive_link",NULL,True,"2026-09-11 16:56:00.743+05:30","2026-09-11 16:56:00.743+05:30"
1787,"08ebf8001ca546ce8d8772244cb2f7b9","POOL RUMMY","2j","TableGame","https://drive.google.com/open?id=1r6RIUur8auaRFIzrAFjZF5oz0T-0IHQp&usp=drive_copy",NULL,True,"2026-09-11 16:56:00.743+05:30","2026-09-11 16:56:00.743+05:30"
1788,"c3d158a3865618cf69fc6fae77e426f5","DOMINO QIUQIU","2j","TableGame","https://drive.google.com/open?id=1ZeVKzTK3_eP-LOFz96yeMFIj53kXdbdD&usp=drive_copy",NULL,True,"2026-09-11 16:56:00.743+05:30","2026-09-11 16:56:00.743+05:30"
1789,"98bcfab0b0808eb3063b559049afd0e9","QUICK LUDO","2j","TableGame","https://drive.google.com/file/d/1p_I-qYv8POY3uZ3FkqPI2GGZOPiR006g/view?usp=drive_link",NULL,True,"2026-09-11 16:56:00.743+05:30","2026-09-11 16:56:00.743+05:30"
1790,"5c1fcf0a4576a49df3b9965dca658706","REMI","2j","TableGame","https://drive.google.com/open?id=1OfMJvUjYb7vSCAo2Y_ctwKaSugm71B2D&usp=drive_copy",NULL,True,"2026-09-11 16:56:00.743+05:30","2026-09-11 16:56:00.743+05:30"
1791,"09f1b05cbce637f9838b5173f18f041e","TEXAS HOLD'EM","2j","TableGame","https://drive.google.com/open?id=1079_ZBm4qoRCRffd7rajSR7JVyn4tQ8J&usp=drive_copy",NULL,True,"2026-09-11 16:56:00.743+05:30","2026-09-11 16:56:00.743+05:30"
1792,"f6415181962eb72097931ee1cbf74ffc","BIG TWO","2j","TableGame","https://drive.google.com/open?id=1EmcbY_Qgzljh55J19oc4j7xmd6np7ArR&usp=drive_copy",NULL,True,"2026-09-11 16:56:00.743+05:30","2026-09-11 16:56:00.743+05:30"
1793,"374897fbbf20f4638d091ce7c4a8f099","TONGITS","2j","TableGame","https://drive.google.com/open?id=1Wgh9iqHzPR4KVxRXkE-cS2kGfTvtMug5&usp=drive_copy",NULL,True,"2026-09-11 16:56:00.743+05:30","2026-09-11 16:56:00.743+05:30"
2229,"ef704f3a5695f6b58b9c2ff5a192e493","Motorhead Video Slot","netent","Slot Game","",NULL,True,"2026-09-11 16:56:00.835+05:30","2026-09-11 16:56:00.835+05:30"
1794,"3eb453fb1a45ca19f40a776053613497","POKDENG","2j","TableGame","https://drive.google.com/open?id=16Z1ylY4auNJPeqevJNvH-BfyvkwboPF0&usp=drive_copy",NULL,True,"2026-09-11 16:56:00.743+05:30","2026-09-11 16:56:00.743+05:30"
1795,"dae71f173c0d28cc56ba5689128bcf6d","DUMMY","2j","TableGame","https://drive.google.com/open?id=1EIH7fhF3FijnJwP7ICSUA1ebjcO4NpCv&usp=drive_copy",NULL,True,"2026-09-11 16:56:00.743+05:30","2026-09-11 16:56:00.743+05:30"
1796,"19ab4d3d2e9e493ae07f500cdb988850","CRAZY LUDO","2j","TableGame","https://drive.google.com/open?id=1KH6-RkecRE5b-J5rHo2hw5D1S0LDwOO0&usp=drive_copy",NULL,True,"2026-09-11 16:56:00.743+05:30","2026-09-11 16:56:00.743+05:30"
1797,"e6564f3ca52702489344eb7402a6cc25","ALL-IN POKER","2j","TableGame","https://drive.google.com/open?id=1d5vhCl5xlDYkoI_1JDVn8MtoPFdlQ1Ng&usp=drive_copy",NULL,True,"2026-09-11 16:56:00.743+05:30","2026-09-11 16:56:00.743+05:30"
1798,"3c9c7fcda7e8fad01594de887e2981f1","Fishing","2j","Fish","https://drive.google.com/open?id=1koKHX1_pT_QfiFa65w0NAsSfsRYNASoW&usp=drive_copy",NULL,True,"2026-09-11 16:56:00.743+05:30","2026-09-11 16:56:00.743+05:30"
1799,"c471ce60d3478e3a9f0bdded30d9eba2","Fishdom","2j","Fish","https://drive.google.com/open?id=1XFCOStOKT2iZ03B0KrZMNac2SEfKca4x&usp=drive_copy",NULL,True,"2026-09-11 16:56:00.743+05:30","2026-09-11 16:56:00.743+05:30"
2341,"ebdc5bc54ce398aa8d1a7466a4e68d21","Aztec Clusters","bgaming","Video Slot","",NULL,True,"2026-09-11 16:56:00.743+05:30","2026-09-11 16:56:00.743+05:30"
2342,"9ea3ced80f0706d9d6d25994092b3cd4","Wild Heart","bgaming","Video Slot","",NULL,True,"2026-09-11 16:56:00.743+05:30","2026-09-11 16:56:00.743+05:30"
667,"286e61fe71b1ab35a427604bff45e4aa","Turkish Roulette","pragmaticlive","CasinoLive","https://s3.ezgif.com/tmp/ezgif-338d42a2a3393.png",NULL,True,"2026-09-11 16:56:00.743+05:30","2026-09-11 16:56:00.743+05:30"
893,"078375547c790a2ad08aabe0427f800c","Twilight Princess","pragmatic","Slot Game","https://huidu-bucket.s3.ap-southeast-1.amazonaws.com/api/pp/Twilight-Princess.png",NULL,True,"2026-09-11 16:56:00.743+05:30","2026-09-11 16:56:00.743+05:30"
659,"c20d79035300304273bdfd6fbb227d91","Fortune 6 Baccarat","pragmaticlive","CasinoLive","https://bc.imgix.net/game/image/f840457447.png?_v=4&auto=format&dpr=3.0000001192092896&w=200",NULL,True,"2026-09-11 16:56:00.743+05:30","2026-09-11 16:56:00.743+05:30"
661,"831d834fbc4f2b343e7cd5fb58eb6300","Roulette Lobby","pragmaticlive","CasinoLive","https://www.coincasino.com/cdn/imported_games_images/PRAGMATIC/PRAGMATIC/102/c3597265-5a6f-4f66-b01c-94906c09136d.jpg?w=640",NULL,True,"2026-09-11 16:56:00.743+05:30","2026-09-11 16:56:00.743+05:30"
650,"744876957659f5833d4beb0cf9f6787c","Privé Lounge Baccarat 2","pragmaticlive","CasinoLive","https://www.coincasino.com/cdn/imported_games_images/PRAGMATIC/PRAGMATIC/455/847ecebb-5f2d-43aa-acd4-5fdadcb38ce6.jpg?w=640",NULL,True,"2026-09-11 16:56:00.743+05:30","2026-09-11 16:56:00.743+05:30"
693,"03a00a10ccd01b5424bc988c3648776a","Snakes & Ladders Live","pragmaticlive","CasinoLive","https://www.coincasino.com/cdn/imported_games_images/PRAGMATIC/PRAGMATIC/1601/209db283-1169-41eb-a048-96e4fb5eaa41.jpg?w=320",NULL,True,"2026-09-11 16:56:00.743+05:30","2026-09-11 16:56:00.743+05:30"
681,"1f602196b12c5dfa56b9dd2e94d9abab","Speed Roulette 1","pragmaticlive","CasinoLive","https://www.coincasino.com/cdn/imported_games_images/PRAGMATIC/PRAGMATIC/203/4ed496cd-d49e-401b-907d-1a40ae978c7e.jpg?w=320",NULL,True,"2026-09-11 16:56:00.743+05:30","2026-09-11 16:56:00.743+05:30"
735,"8189b037222a0e3812587e4bdebdf6f6","Fortune Roulette","pragmaticlive","CasinoLive","https://www.coincasino.com/cdn/9c1e4baf-c9b5-40a7-9fea-9074a0043de0.jpg?w=640",NULL,True,"2026-09-11 16:56:00.743+05:30","2026-09-11 16:56:00.743+05:30"
1564,"1651f7bfdae3e26e023b1f6d33bb419e","Playboy Speed Baccarat 1","microgaming","CasinoLive","https://www.coincasino.com/cdn/100147ed-04d4-45c0-99b6-cc839f376577.jpg?w=640",NULL,True,"2026-09-11 16:56:00.743+05:30","2026-09-11 16:56:00.743+05:30"
1595,"b1e11902cecf38023f2916569c32040a","Crypto Gold","pgsoft","Slot Game","https://www.coincasino.com/cdn/imported_games_images/HUB88/PGSoft/pgs_cryptogold/8825a2e6-a583-4a22-859b-0823cbe618a1.jpg?w=640",NULL,True,"2026-09-11 16:56:00.743+05:30","2026-09-11 16:56:00.743+05:30"
1611,"b990b58ed9e1aa341b3164f49bcb1517","Dragon Legend","pgsoft","Slot Game","https://www.coincasino.com/cdn/imported_games_images/HUB88/PGSoft/pgs_dragonlegend/a9389315-0f9a-4c1f-9e4c-22f7f6483ea2.jpg?w=640",NULL,True,"2026-09-11 16:56:00.743+05:30","2026-09-11 16:56:00.743+05:30"
1636,"5a11d239f4368b4ec21d31e5979d85cf","Circus Delight","pgsoft","Slot Game","https://www.coincasino.com/cdn/imported_games_images/HUB88/PGSoft/pgs_circusdelight/ae8903fa-7c85-4f1d-99f0-c2b41af104c8.jpg?w=640",NULL,True,"2026-09-11 16:56:00.743+05:30","2026-09-11 16:56:00.743+05:30"
625,"47ff0ea2ce1eae047a4e128282acc1b8","Speed Baccarat 9","pragmaticlive","CasinoLive","https://www.coincasino.com/cdn/imported_games_images/PRAGMATIC/PRAGMATIC/430/5406be5e-279b-45c9-9369-20566faffa03.jpg?w=640",NULL,True,"2026-09-11 16:56:00.743+05:30","2026-09-11 16:56:00.743+05:30"
670,"306f8bd0e756fea31ae5c3a0a458dd26","VIP Roulette - The Club","pragmaticlive","CasinoLive","https://www.coincasino.com/cdn/imported_games_images/PRAGMATIC/PRAGMATIC/545/2c05bfe9-ad04-465a-92de-c2e3b58d3803.jpg?w=640",NULL,True,"2026-09-11 16:56:00.743+05:30","2026-09-11 16:56:00.743+05:30"
1692,"c8bbb41367b3971ed3467c2f0c2627a4","Cash Mania","pgsoft","Slot Game","https://www.coincasino.com/cdn/imported_games_images/HUB88/PGSoft/pgs_cashmania/10b43843-18cc-4fc8-b769-1567f32ea5ee.jpg?w=640",NULL,True,"2026-09-11 16:56:00.743+05:30","2026-09-11 16:56:00.743+05:30"
1667,"9860c865264dcacad1ef37176cdefc1a","Alchemy Gold","pgsoft","Slot Game","https://www.coincasino.com/cdn/imported_games_images/HUB88/PGSoft/pgs_alchemygold/a038d43f-c122-4f87-af2a-3bed9933e2a8.jpg?w=640",NULL,True,"2026-09-11 16:56:00.743+05:30","2026-09-11 16:56:00.743+05:30"
689,"e18b53fffb12388f9e3cbe9895ca82f1","Mega Wheel","pragmaticlive","CasinoLive","https://www.coincasino.com/cdn/imported_games_images/PRAGMATIC/PRAGMATIC/ceb3a9ba-8d45-4e3e-885d-f5c8e9897b08.jpg?w=640",NULL,True,"2026-09-11 16:56:00.743+05:30","2026-09-11 16:56:00.743+05:30"
1623,"232e8e0c74f9bb16ab676e5ed49d72b4","Jungle Delight","pgsoft","Slot Game","https://www.coincasino.com/cdn/imported_games_images/HUB88/PGSoft/pgs_jungledelight/22500170-66a0-4876-a353-e63a3f61f379.jpg?w=320",NULL,True,"2026-09-11 16:56:00.743+05:30","2026-09-11 16:56:00.743+05:30"
708,"1a98b36378f464b523aa55f335056e47","Blackjack X 5 - Ruby","pragmaticlive","CasinoLive","https://www.coincasino.com/cdn/imported_games_images/PRAGMATIC/PRAGMATIC/3005/d4633208-8e99-4deb-b057-7c3251c7ad8d.jpg?w=640",NULL,True,"2026-09-11 16:56:00.743+05:30","2026-09-11 16:56:00.743+05:30"
1558,"6655a82d639b10f019835752fbebd8d3","Blackjack Montreal","microgaming","CasinoLive","https://www.coincasino.com/cdn/2dd7b15d-a42e-4cd1-a35c-c7364d54356d.jpg?w=320",NULL,True,"2026-09-11 16:56:00.743+05:30","2026-09-11 16:56:00.743+05:30"
1391,"d87b9af9be6825928297b16356c93754","Gopher Gold","microgaming","Slots","https://www.coincasino.com/cdn/imported_games_images/HUB88/Microgaming/mg_slots_gophergold/4991abaa-6e73-429d-8b3a-fa192a99b34f.jpg?w=320",NULL,True,"2026-09-11 16:56:00.743+05:30","2026-09-11 16:56:00.743+05:30"
1382,"8bd6f6920baa1cb59368d9096f42ebe7","Immortal Romance","microgaming","Slots","https://www.coincasino.com/cdn/imported_games_images/HUB88/Microgaming/mg_slots_immortalromance/f1490976-602f-41ab-9ba6-ef983b6c5e16.jpg?w=320",NULL,True,"2026-09-11 16:56:00.743+05:30","2026-09-11 16:56:00.743+05:30"
1472,"15511ea42a3b873c0ef6905e159e101a","Big Kahuna","microgaming","Slots","https://www.coincasino.com/cdn/imported_games_images/HUB88/Microgaming/mg_slots_bigkahuna/33789732-e2e1-4785-b67d-c8891b056f46.jpg?w=320",NULL,True,"2026-09-11 16:56:00.743+05:30","2026-09-11 16:56:00.743+05:30"
1496,"43218af12f4de49500c5b66a74095b5b","Alaskan Fishing","microgaming","Slots","https://www.coincasino.com/cdn/imported_games_images/HUB88/Microgaming/mg_slots_alaskanfishing/1e267ab6-f520-4f34-a883-70b5ce37ed06.jpg?w=320",NULL,True,"2026-09-11 16:56:00.743+05:30","2026-09-11 16:56:00.743+05:30"
1021,"327fa121c295ee87c7e2c60611d064bc","Big Bass Bonanza","pragmatic","Slot Game","https://www.coincasino.com/cdn/imported_games_images/PRAGMATIC/PRAGMATIC/vs10bbbonanza/360b4e75-47e3-4a40-a3f8-f4c090b6f618.jpg?w=640",NULL,True,"2026-09-11 16:56:00.743+05:30","2026-09-11 16:56:00.743+05:30"
1846,"cbec4da58bb48d13ef16ebbf75d2860e","RIP City","hacksaw","Slot","https://www.coincasino.com/cdn/b2173f6a-79f9-46f5-9ad1-70371679b471.jpg?w=640",NULL,True,"2026-09-11 16:56:00.743+05:30","2026-09-11 16:56:00.743+05:30"
1422,"9fb42427c0c47e19bdb1e6eea2b79c74","Dream Date","microgaming","Slots","https://www.coincasino.com/cdn/imported_games_images/HUB88/Microgaming/mg_slots_dreamdate/1440d18a-a972-4b20-8263-952de6c6015f.jpg?w=320",NULL,True,"2026-09-11 16:56:00.743+05:30","2026-09-11 16:56:00.743+05:30"
1423,"44a9f31b40f1adfafe424c3d49538569","Dragonz","microgaming","Slots","https://www.coincasino.com/cdn/imported_games_images/HUB88/Microgaming/mg_slots_dragonz/ee41f690-b4a7-4121-8bb9-6fafbfc32c17.jpg?w=320",NULL,True,"2026-09-11 16:56:00.743+05:30","2026-09-11 16:56:00.743+05:30"
919,"7b0d86eef80df55b6fe0b40af454a14d","Candy Stars","pragmatic","Slot Game","https://www.coincasino.com/cdn/imported_games_images/PRAGMATIC/PRAGMATIC/vswaysstrwild/50c67540-9f40-4dbf-abc9-10683f718978.jpg?w=320",NULL,True,"2026-09-11 16:56:00.743+05:30","2026-09-11 16:56:00.743+05:30"
2343,"0a8bae754cd2dba41b5998fcce9d5b37","God of Wealth Hold And Win","bgaming","Video Slot","",NULL,True,"2026-09-11 16:56:00.743+05:30","2026-09-11 16:56:00.743+05:30"
1818,"f6f9f2aa20ce74b4834f93031c0ead57","Cash Quest","hacksaw","Slot","https://www.coincasino.com/cdn/imported_games_images/HUB88/HACKSAW/hsg_cashquest/b6a8b92d-faf4-4e78-aaf8-3b1363b5d806.jpg?w=320",NULL,True,"2026-09-11 16:56:00.743+05:30","2026-09-11 16:56:00.743+05:30"
1811,"60be8265cbe7eca6e8e06c34fe602c8b","Frutz","hacksaw","Slot","https://www.coincasino.com/cdn/imported_games_images/HUB88/HACKSAW/hsg_frutz/ee0bcf19-2650-4490-9aee-f2e4ab14f0eb.jpg?w=320",NULL,True,"2026-09-11 16:56:00.743+05:30","2026-09-11 16:56:00.743+05:30"
1801,"4b3b9e5e036a3403c505a38bffd08858","OmNom","hacksaw","Slot","https://www.coincasino.com/cdn/503be204-65e3-4fb0-9435-cf4c680bf9ea.jpg?w=640",NULL,True,"2026-09-11 16:56:00.743+05:30","2026-09-11 16:56:00.743+05:30"
1802,"e2c75c3b978962180596eda691f26a67","Miami Multiplier","hacksaw","Slot","https://www.coincasino.com/cdn/29b5f99a-8a5e-45f8-b6b0-e7b71a8337e1.jpg?w=640",NULL,True,"2026-09-11 16:56:00.743+05:30","2026-09-11 16:56:00.743+05:30"
1804,"1f25f2b8ef8369dc6abf3b9b6aec4cf7","Cash Compass","hacksaw","Slot","https://www.coincasino.com/cdn/a7bdcf58-4e0c-44b4-aba8-e4a879a5ccb4.jpg?w=640",NULL,True,"2026-09-11 16:56:00.743+05:30","2026-09-11 16:56:00.743+05:30"
1806,"af44f3f064dd5c85ff0517f31afba159","Chaos Crew","hacksaw","Slot","https://www.coincasino.com/cdn/c1c702b4-f3bc-4993-9241-f0c708366719.jpg?w=640",NULL,True,"2026-09-11 16:56:00.743+05:30","2026-09-11 16:56:00.743+05:30"
1807,"d2443b00d1cc8db31e8835b265133a70","Mystery Motel","hacksaw","Slot","https://www.coincasino.com/cdn/5df67c2a-fe44-4f52-870c-1dd485e74bcb.jpg?w=640",NULL,True,"2026-09-11 16:56:00.743+05:30","2026-09-11 16:56:00.743+05:30"
1808,"a4e10a351829cbb7b45807eddbd48a1c","Let It Snow","hacksaw","Slot","https://www.coincasino.com/cdn/0a4ea54c-6388-46b0-af56-d56a2b52eb00.jpg?w=640",NULL,True,"2026-09-11 16:56:00.743+05:30","2026-09-11 16:56:00.743+05:30"
1809,"1f179fe0dad3f8960ef3fa7f5a9dd98e","Cubes 2","hacksaw","Slot","https://www.coincasino.com/cdn/7585a324-a7fd-49b8-a4b3-3d9b50980485.jpg?w=640",NULL,True,"2026-09-11 16:56:00.743+05:30","2026-09-11 16:56:00.743+05:30"
1810,"766aa9c6d27d8a62d2a0c8e6cc29e636","Aztec Twist","hacksaw","Slot","https://www.coincasino.com/cdn/f51ec6d6-c45f-4e94-ab5f-041d5737d2a0.jpg?w=640",NULL,True,"2026-09-11 16:56:00.743+05:30","2026-09-11 16:56:00.743+05:30"
1813,"c60027c045f8fb11094d6a8be3a2b26f","Hop'n'Pop","hacksaw","Slot","https://www.coincasino.com/cdn/a0012219-c12a-45cc-a148-d9e423b48e0d.jpg?w=640",NULL,True,"2026-09-11 16:56:00.743+05:30","2026-09-11 16:56:00.743+05:30"
1814,"fc33f5d1a8b098f911cc879750712e76","Xpander","hacksaw","Slot","https://www.coincasino.com/cdn/e557aae6-eef9-4de3-a0bc-15fdf9e3e7fc.jpg?w=640",NULL,True,"2026-09-11 16:56:00.743+05:30","2026-09-11 16:56:00.743+05:30"
1815,"5c57c72765febfd3251170c703169f01","Toshi Video Club","hacksaw","Slot","https://www.coincasino.com/cdn/9958bbcc-2f36-4fc5-9d7c-851efb3ad9c7.jpg?w=640",NULL,True,"2026-09-11 16:56:00.743+05:30","2026-09-11 16:56:00.743+05:30"
1817,"3f07c6a5ca3ee237a6b187749bdcb544","Wanted Dead or a Wild","hacksaw","Slot","https://www.coincasino.com/cdn/20c5f940-1140-4bc9-9ef1-bd4bcb579a86.jpg?w=640",NULL,True,"2026-09-11 16:56:00.743+05:30","2026-09-11 16:56:00.743+05:30"
1819,"c5070a4a66cfae24e63ba0d346e66ddb","Tasty Treats","hacksaw","Slot","https://www.coincasino.com/cdn/f35aa4e5-a1ad-4255-a676-0fd0dd9934ad.jpg?w=640",NULL,True,"2026-09-11 16:56:00.743+05:30","2026-09-11 16:56:00.743+05:30"
1820,"dfc625a3de158a68465acc6057968d2d","Joker Bombs","hacksaw","Slot","https://www.coincasino.com/cdn/177f08b8-4e86-485f-8bbf-004bad80091d.jpg?w=640",NULL,True,"2026-09-11 16:56:00.743+05:30","2026-09-11 16:56:00.743+05:30"
1822,"405e180c25c02007a78da00986e2a3be","Harvest Wilds","hacksaw","Slot","https://www.coincasino.com/cdn/00635ba2-6ad0-4380-b2b6-703e68dfe5c1.jpg?w=640",NULL,True,"2026-09-11 16:56:00.743+05:30","2026-09-11 16:56:00.743+05:30"
1834,"bcd3e1c0b01622a9dfce7e1b2964363c","Mines","hacksaw","Slot","https://example.com/game-icons/mines.png",NULL,True,"2026-09-11 16:56:00.743+05:30","2026-09-11 16:56:00.743+05:30"
1835,"6e70796ab6df875b9ced09b209714de9","Coins","hacksaw","Slot","https://example.com/game-icons/coins.png",NULL,True,"2026-09-11 16:56:00.743+05:30","2026-09-11 16:56:00.743+05:30"
1836,"5c18dc44c4fc7f1c5ab30be9a57cd926","Boxes","hacksaw","Slot","https://example.com/game-icons/boxes.png",NULL,True,"2026-09-11 16:56:00.743+05:30","2026-09-11 16:56:00.743+05:30"
2344,"e85b9a6b6d7bf1f41ba0e4a320585d62","Keepers Of The Secret","bgaming","Video Slot","",NULL,True,"2026-09-11 16:56:00.743+05:30","2026-09-11 16:56:00.743+05:30"
2345,"a1de8d30de1e8795221e0cbcea462141","Wild Tiger","bgaming","Video Slot","",NULL,True,"2026-09-11 16:56:00.743+05:30","2026-09-11 16:56:00.743+05:30"
1861,"e08f94ec376a0ea269932856beb4ea88","Drop'em","hacksaw","Slot","https://example.com/game-icons/dropem.png",NULL,True,"2026-09-11 16:56:00.743+05:30","2026-09-11 16:56:00.743+05:30"
1856,"1cc8cf1decceb41b613932f040e18473","Plinko","hacksaw","Slot","https://www.coincasino.com/cdn/imported_games_images/HUB88/HACKSAW/hsg_plinkodare2win92/ef1782bb-0bf2-44a1-8dec-737a0e028fdb.jpg?w=320",NULL,True,"2026-09-11 16:56:00.743+05:30","2026-09-11 16:56:00.743+05:30"
2156,"f268767f35ffc2bc116259e6fccffa25","Wings of Riches","netent","Slot Game","",NULL,True,"2026-09-11 16:56:00.743+05:30","2026-09-11 16:56:00.743+05:30"
1876,"4ed428e71bbf1f6572fa2f1c46fd8685","2 Wild 2 Die","hacksaw","Slot","https://www.coincasino.com/cdn/imported_games_images/HUB88/HACKSAW/hsg_2wild2die/d6b3e5d7-0be9-45aa-b9aa-1922fb91fdb1.jpg?w=320",NULL,True,"2026-09-11 16:56:00.743+05:30","2026-09-11 16:56:00.743+05:30"
1865,"f382731c2739cfd4d366301ea91b95f2","Wheel","hacksaw","Slot","https://www.coincasino.com/cdn/imported_games_images/HUB88/HACKSAW/hsg_wheel/11dbdef7-6cc2-42b1-866e-f68975b63d4c.jpg?w=320",NULL,True,"2026-09-11 16:56:00.743+05:30","2026-09-11 16:56:00.743+05:30"
1830,"ec4ff054c3bef6e4cf2e66275e0cab84","Outlaws Inc.","hacksaw","Slot","https://www.coincasino.com/cdn/0311f09b-1728-49f6-bd42-763e5c1388c7.jpg?w=640",NULL,True,"2026-09-11 16:56:00.743+05:30","2026-09-11 16:56:00.743+05:30"
1831,"ee9eb2eb207fb91633c248a34ba42c10","Born Wild","hacksaw","Slot","https://www.coincasino.com/cdn/523689a7-88cd-44f9-b0b1-f4307e8327c8.jpg?w=640",NULL,True,"2026-09-11 16:56:00.743+05:30","2026-09-11 16:56:00.743+05:30"
1832,"0a62abbcfcb17e1ec7aa325cdd1b5ff5","Dork Unit","hacksaw","Slot","https://www.coincasino.com/cdn/16516506-49a9-41d8-832a-4a401de53c34.jpg?w=640",NULL,True,"2026-09-11 16:56:00.743+05:30","2026-09-11 16:56:00.743+05:30"
1833,"740762cd8fc1f8f8919f7fc36102ac93","Fruit Duel","hacksaw","Slot","https://www.coincasino.com/cdn/2d8f1311-eaa8-4d6e-b99e-e32e199baad4.jpg?w=640",NULL,True,"2026-09-11 16:56:00.743+05:30","2026-09-11 16:56:00.743+05:30"
1838,"150f6604972cb2d502ff3ed8ba0e9c34","Forest Fortune","hacksaw","Slot","https://www.coincasino.com/cdn/a7c14144-107e-4576-b4d9-cd15f3c951b0.jpg?w=640",NULL,True,"2026-09-11 16:56:00.743+05:30","2026-09-11 16:56:00.743+05:30"
1840,"f5939114d4b01148778912574c1d4150","Undead Fortune","hacksaw","Slot","https://www.coincasino.com/cdn/ab725c87-2f8a-40e3-990d-1ceb7aca0e14.jpg?w=640",NULL,True,"2026-09-11 16:56:00.743+05:30","2026-09-11 16:56:00.743+05:30"
1839,"3a9bc51c52cdc7a9b1c2441e44fe1098","Alpha Eagle","hacksaw","Slot","https://www.coincasino.com/cdn/e2171c9d-049e-4a92-bda8-a8dc4de40b06.jpg?w=640",NULL,True,"2026-09-11 16:56:00.743+05:30","2026-09-11 16:56:00.743+05:30"
1841,"5af4445f2ce5f587724614fb6bdd8795","Break Bones","hacksaw","Slot","https://www.coincasino.com/cdn/927bebcd-764d-48f8-94a3-c8b34beafafc.jpg?w=640",NULL,True,"2026-09-11 16:56:00.743+05:30","2026-09-11 16:56:00.743+05:30"
1855,"d48d8fe954ed5c1466ec44cf0670968a","Temple of Torment","hacksaw","Slot","https://www.coincasino.com/cdn/586b6062-5fe1-468a-a397-513db5ac2433.jpg?w=640",NULL,True,"2026-09-11 16:56:00.743+05:30","2026-09-11 16:56:00.743+05:30"
1844,"4c91814c2dd2d8c51df9cb7fe40e6364","Gronk's Gems","hacksaw","Slot","https://www.coincasino.com/cdn/a1f24995-930e-4e77-b74d-c6f28dac9535.jpg?w=640",NULL,True,"2026-09-11 16:56:00.743+05:30","2026-09-11 16:56:00.743+05:30"
1847,"c6e1430cbde09d40ae778612c82ea73e","Frank's Farm","hacksaw","Slot","https://www.coincasino.com/cdn/750a7aa3-8225-4fe5-adb1-7d5b7158c64c.jpg?w=640",NULL,True,"2026-09-11 16:56:00.743+05:30","2026-09-11 16:56:00.743+05:30"
1848,"2e140524545c18924fca6574acc15186","Bloodthirst","hacksaw","Slot","https://www.coincasino.com/cdn/7c410637-ad15-4d5c-b225-5f126b3bece5.jpg?w=640",NULL,True,"2026-09-11 16:56:00.743+05:30","2026-09-11 16:56:00.743+05:30"
1842,"efbb9d792be7e00bdd401ce273336a95","Pug Life","hacksaw","Slot","https://www.coincasino.com/cdn/c9dac830-ce21-4cef-aa23-e8767e29b03e.jpg?w=640",NULL,True,"2026-09-11 16:56:00.743+05:30","2026-09-11 16:56:00.743+05:30"
1849,"f2948ede69cf1f98800f9ef9dc0d2062","Magic Piggy","hacksaw","Slot","https://www.coincasino.com/cdn/78996083-a2e0-4a2b-b5ac-a9eb3c080ebe.jpg?w=640",NULL,True,"2026-09-11 16:56:00.743+05:30","2026-09-11 16:56:00.743+05:30"
1850,"a421377ebce0ab78e3ae4c2b51c78a1a","Keep 'em Cool","hacksaw","Slot","https://www.coincasino.com/cdn/685502c9-d492-4cc2-b9ec-99a5fe58dab9.jpg?w=640",NULL,True,"2026-09-11 16:56:00.743+05:30","2026-09-11 16:56:00.743+05:30"
1851,"b8c3b765c029ef98ff17a655b91b3d26","Stormforged","hacksaw","Slot","https://www.coincasino.com/cdn/805021f1-ae9c-44db-a137-daf2718d4f29.jpg?w=640",NULL,True,"2026-09-11 16:56:00.743+05:30","2026-09-11 16:56:00.743+05:30"
1853,"94f41b515cbb6db925e8bbec17bd65e0","Cursed Seas","hacksaw","Slot","https://www.coincasino.com/cdn/2822aa65-8f0b-47ed-a45b-85260b629b8a.jpg?w=640",NULL,True,"2026-09-11 16:56:00.743+05:30","2026-09-11 16:56:00.743+05:30"
1854,"286c0167e6c381b66874b88842181bde","Mayan Stackways","hacksaw","Slot","https://www.coincasino.com/cdn/8fa636aa-0591-415b-83d0-dc6b666d8754.jpg?w=640",NULL,True,"2026-09-11 16:56:00.743+05:30","2026-09-11 16:56:00.743+05:30"
1857,"77da68d34abf70d7e050e2fb050954b7","Mighty Masks","hacksaw","Slot","https://www.coincasino.com/cdn/c88411b6-8c9f-4260-b920-2110a2e0182d.jpg?w=640",NULL,True,"2026-09-11 16:56:00.743+05:30","2026-09-11 16:56:00.743+05:30"
1858,"f04b2aa7a67ca592816f6b3571c75363","Beast Below","hacksaw","Slot","https://www.coincasino.com/cdn/6a2a3740-6f74-4a59-80fe-08a6496f585d.jpg?w=640",NULL,True,"2026-09-11 16:56:00.743+05:30","2026-09-11 16:56:00.743+05:30"
1863,"47e083a0a8bbf722a4c10bc06114bfd2","Ronin Stackways","hacksaw","Slot","https://www.coincasino.com/cdn/8baedc0d-adb1-49c0-b7e6-d918219b2767.jpg?w=640",NULL,True,"2026-09-11 16:56:00.743+05:30","2026-09-11 16:56:00.743+05:30"
1864,"e30cd9438ccc25f004fa30683613aa83","Le Bandit","hacksaw","Slot","https://www.coincasino.com/cdn/646822e9-4e6e-4a6c-a24f-453f6eff2f87.jpg?w=640",NULL,True,"2026-09-11 16:56:00.743+05:30","2026-09-11 16:56:00.743+05:30"
1866,"e71d8708f366a160eb51b3e38719ec30","Densho","hacksaw","Slot","https://www.coincasino.com/cdn/b8bf00f4-43e4-4296-b651-894ae1b1ec8e.jpg?w=640",NULL,True,"2026-09-11 16:56:00.743+05:30","2026-09-11 16:56:00.743+05:30"
1868,"9b350b0c4e1656855dfacf6e5cafd46c","Chaos Crew 2","hacksaw","Slot","https://www.coincasino.com/cdn/6097e9f1-3f89-4a77-b2d5-f82bfa89e0db.jpg?w=640",NULL,True,"2026-09-11 16:56:00.743+05:30","2026-09-11 16:56:00.743+05:30"
1881,"eef808de0a9d4002e2d77fc6b1d3d6e6","Dawn of Kings","hacksaw","Slot","https://www.coincasino.com/cdn/531af627-5a6d-4d46-902b-1efce52740d2.jpg?w=640",NULL,True,"2026-09-11 16:56:00.743+05:30","2026-09-11 16:56:00.743+05:30"
1871,"012204452568bafa54b2f29c82e5b425","Eye of the Panda","hacksaw","Slot","https://www.coincasino.com/cdn/74bbb589-19b5-48e6-b1c8-fc53e8ca1f04.jpg?w=640",NULL,True,"2026-09-11 16:56:00.743+05:30","2026-09-11 16:56:00.743+05:30"
1872,"cc251fbd968f770e4ced0209cab8cab9","Immortal Desire","hacksaw","Slot","https://www.coincasino.com/cdn/e66669ed-0be9-4ddf-899c-b38056abe838.jpg?w=640",NULL,True,"2026-09-11 16:56:00.743+05:30","2026-09-11 16:56:00.743+05:30"
1873,"e769181d161924bbd2b4f704b12b6e61","Twenty-one","hacksaw","Slot","https://www.coincasino.com/cdn/24667440-267e-4332-afe5-a6596f35230f.jpg?w=640",NULL,True,"2026-09-11 16:56:00.743+05:30","2026-09-11 16:56:00.743+05:30"
1877,"8fbaed176cfa4d60299dba28bcd7209b","Feel The Beat","hacksaw","Slot","https://www.coincasino.com/cdn/b4f8a33d-51cc-46fe-aecf-a4219a76660d.jpg?w=640",NULL,True,"2026-09-11 16:56:00.743+05:30","2026-09-11 16:56:00.743+05:30"
1875,"bb0f19597e1c6e062040ae6a7d568147","Dark Summoning","hacksaw","Slot","https://www.coincasino.com/cdn/6f408067-af9d-4a06-ac1f-cf9d7a7c08f1.jpg?w=640",NULL,True,"2026-09-11 16:56:00.743+05:30","2026-09-11 16:56:00.743+05:30"
1862,"ded2acdff772ca868500312b0f25ca0f","Lines","hacksaw","Slot","https://www.coincasino.com/cdn/10e9c3e6-6aa2-4c03-b7fe-b5aaebda680d.jpg?w=640",NULL,True,"2026-09-11 16:56:00.743+05:30","2026-09-11 16:56:00.743+05:30"
1874,"c810452cc0de0644c9e3b22f8081ea33","Xmas Drop","hacksaw","Slot","https://www.coincasino.com/cdn/b075ab82-9dd5-4d0a-8ea9-77a3ae1319e7.jpg?w=640",NULL,True,"2026-09-11 16:56:00.743+05:30","2026-09-11 16:56:00.743+05:30"
2346,"1709447d71bc8e313f35ba35b0033845","Capymania Green","bgaming","Scratch cards","",NULL,True,"2026-09-11 16:56:00.743+05:30","2026-09-11 16:56:00.743+05:30"
2347,"02207f5732e5b39e0c1fbe435ebb1b26","Capymania Orange","bgaming","Scratch cards","",NULL,True,"2026-09-11 16:56:00.743+05:30","2026-09-11 16:56:00.743+05:30"
1904,"5a81a53f561074e600457457b420a163","Fireborn","hacksaw","Slot","https://example.com/game-icons/fireborn.png",NULL,True,"2026-09-11 16:56:00.743+05:30","2026-09-11 16:56:00.743+05:30"
1905,"522bf8906874d337de1673754c9c1eff","Mafia Clash","hacksaw","Slot","https://example.com/game-icons/mafia.png",NULL,True,"2026-09-11 16:56:00.743+05:30","2026-09-11 16:56:00.743+05:30"
1906,"9797549ef88afbb5ad146ecc89ce0124","Merlin's Alchemy","hacksaw","Slot","https://example.com/game-icons/merlin.png",NULL,True,"2026-09-11 16:56:00.743+05:30","2026-09-11 16:56:00.743+05:30"
1907,"be67ae26e652fd627ffaa11a415f8d34","Piggy Cluster Hunt","hacksaw","Slot","https://example.com/game-icons/piggycluster.png",NULL,True,"2026-09-11 16:56:00.743+05:30","2026-09-11 16:56:00.743+05:30"
1908,"afffd1f09e5e843244e41f9117b7d6e1","Barrel Bonanza","hacksaw","Slot","https://example.com/game-icons/barrel.png",NULL,True,"2026-09-11 16:56:00.743+05:30","2026-09-11 16:56:00.743+05:30"
1909,"e2e17e606a7b588d4a1b66800f8db524","Space Zoo","hacksaw","Slot","https://example.com/game-icons/spacezoo.png",NULL,True,"2026-09-11 16:56:00.743+05:30","2026-09-11 16:56:00.743+05:30"
1910,"0d9ea2b0a64ba616942c9daa7b563154","Junkyard Kings","hacksaw","Slot","https://example.com/game-icons/junkyard.png",NULL,True,"2026-09-11 16:56:00.743+05:30","2026-09-11 16:56:00.743+05:30"
1911,"7b6ac553db7dd74a5604987f5a35cf09","Holy Heist","hacksaw","Slot","https://example.com/game-icons/holyheist.png",NULL,True,"2026-09-11 16:56:00.743+05:30","2026-09-11 16:56:00.743+05:30"
1912,"f512ed127ae7d7d51c052b4f3c4437b7","Pickle Bandits","hacksaw","Slot","https://example.com/game-icons/pickle.png",NULL,True,"2026-09-11 16:56:00.743+05:30","2026-09-11 16:56:00.743+05:30"
1913,"c3ae4280f4744d1cdea53178cfc9363b","Evil Eyes","hacksaw","Slot","https://example.com/game-icons/evileyes.png",NULL,True,"2026-09-11 16:56:00.743+05:30","2026-09-11 16:56:00.743+05:30"
1914,"a05495da10fced047c330dbeecacb0b9","Blademaster","hacksaw","Slot","https://example.com/game-icons/blademaster.png",NULL,True,"2026-09-11 16:56:00.743+05:30","2026-09-11 16:56:00.743+05:30"
1915,"63ed6da9b02efef4e8b13b36462b3fd4","The Cursed King","hacksaw","Slot","https://example.com/game-icons/cursedking.png",NULL,True,"2026-09-11 16:56:00.743+05:30","2026-09-11 16:56:00.743+05:30"
1916,"dae461e06fa8c7adc5862eb2c7b8e934","Wild Dojo Strike","hacksaw","Slot","https://example.com/game-icons/wilddojo.png",NULL,True,"2026-09-11 16:56:00.743+05:30","2026-09-11 16:56:00.743+05:30"
1917,"9679e9aed900bfa97fce05072c532a14","Shadow Strike","hacksaw","Slot","https://example.com/game-icons/shadowstrike.png",NULL,True,"2026-09-11 16:56:00.743+05:30","2026-09-11 16:56:00.743+05:30"
1918,"a54272a6172262d234f6ddac9ab5db5f","Pirate Bonanza","hacksaw","Slot","https://example.com/game-icons/piratebonanza.png",NULL,True,"2026-09-11 16:56:00.743+05:30","2026-09-11 16:56:00.743+05:30"
1919,"1f30c0f030ff4da090607b6e1f78313d","Le Pharaoh","hacksaw","Slot","https://example.com/game-icons/lepharaoh.png",NULL,True,"2026-09-11 16:56:00.743+05:30","2026-09-11 16:56:00.743+05:30"
1920,"aab2812447d652778a42ab92f1f78046","Cloud Princess","hacksaw","Slot","https://example.com/game-icons/cloudprincess.png",NULL,True,"2026-09-11 16:56:00.743+05:30","2026-09-11 16:56:00.743+05:30"
2152,"aaa5a2e94591bf69164af4513d06e94d","Robin Hood: Shifting Riches","netent","Slot Game","",NULL,True,"2026-09-11 16:56:00.743+05:30","2026-09-11 16:56:00.743+05:30"
1922,"2eef75d80f97f1892e9f57ab25f936c8","Snow Slingers","hacksaw","Slot","https://example.com/game-icons/snowslingers.png",NULL,True,"2026-09-11 16:56:00.743+05:30","2026-09-11 16:56:00.743+05:30"
1923,"c84120db9624c8cd7f18937088afea68","Get the CHEESE","hacksaw","Slot","https://example.com/game-icons/cheese.png",NULL,True,"2026-09-11 16:56:00.743+05:30","2026-09-11 16:56:00.743+05:30"
1924,"76cb5170d1294b7886abe3185f462e85","Wings of Horus","hacksaw","Slot","https://example.com/game-icons/horus.png",NULL,True,"2026-09-11 16:56:00.743+05:30","2026-09-11 16:56:00.743+05:30"
1930,"229f546413af8b471450582e3daded7d","Old Gun","hacksaw","Slot","https://example.com/game-icons/oldgun.png",NULL,True,"2026-09-11 16:56:00.743+05:30","2026-09-11 16:56:00.743+05:30"
1931,"f209ca5ea7f166da5e13e676af54368a","Jawsome Pirates","hacksaw","Slot","https://example.com/game-icons/jawsome.png",NULL,True,"2026-09-11 16:56:00.79+05:30","2026-09-11 16:56:00.79+05:30"
1932,"af97c67df853e5b167005c1e7796f440","Shadow Treasure","hacksaw","Slot","https://example.com/game-icons/shadowtreasure.png",NULL,True,"2026-09-11 16:56:00.79+05:30","2026-09-11 16:56:00.79+05:30"
1933,"c2065fbf18ed047a65068de19f49cd54","Desert Temple","hacksaw","Slot","https://example.com/game-icons/deserttemple.png",NULL,True,"2026-09-11 16:56:00.79+05:30","2026-09-11 16:56:00.79+05:30"
1897,"b45eae26b2a5be37dd42ccf22c95db8b","Limbo","hacksaw","Slot","https://www.coincasino.com/cdn/imported_games_images/HUB88/HACKSAW/hsg_limbo/92622b14-d493-4a2c-9326-2ce98b7c6d83.jpg?w=320",NULL,True,"2026-09-11 16:56:00.79+05:30","2026-09-11 16:56:00.79+05:30"
1901,"36af8c0663e6bc086be8cbf1618e4fb2","Lord Venom","hacksaw","Slot","https://www.coincasino.com/cdn/imported_games_images/HUB88/HACKSAW/hsg_lordvenom94/75f5f27c-0e48-450e-a05b-b57ed7420095.jpg?w=320",NULL,True,"2026-09-11 16:56:00.79+05:30","2026-09-11 16:56:00.79+05:30"
1882,"edd4c4d2520b334c1a05a58a063a84f8","Bouncy Bombs","hacksaw","Slot","https://www.coincasino.com/cdn/dc05caf6-ff34-4594-bdb0-aff9981916bf.jpg?w=640",NULL,True,"2026-09-11 16:56:00.79+05:30","2026-09-11 16:56:00.79+05:30"
1884,"cd68bee1dbf475b96ae6828cad42db40","Cash Crew","hacksaw","Slot","https://www.coincasino.com/cdn/a3cb865a-85d3-4d7e-abd7-b39683c4637b.jpg?w=640",NULL,True,"2026-09-11 16:56:00.79+05:30","2026-09-11 16:56:00.79+05:30"
1885,"6f5cab1de6c1c1e159937c7d35342366","Orb of Destiny","hacksaw","Slot","https://www.coincasino.com/cdn/2101382e-97b5-440e-b6ff-03e4ae11aecd.jpg?w=640",NULL,True,"2026-09-11 16:56:00.79+05:30","2026-09-11 16:56:00.79+05:30"
1886,"79ae7dfa9697e07e0e025ccd41d6dd6d","Divine Drop","hacksaw","Slot","https://www.coincasino.com/cdn/d2b9553b-959a-4b9c-acc1-773fbcd7471b.jpg?w=640",NULL,True,"2026-09-11 16:56:00.79+05:30","2026-09-11 16:56:00.79+05:30"
1890,"08e82c938d7a2815149e420788a97b05","Cursed Crypt","hacksaw","Slot","https://www.coincasino.com/cdn/442bc077-2d2c-4cfe-a2d2-ac3935334c00.jpg?w=640",NULL,True,"2026-09-11 16:56:00.79+05:30","2026-09-11 16:56:00.79+05:30"
1891,"c4f56c09ff05d98516701ee6433614b4","Ze Zeus","hacksaw","Slot","https://www.coincasino.com/cdn/29eb28b0-7456-488d-86d2-1659f57e8bed.jpg?w=640",NULL,True,"2026-09-11 16:56:00.79+05:30","2026-09-11 16:56:00.79+05:30"
1892,"e43b4cf273fb3c95a042c68084639893","Twisted Lab","hacksaw","Slot","https://www.coincasino.com/cdn/0ae09fd1-c334-47ee-98f0-16a1f0f2b020.jpg?w=640",NULL,True,"2026-09-11 16:56:00.79+05:30","2026-09-11 16:56:00.79+05:30"
1893,"08ae7642d9336ef22d4629b19dc0f54a","Tai the Toad","hacksaw","Slot","https://www.coincasino.com/cdn/11feb830-a6ca-49cb-b128-2c2e68294767.jpg?w=640",NULL,True,"2026-09-11 16:56:00.79+05:30","2026-09-11 16:56:00.79+05:30"
1894,"989cdaf088ba8eecfc02e9283538b1b4","SixSixSix","hacksaw","Slot","https://www.coincasino.com/cdn/5dcd98a1-3a09-48c5-b010-a76d33238e87.jpg?w=640",NULL,True,"2026-09-11 16:56:00.79+05:30","2026-09-11 16:56:00.79+05:30"
1898,"354e375196e967aba646b54c6b2a5b49","Donny Dough","hacksaw","Slot","https://www.coincasino.com/cdn/e145f570-2c18-4b7c-9876-c0767785c3ba.jpg?w=640",NULL,True,"2026-09-11 16:56:00.79+05:30","2026-09-11 16:56:00.79+05:30"
1899,"4642a9ce257c3d2b109121b5f41cd834","Speed Crash","hacksaw","Slot","https://www.coincasino.com/cdn/2a1a75c8-5494-4573-a12d-763c6176ce00.jpg?w=640",NULL,True,"2026-09-11 16:56:00.79+05:30","2026-09-11 16:56:00.79+05:30"
1900,"739ed15302f28a642ce33056f6c6f317","Octo Attack","hacksaw","Slot","https://www.coincasino.com/cdn/03e5d321-cf07-45d4-b014-d5343f3d453f.jpg?w=640",NULL,True,"2026-09-11 16:56:00.79+05:30","2026-09-11 16:56:00.79+05:30"
1902,"8e6e0dffeaa4f0f60e756213b977fe8e","Commander of Tridents","hacksaw","Slot","https://www.coincasino.com/cdn/c230c55e-97fa-4925-9c0e-16f83cc00ccd.jpg?w=640",NULL,True,"2026-09-11 16:56:00.79+05:30","2026-09-11 16:56:00.79+05:30"
1903,"4eb4b6241066f76ed4d241e9822ca050","Sleepy Grandpa","hacksaw","Slot","https://www.coincasino.com/cdn/8824ed6f-2f4b-4aa8-a666-61950c3b241d.jpg?w=640",NULL,True,"2026-09-11 16:56:00.79+05:30","2026-09-11 16:56:00.79+05:30"
1934,"0377daab4679d119c077a9a8a058348a","Empress of the Shadows","hacksaw","Slot","https://example.com/game-icons/empress.png",NULL,True,"2026-09-11 16:56:00.79+05:30","2026-09-11 16:56:00.79+05:30"
1935,"127d0ecfb91329b47afa64b00d71f6b2","Super Twins","hacksaw","Slot","https://example.com/game-icons/supertwins.png",NULL,True,"2026-09-11 16:56:00.79+05:30","2026-09-11 16:56:00.79+05:30"
1936,"c81093ececaa7b2ffda7e87a2fddb0da","Clumsy Cowboys","hacksaw","Slot","https://example.com/game-icons/cowboys.png",NULL,True,"2026-09-11 16:56:00.79+05:30","2026-09-11 16:56:00.79+05:30"
1937,"2ba0826982afda22d2afafa5f4605e80","Lucky Multifruit","hacksaw","Slot","https://example.com/game-icons/multifruit.png",NULL,True,"2026-09-11 16:56:00.79+05:30","2026-09-11 16:56:00.79+05:30"
2348,"7e4b004c6fc0c64537050447e2965ef9","Capymania Yellow","bgaming","Scratch cards","",NULL,True,"2026-09-11 16:56:00.79+05:30","2026-09-11 16:56:00.79+05:30"
1939,"8b90c2053ed602109aaa99c6581e9cbd","Merlin's Mania","hacksaw","Slot","https://example.com/game-icons/merlinsmania.png",NULL,True,"2026-09-11 16:56:00.79+05:30","2026-09-11 16:56:00.79+05:30"
1940,"a939bf68a847b6ee29c7c694ce0591cf","Blaze Buddies","hacksaw","Slot","https://example.com/game-icons/blazebuddies.png",NULL,True,"2026-09-11 16:56:00.79+05:30","2026-09-11 16:56:00.79+05:30"
1941,"96d25df3ea370e1601b1bb263dac5167","Valhalla: Wild Winter","hacksaw","Slot","https://example.com/game-icons/valhalla.png",NULL,True,"2026-09-11 16:56:00.79+05:30","2026-09-11 16:56:00.79+05:30"
1942,"52bb800e69ef249ec781521d8ab25661","Phoenix DuelReels","hacksaw","Slot","https://example.com/game-icons/phoenixduel.png",NULL,True,"2026-09-11 16:56:00.79+05:30","2026-09-11 16:56:00.79+05:30"
1943,"721bcff4a5bac6c7cbda132321bb25fd","Le Viking","hacksaw","Slot","https://example.com/game-icons/leviking.png",NULL,True,"2026-09-11 16:56:00.79+05:30","2026-09-11 16:56:00.79+05:30"
1944,"f08180ff2259defa60b43eaf87c67a9e","FRKN Bananas","hacksaw","Slot","https://example.com/game-icons/bananas.png",NULL,True,"2026-09-11 16:56:00.79+05:30","2026-09-11 16:56:00.79+05:30"
1945,"ca54dfb7bcc7beca10a85425c2cb5c27","Marlin Masters","hacksaw","Slot","https://example.com/game-icons/marlin.png",NULL,True,"2026-09-11 16:56:00.79+05:30","2026-09-11 16:56:00.79+05:30"
908,"4e28ca15834bfdf2a7cd031971dcaff4","Santa's Great Gifts","pragmatic","Slot Game","https://www.coincasino.com/cdn/imported_games_images/PRAGMATIC/PRAGMATIC/vs20porbs/6a7fe2ab-c943-415c-9f40-7cf5e4333e6d.jpg?w=320",NULL,True,"2026-09-11 16:56:00.79+05:30","2026-09-11 16:56:00.79+05:30"
974,"96810fa8cb383014cda377b5a04b829a","Big Bass Bonanza Megaways","pragmatic","Slot Game","https://www.coincasino.com/cdn/imported_games_images/PRAGMATIC/PRAGMATIC/vswaysbbb/333ec88c-5d99-4768-a62a-cc0eb0ac8562.jpg?w=320",NULL,True,"2026-09-11 16:56:00.79+05:30","2026-09-11 16:56:00.79+05:30"
1404,"c11381e9329a9860809d76046efba646","Fortune Girl","microgaming","Slots","https://www.coincasino.com/cdn/imported_games_images/HUB88/Microgaming/mg_slots_fortunegirl/288791ce-d75d-4d59-ae43-aff99ea7d11f.jpg?w=320",NULL,True,"2026-09-11 16:56:00.79+05:30","2026-09-11 16:56:00.79+05:30"
1947,"e333695bcff28acdbecc641ae6ee2b23","Bombing Fishing","jili","Fish Game","https://huidu-bucket.s3.ap-southeast-1.amazonaws.com/api/jili/Bombing-Fishing.png",NULL,True,"2026-09-11 16:56:00.79+05:30","2026-09-11 16:56:00.79+05:30"
1948,"eef3e28f0e3e7b72cbca61e7924d00f1","Dinosaur Tycoon","jili","Fish Game","https://huidu-bucket.s3.ap-southeast-1.amazonaws.com/api/jili/Dinosaur-Tycoon.png",NULL,True,"2026-09-11 16:56:00.79+05:30","2026-09-11 16:56:00.79+05:30"
1949,"3cf4a85cb6dcf4d8836c982c359cd72d","Jackpot Fishing","jili","Fish Game","https://huidu-bucket.s3.ap-southeast-1.amazonaws.com/api/jili/Jackpot-Fishing.png",NULL,True,"2026-09-11 16:56:00.79+05:30","2026-09-11 16:56:00.79+05:30"
1950,"1200b82493e4788d038849bca884d773","Dragon Fortune","jili","Fish Game","https://huidu-bucket.s3.ap-southeast-1.amazonaws.com/api/jili/Dragon-Fortune.png",NULL,True,"2026-09-11 16:56:00.79+05:30","2026-09-11 16:56:00.79+05:30"
1951,"caacafe3f64a6279e10a378ede09ff38","Mega Fishing","jili","Fish Game","https://huidu-bucket.s3.ap-southeast-1.amazonaws.com/api/jili/Mega-Fishing.png",NULL,True,"2026-09-11 16:56:00.79+05:30","2026-09-11 16:56:00.79+05:30"
1952,"f02ede19c5953fce22c6098d860dadf4","Boom Legend","jili","Fish Game","https://huidu-bucket.s3.ap-southeast-1.amazonaws.com/api/jili/Boom-Legend.png",NULL,True,"2026-09-11 16:56:00.79+05:30","2026-09-11 16:56:00.79+05:30"
1953,"71c68a4ddb63bdc8488114a08e603f1c","Happy Fishing","jili","Fish Game","https://huidu-bucket.s3.ap-southeast-1.amazonaws.com/api/jili/Happy-Fishing.png",NULL,True,"2026-09-11 16:56:00.79+05:30","2026-09-11 16:56:00.79+05:30"
1954,"9ec2a18752f83e45ccedde8dfeb0f6a7","All-star Fishing","jili","Fish Game","https://huidu-bucket.s3.ap-southeast-1.amazonaws.com/api/jili/All-star-Fishing.png",NULL,True,"2026-09-11 16:56:00.79+05:30","2026-09-11 16:56:00.79+05:30"
1955,"bbae6016f79f3df74e453eda164c08a4","Dinosaur Tycoon II","jili","Fish Game","https://huidu-bucket.s3.ap-southeast-1.amazonaws.com/api/jili/Dinosaur-Tycoon-II.png",NULL,True,"2026-09-11 16:56:00.79+05:30","2026-09-11 16:56:00.79+05:30"
1956,"564c48d53fcddd2bcf0bf3602d86c958","Ocean King Jackpot","jili","Fish Game","https://huidu-bucket.s3.ap-southeast-1.amazonaws.com/api/jili/Ocean-King-Jackpot.png",NULL,True,"2026-09-11 16:56:00.79+05:30","2026-09-11 16:56:00.79+05:30"
2350,"3f61a021f0d55f041ff714d16bc4ac17","Gemza","bgaming","Video Slot","",NULL,True,"2026-09-11 16:56:00.79+05:30","2026-09-11 16:56:00.79+05:30"
2157,"decbaaef8ba6be361439d1a1c5801811","Bee Hive Bonanza","netent","Slot Game","https://boxbet.io/_next/image?url=https%3A%2F%2Fcdn.softswiss.net%2Fi%2Fs6%2Fevolution%2FBeeHiveBonanza.png&w=384&q=100",NULL,True,"2026-09-11 16:56:00.79+05:30","2026-09-11 16:56:00.79+05:30"
2351,"e51c959e79559583f491fcfea1ab68b7","Ice Scratch Bronze","bgaming","Scratch cards","",NULL,True,"2026-09-11 16:56:00.79+05:30","2026-09-11 16:56:00.79+05:30"
2352,"a01aa8b7e5d3058d109db68af8ac4bd0","Ice Scratch Gold","bgaming","Scratch cards","",NULL,True,"2026-09-11 16:56:00.79+05:30","2026-09-11 16:56:00.79+05:30"
2153,"ac4c0b31455d43c797b3c37b05404fea","Milkshake XXXtreme","netent","Slot Game","",NULL,True,"2026-09-11 16:56:00.79+05:30","2026-09-11 16:56:00.79+05:30"
2230,"eae25d0b7dd4306288fa9ed8903f52a4","Rage","netent","Slot Game","",NULL,True,"2026-09-11 16:56:00.835+05:30","2026-09-11 16:56:00.835+05:30"
1979,"c3f86b78938eab1b7f34159d98796e88","Golden Bank","jili","Slot Game","https://bc.imgix.net/game/image/13433_Golden%20Bank.png?_v=4&auto=format&dpr=1.25&w=200",NULL,True,"2026-09-11 16:56:00.79+05:30","2026-09-11 16:56:00.79+05:30"
2353,"b596d059279938f1ab74ed3eaeebdc8e","Ice Scratch Silver","bgaming","Scratch cards","",NULL,True,"2026-09-11 16:56:00.79+05:30","2026-09-11 16:56:00.79+05:30"
2354,"2ade52905d4104a302def8149910b664","Slot Machine","bgaming","Video Slot","",NULL,True,"2026-09-11 16:56:00.79+05:30","2026-09-11 16:56:00.79+05:30"
2036,"1ab8d0997624c05e4aee901af1bf84dc","Fairness Games(BlockLobby)","jili","Table Game","https://huidu-bucket.s3.ap-southeast-1.amazonaws.com/api/jili/Fairness-Games(BlockLobby).png",NULL,True,"2026-09-11 16:56:00.79+05:30","2026-09-11 16:56:00.79+05:30"
2038,"1f3869a4761544f68ce8c9ff04c18adf","Dice","jili","Table Game","https://huidu-bucket.s3.ap-southeast-1.amazonaws.com/api/jili/Dice.png",NULL,True,"2026-09-11 16:56:00.79+05:30","2026-09-11 16:56:00.79+05:30"
2039,"f897d3bfa4061b602cd0ce1d1ea88312","7 UP-DOWN","jili","Table Game","https://huidu-bucket.s3.ap-southeast-1.amazonaws.com/api/jili/7-UP-DOWN.png",NULL,True,"2026-09-11 16:56:00.79+05:30","2026-09-11 16:56:00.79+05:30"
2040,"f4bfb9bbf261541bc42889fe2da7f281","Lucky Number","jili","Table Game","https://huidu-bucket.s3.ap-southeast-1.amazonaws.com/api/jili/Lucky-Number.png",NULL,True,"2026-09-11 16:56:00.79+05:30","2026-09-11 16:56:00.79+05:30"
2044,"a9b13010273fcb0284c9ef436c5fe2ff","Poker King","jili","Table Game","https://huidu-bucket.s3.ap-southeast-1.amazonaws.com/api/jili/Poker-King.png",NULL,True,"2026-09-11 16:56:00.79+05:30","2026-09-11 16:56:00.79+05:30"
2047,"3aca3084a5c1a8c77c52d6147ee3d2ab","7up7down","jili","Table Game","https://huidu-bucket.s3.ap-southeast-1.amazonaws.com/api/jili/7up7down.png",NULL,True,"2026-09-11 16:56:00.79+05:30","2026-09-11 16:56:00.79+05:30"
2158,"4b218523456af7aa1a7515ce7df7cc71","Fruit Shop Megaways","netent","Slot Game","",NULL,True,"2026-09-11 16:56:00.79+05:30","2026-09-11 16:56:00.79+05:30"
2042,"36d20c24669dca7630715f2e0a7c18be","Number King","jili","Table Game","https://bc.imgix.net/game/image/a7ca7c3d-82ed-4511-b4a4-4ef192227cd0.png?_v=4&auto=format&dpr=1.25&w=200",NULL,True,"2026-09-11 16:56:00.79+05:30","2026-09-11 16:56:00.79+05:30"
2050,"de0dc8a7fd369bd39a2d5747be87825c","Sic Bo","jili","Table Game","https://bc.imgix.net/game/image/13477_Sic%20Bo.png?_v=4&auto=format&dpr=1.25&w=200",NULL,True,"2026-09-11 16:56:00.79+05:30","2026-09-11 16:56:00.79+05:30"
2078,"f743cb55c2c4b737727ef144413937f4","TeenPatti","jili","India Poker Game","https://huidu-bucket.s3.ap-southeast-1.amazonaws.com/api/jili/TeenPatti.png",NULL,True,"2026-09-11 16:56:00.79+05:30","2026-09-11 16:56:00.79+05:30"
2356,"0c8fffd494b172256607a79ec4fb7acd","Tramp Day","bgaming","Video Slot","",NULL,True,"2026-09-11 16:56:00.79+05:30","2026-09-11 16:56:00.79+05:30"
2137,"a266fc8639c88c1694edfc59e5ae638a","Jungle Spirit: Call of the Wild","netent","Slot Game","",NULL,True,"2026-09-11 16:56:00.79+05:30","2026-09-11 16:56:00.79+05:30"
2080,"6f48b3aa0b64c79a2dc320ea021148b5","Andar Bahar","jili","India Poker Game","https://huidu-bucket.s3.ap-southeast-1.amazonaws.com/api/jili/Andar-Bahar.png",NULL,True,"2026-09-11 16:56:00.79+05:30","2026-09-11 16:56:00.79+05:30"
2081,"ae632f32c3a1e6803f9a6fbec16be28e","Rummy","jili","India Poker Game","https://huidu-bucket.s3.ap-southeast-1.amazonaws.com/api/jili/Rummy.png",NULL,True,"2026-09-11 16:56:00.79+05:30","2026-09-11 16:56:00.79+05:30"
2082,"9092b5a56e001c60850c4c1184c53e07","Callbreak","jili","India Poker Game","https://huidu-bucket.s3.ap-southeast-1.amazonaws.com/api/jili/Callbreak.png",NULL,True,"2026-09-11 16:56:00.79+05:30","2026-09-11 16:56:00.79+05:30"
2084,"aa9a9916d6e48ba50afa3c2246b6dacb","Callbreak Quick","jili","India Poker Game","https://huidu-bucket.s3.ap-southeast-1.amazonaws.com/api/jili/Callbreak-Quick.png",NULL,True,"2026-09-11 16:56:00.79+05:30","2026-09-11 16:56:00.79+05:30"
2085,"1afa7db588d05de7b9abca4664542765","TeenPatti 20-20","jili","India Poker Game","https://huidu-bucket.s3.ap-southeast-1.amazonaws.com/api/jili/TeenPatti-20-20.png",NULL,True,"2026-09-11 16:56:00.79+05:30","2026-09-11 16:56:00.79+05:30"
2087,"26fbfab92a3837b7dbf767e783b173af","Tongits Go","jili","India Poker Game","https://huidu-bucket.s3.ap-southeast-1.amazonaws.com/api/jili/Tongits-Go.png",NULL,True,"2026-09-11 16:56:00.79+05:30","2026-09-11 16:56:00.79+05:30"
2088,"f2879a3f20f305eadad13448e11c052e","Pusoy Go","jili","India Poker Game","https://huidu-bucket.s3.ap-southeast-1.amazonaws.com/api/jili/Pusoy-Go.png",NULL,True,"2026-09-11 16:56:00.79+05:30","2026-09-11 16:56:00.79+05:30"
2089,"3b502aee6c9e1ef0f698332ee1b76634","Blackjack","jili","India Poker Game","https://huidu-bucket.s3.ap-southeast-1.amazonaws.com/api/jili/Blackjack.png",NULL,True,"2026-09-11 16:56:00.79+05:30","2026-09-11 16:56:00.79+05:30"
2090,"d0d1c20062e28493e1750f27a1730c48","Blackjack Lucky Ladies","jili","India Poker Game","https://huidu-bucket.s3.ap-southeast-1.amazonaws.com/api/jili/Blackjack-Lucky-Ladies.png",NULL,True,"2026-09-11 16:56:00.79+05:30","2026-09-11 16:56:00.79+05:30"
2091,"07afefc388ab6af8cf26f85286f83fae","MINI FLUSH","jili","India Poker Game","https://huidu-bucket.s3.ap-southeast-1.amazonaws.com/api/jili/MINI-FLUSH.png",NULL,True,"2026-09-11 16:56:00.79+05:30","2026-09-11 16:56:00.79+05:30"
2092,"43e7df819bf57722a8917bb328640b30","Pool Rummy","jili","India Poker Game","https://huidu-bucket.s3.ap-southeast-1.amazonaws.com/api/jili/Pool-Rummy.png",NULL,True,"2026-09-11 16:56:00.79+05:30","2026-09-11 16:56:00.79+05:30"
2093,"04c9784b0b1b162b2c86f9ce353da8b7","Caribbean Stud Poker","jili","India Poker Game","https://huidu-bucket.s3.ap-southeast-1.amazonaws.com/api/jili/Caribbean-Stud-Poker.png",NULL,True,"2026-09-11 16:56:00.79+05:30","2026-09-11 16:56:00.79+05:30"
2357,"81c648af2d38be5fd6bd735f672f35b6","Book of Panda Megaways","bgaming","Video Slot","",NULL,True,"2026-09-11 16:56:00.79+05:30","2026-09-11 16:56:00.79+05:30"
2095,"80aad2a10ae6a95068b50160d6c78897","Super Ace Deluxe","jili","Slot Game","https://huidu-bucket.s3.ap-southeast-1.amazonaws.com/api/jili/Super Ace Deluxe.jpg",NULL,True,"2026-09-11 16:56:00.79+05:30","2026-09-11 16:56:00.79+05:30"
2086,"bb1f14d788d37b06dc8f6701ed57ed0d","Ludo Quick","jili","India Poker Game","https://bc.imgix.net/game/image/8a5cd8b7-625f-433f-adb3-9d33b03a771e.png?_v=4&auto=format&dpr=1.25&w=200",NULL,True,"2026-09-11 16:56:00.79+05:30","2026-09-11 16:56:00.79+05:30"
2083,"1a4eaca67612e65fdcae43f4c8a667a4","TeenPatti Joker","jili","India Poker Game","https://bc.imgix.net/game/image/76cacaa0-1018-4fb1-89c0-6659c4d4436c.png?_v=4&auto=format&dpr=1.25&w=200",NULL,True,"2026-09-11 16:56:00.79+05:30","2026-09-11 16:56:00.79+05:30"
1431,"c1e2d56b39ebcc0c19827734dd99c5b1","Deck the Halls","microgaming","Slots","https://www.coincasino.com/cdn/imported_games_images/HUB88/Microgaming/mg_slots_deckthehalls/5e620384-fe47-4e9e-bd6d-d36176933f9b.jpg?w=320",NULL,True,"2026-09-11 16:56:00.79+05:30","2026-09-11 16:56:00.79+05:30"
1050,"2fc23901b649abfd9bad2ff2fa5dbdc4","Great Rhino Megaways","pragmatic","Slot Game","https://www.coincasino.com/cdn/imported_games_images/PRAGMATIC/PRAGMATIC/vswaysrhino/ab88c6b6-6636-41e8-9ce1-5acb038f1f36.jpg?w=320",NULL,True,"2026-09-11 16:56:00.79+05:30","2026-09-11 16:56:00.79+05:30"
1859,"8b07bed7c32dd2c0dcc2065c05b78761","Hi-Lo","hacksaw","Slot","https://www.coincasino.com/cdn/imported_games_images/HUB88/HACKSAW/hsg_hi-lo94/93ed79ad-4f9e-4aef-8a82-338773a5a3d9.jpg?w=320",NULL,True,"2026-09-11 16:56:00.79+05:30","2026-09-11 16:56:00.79+05:30"
1867,"8e947d9bf6321621ff5d862cfe53425c","Blocks","hacksaw","Slot","https://www.coincasino.com/cdn/imported_games_images/HUB88/HACKSAW/hsg_blocks/c116eab8-9aab-43bf-ae7a-dc320af0929e.jpg?w=320",NULL,True,"2026-09-11 16:56:00.79+05:30","2026-09-11 16:56:00.79+05:30"
2358,"4afaea9e17bbc75d26d92cc7c7d2ec65","Mummy's Gold","bgaming","Video Slot","",NULL,True,"2026-09-11 16:56:00.79+05:30","2026-09-11 16:56:00.79+05:30"
2359,"22aeab95aef5b3f01b7b7f563dc36ac7","Merge Up","bgaming","Video Slot","",NULL,True,"2026-09-11 16:56:00.79+05:30","2026-09-11 16:56:00.79+05:30"
2360,"8664b8269de1a8b4a91d45fb375bcfb0","Scratch Alpaca Bronze","bgaming","Scratch cards","",NULL,True,"2026-09-11 16:56:00.79+05:30","2026-09-11 16:56:00.79+05:30"
2103,"3ebcfebaec338859a586f6b7e3766e49","Street Fighter II: The World Warrior Slot","netent","Slot Game","",NULL,True,"2026-09-11 16:56:00.79+05:30","2026-09-11 16:56:00.79+05:30"
2106,"6bcd4301cae5ceb966f609d2e5646c2c","Victorious","netent","Slot Game","",NULL,True,"2026-09-11 16:56:00.79+05:30","2026-09-11 16:56:00.79+05:30"
2107,"0957905f7083de19e720977924c1fbd0","The Invisible Man","netent","Slot Game","",NULL,True,"2026-09-11 16:56:00.79+05:30","2026-09-11 16:56:00.79+05:30"
2108,"a16df95115203973dd9e4cd15289851d","Thrill to Grill","netent","Slot Game","",NULL,True,"2026-09-11 16:56:00.79+05:30","2026-09-11 16:56:00.79+05:30"
2111,"d9ad2db12e43fb6a6fdbff2703321ecb","Spinsane","netent","Slot Game","",NULL,True,"2026-09-11 16:56:00.79+05:30","2026-09-11 16:56:00.79+05:30"
2112,"5c8858496e43398967a814e0e404acf0","Knight Rider Video Slot","netent","Slot Game","",NULL,True,"2026-09-11 16:56:00.79+05:30","2026-09-11 16:56:00.79+05:30"
2113,"67eecde5bbc41ca5ce64accca110af69","Ozzy Osbourne Video Slots","netent","Slot Game","",NULL,True,"2026-09-11 16:56:00.79+05:30","2026-09-11 16:56:00.79+05:30"
2114,"a053d3b6b813895f9c193b6b139cde66","Swipe and Roll","netent","Slot Game","",NULL,True,"2026-09-11 16:56:00.835+05:30","2026-09-11 16:56:00.835+05:30"
2117,"ee6de4b7fb667890017c0199dbca2428","Pyramid: Quest for Immortality","netent","Slot Game","",NULL,True,"2026-09-11 16:56:00.835+05:30","2026-09-11 16:56:00.835+05:30"
2118,"9041d863cc800a0a60248f08a4dfb189","Jimi Hendrix Online Slot","netent","Slot Game","",NULL,True,"2026-09-11 16:56:00.835+05:30","2026-09-11 16:56:00.835+05:30"
2123,"e48e6fde59d90b3446b7617b7b6a1aa6","Ocean's Treasure","netent","Slot Game","",NULL,True,"2026-09-11 16:56:00.835+05:30","2026-09-11 16:56:00.835+05:30"
2124,"45e78e21729e573669d32a6a07857cba","Jack Hammer™ 3: Diamond Affair","netent","Slot Game","",NULL,True,"2026-09-11 16:56:00.835+05:30","2026-09-11 16:56:00.835+05:30"
2126,"5b8e5d3e697ec2c9a1c6ccebf04ac69e","Royal Nuts","netent","Slot Game","",NULL,True,"2026-09-11 16:56:00.835+05:30","2026-09-11 16:56:00.835+05:30"
2128,"a21bf9b81d7a1085109a0aaacdb2d25b","Witchcraft Academy","netent","Slot Game","",NULL,True,"2026-09-11 16:56:00.835+05:30","2026-09-11 16:56:00.835+05:30"
2121,"3becb515ffbcf9bd4808137631a5ed44","Fruit Blaze","netent","Slot Game","https://bc.imgix.net/game/image/44d69506-bebb-4de3-b494-84fa62bb25dc.png?_v=4&auto=format&dpr=2&w=200",NULL,True,"2026-09-11 16:56:00.835+05:30","2026-09-11 16:56:00.835+05:30"
2143,"a33d5005a71412612ab04e7e98a00454","Hotline","netent","Slot Game","https://bc.imgix.net/game/image/7633_Hotline.png?_v=4&auto=format&dpr=2&w=200",NULL,True,"2026-09-11 16:56:00.835+05:30","2026-09-11 16:56:00.835+05:30"
2119,"fe3b048a6b4330032b1d9339c07c62fb","Cornelius","netent","Slot Game","https://bc.imgix.net/game/image/12736_Cornelius_F1.png?_v=4&auto=format&dpr=2&w=200",NULL,True,"2026-09-11 16:56:00.835+05:30","2026-09-11 16:56:00.835+05:30"
2109,"92a7f4135ab12b0f20c49d0a43835ae2","Koi Princess","netent","Slot Game","https://bc.imgix.net/game/image/7640_Koi%20Princess.png?_v=4&auto=format&dpr=2&w=200",NULL,True,"2026-09-11 16:56:00.835+05:30","2026-09-11 16:56:00.835+05:30"
2116,"d558e3d2d4a72ca72e539a10f5a6801a","Big Bang Boom","netent","Slot Game","https://boxbet.io/_next/image?url=https%3A%2F%2Fcdn.softswiss.net%2Fi%2Fs6%2Fevolution%2FBigBangBoomNoBB.png&w=384&q=100",NULL,True,"2026-09-11 16:56:00.835+05:30","2026-09-11 16:56:00.835+05:30"
2115,"eab2b729978d4c9c9c4ad336601b3b77","Cash-o-Matic","netent","Slot Game","https://boxbet.io/_next/image?url=https%3A%2F%2Fcdn.softswiss.net%2Fi%2Fs6%2Fevolution%2FCashoMatic.png&w=384&q=100",NULL,True,"2026-09-11 16:56:00.835+05:30","2026-09-11 16:56:00.835+05:30"
2132,"3ae8ed3a7efea5461452d2b7dda6b936","Cupcakes","netent","Slot Game","https://boxbet.io/_next/image?url=https%3A%2F%2Fcdn.softswiss.net%2Fi%2Fs6%2Fevolution%2FCupcakes1.png&w=384&q=100",NULL,True,"2026-09-11 16:56:00.835+05:30","2026-09-11 16:56:00.835+05:30"
2133,"634bf5623da671486f17c5fd1c072ae1","Disco Danny","netent","Slot Game","https://boxbet.io/_next/image?url=https%3A%2F%2Fcdn.softswiss.net%2Fi%2Fs6%2Fevolution%2FDiscoDanny.png&w=384&q=100",NULL,True,"2026-09-11 16:56:00.835+05:30","2026-09-11 16:56:00.835+05:30"
2134,"919089ba595fbadd07b602e7d9791799","Druids' Dream","netent","Slot Game","https://boxbet.io/_next/image?url=https%3A%2F%2Fcdn.softswiss.net%2Fi%2Fs6%2Fevolution%2FDruidsDream.png&w=384&q=100",NULL,True,"2026-09-11 16:56:00.835+05:30","2026-09-11 16:56:00.835+05:30"
2145,"8f931a0c46969c491902522d92eaa1d2","Finn's Golden Tavern","netent","Slot Game","https://boxbet.io/_next/image?url=https%3A%2F%2Fcdn.softswiss.net%2Fi%2Fs6%2Fevolution%2FFinnsGoldenTavern.png&w=384&q=100",NULL,True,"2026-09-11 16:56:00.835+05:30","2026-09-11 16:56:00.835+05:30"
2138,"b6f3e8c932f577b2528011bf64f52d51","Gorilla Kingdom","netent","Slot Game","https://boxbet.io/_next/image?url=https%3A%2F%2Fcdn.softswiss.net%2Fi%2Fs6%2Fevolution%2FGorillaKingdom.png&w=384&q=100",NULL,True,"2026-09-11 16:56:00.835+05:30","2026-09-11 16:56:00.835+05:30"
2136,"9ae6c0a3c35175405de4f8bbfddc8584","Halloween Jack","netent","Slot Game","https://boxbet.io/_next/image?url=https%3A%2F%2Fcdn.softswiss.net%2Fi%2Fs6%2Fevolution%2FHalloweenJack.png&w=384&q=100",NULL,True,"2026-09-11 16:56:00.835+05:30","2026-09-11 16:56:00.835+05:30"
2122,"63adae3b2af3c686cee63ad0cd08312a","King of Slots","netent","Slot Game","https://boxbet.io/_next/image?url=https%3A%2F%2Fcdn.softswiss.net%2Fi%2Fs6%2Fevolution%2FKingofSlots.png&w=384&q=100",NULL,True,"2026-09-11 16:56:00.835+05:30","2026-09-11 16:56:00.835+05:30"
2146,"ffc4457eef1fa3f8f4bff2dc5b9b35fd","Magic Maid Cafe","netent","Slot Game","https://boxbet.io/_next/image?url=https%3A%2F%2Fcdn.softswiss.net%2Fi%2Fs6%2Fevolution%2FMagicMaidCafe.png&w=384&q=100",NULL,True,"2026-09-11 16:56:00.835+05:30","2026-09-11 16:56:00.835+05:30"
2131,"7b3202fbe609f97580d52898110d044f","Reel Rush 2","netent","Slot Game","https://boxbet.io/_next/image?url=https%3A%2F%2Fcdn.softswiss.net%2Fi%2Fs6%2Fevolution%2FReelRush2.png&w=384&q=100",NULL,True,"2026-09-11 16:56:00.835+05:30","2026-09-11 16:56:00.835+05:30"
2142,"d5e53e161765108004de048ff070e234","Scruffy Duck","netent","Slot Game","https://boxbet.io/_next/image?url=https%3A%2F%2Fcdn.softswiss.net%2Fi%2Fs6%2Fevolution%2FScruffyDuck.png&w=384&q=100",NULL,True,"2026-09-11 16:56:00.835+05:30","2026-09-11 16:56:00.835+05:30"
2170,"87ef3227712b622d4cb7ec0ab293ad79","Fairytale Legends: Mirror Mirror","netent","Slot Game","",NULL,True,"2026-09-11 16:56:00.835+05:30","2026-09-11 16:56:00.835+05:30"
2171,"0dad57625f1f55f6f7e9732499c079bf","Sweety Honey Fruity","netent","Slot Game","",NULL,True,"2026-09-11 16:56:00.835+05:30","2026-09-11 16:56:00.835+05:30"
2361,"a584912bbe94b034018b3f7dc9794d9e","Scratch Alpaca Gold","bgaming","Scratch cards","",NULL,True,"2026-09-11 16:56:00.835+05:30","2026-09-11 16:56:00.835+05:30"
2173,"ec74e90b1ea0d0097862d2f261c32328","Mythic Maiden","netent","Slot Game","",NULL,True,"2026-09-11 16:56:00.835+05:30","2026-09-11 16:56:00.835+05:30"
2174,"42445d5c7828b6828b55c4a0e2abc7bd","Fruit Case","netent","Slot Game","",NULL,True,"2026-09-11 16:56:00.835+05:30","2026-09-11 16:56:00.835+05:30"
2175,"d1ede1a2370ab8d1b963f7701678b0fc","NetEnt Roulette Advanced","netent","Slot Game","",NULL,True,"2026-09-11 16:56:00.835+05:30","2026-09-11 16:56:00.835+05:30"
2177,"2bb843b39d9d205e8b61b1a4e7844fc5","Gods Of Gold: InfiniReels","netent","Slot Game","",NULL,True,"2026-09-11 16:56:00.835+05:30","2026-09-11 16:56:00.835+05:30"
2180,"5d8e2d87114cbbddb7762982346800d2","Willy's Hot Chillies","netent","Slot Game","",NULL,True,"2026-09-11 16:56:00.835+05:30","2026-09-11 16:56:00.835+05:30"
2181,"32471a4afb7c7bb85bdcc7189f0a20cc","Space Wars Megaways XXXTreme","netent","Slot Game","",NULL,True,"2026-09-11 16:56:00.835+05:30","2026-09-11 16:56:00.835+05:30"
2182,"f1bcabd80b610ffb27306bfc7f26721c","Jack Hammer 2: Fishy Business","netent","Slot Game","",NULL,True,"2026-09-11 16:56:00.835+05:30","2026-09-11 16:56:00.835+05:30"
2183,"a2bf0e886d5c00507cbc67499e43f482","Rome: The Golden Age","netent","Slot Game","",NULL,True,"2026-09-11 16:56:00.835+05:30","2026-09-11 16:56:00.835+05:30"
2186,"d122014412e74dd3ccd3f655860f661b","Twin Spin DeLuxe","netent","Slot Game","",NULL,True,"2026-09-11 16:56:00.835+05:30","2026-09-11 16:56:00.835+05:30"
2188,"a3bacdd398ce7c449fbbdb4fa55f885d","Theme Park: Tickets of Fortune","netent","Slot Game","",NULL,True,"2026-09-11 16:56:00.835+05:30","2026-09-11 16:56:00.835+05:30"
2189,"2ea9bbdc2978e533774c0351870deb40","Fire Siege Fortress","netent","Slot Game","",NULL,True,"2026-09-11 16:56:00.835+05:30","2026-09-11 16:56:00.835+05:30"
2194,"54a9408207336b27431cc18ba35b559b","Lucky Angler: A Snowy Catch","netent","Slot Game","",NULL,True,"2026-09-11 16:56:00.835+05:30","2026-09-11 16:56:00.835+05:30"
2195,"a47b5cd6159cf029a009b78c7bca2a48","Jungle Spirit Megaways™","netent","Slot Game","",NULL,True,"2026-09-11 16:56:00.835+05:30","2026-09-11 16:56:00.835+05:30"
2198,"5894b354a23c6cf70066e2af04cef2b4","Taco Fury XXXtreme","netent","Slot Game","",NULL,True,"2026-09-11 16:56:00.835+05:30","2026-09-11 16:56:00.835+05:30"
2199,"7d7ac43bee6f33d0d9faa9d3776d9c91","The Legend of Shangri-La: Cluster Pays","netent","Slot Game","",NULL,True,"2026-09-11 16:56:00.835+05:30","2026-09-11 16:56:00.835+05:30"
2201,"99f5630614043a977585529bb1f8c36d","Twin Happiness","netent","Slot Game","",NULL,True,"2026-09-11 16:56:00.835+05:30","2026-09-11 16:56:00.835+05:30"
2203,"517c150fbf15534dae8aace46dbdc895","Vikings Video Slot","netent","Slot Game","",NULL,True,"2026-09-11 16:56:00.835+05:30","2026-09-11 16:56:00.835+05:30"
2204,"1a2833b61d101be34dcb6d785915bd4d","Steam Tower","netent","Slot Game","",NULL,True,"2026-09-11 16:56:00.835+05:30","2026-09-11 16:56:00.835+05:30"
2207,"cdac92858aefbc6276fa62a05fb4cd59","Riches of Midgard: Land and Expand","netent","Slot Game","",NULL,True,"2026-09-11 16:56:00.835+05:30","2026-09-11 16:56:00.835+05:30"
2208,"2734c1b1a138694c837d692717c5d925","Gonzo's Quest","netent","Slot Game","",NULL,True,"2026-09-11 16:56:00.835+05:30","2026-09-11 16:56:00.835+05:30"
2212,"e3209300562c024547dfc43307aef833","Twin Spin XXXtreme","netent","Slot Game","",NULL,True,"2026-09-11 16:56:00.835+05:30","2026-09-11 16:56:00.835+05:30"
2214,"81790ffe4c93314b9fc10cfea78cfaac","Cornelius Milk Hunter Megaways","netent","Slot Game","",NULL,True,"2026-09-11 16:56:00.835+05:30","2026-09-11 16:56:00.835+05:30"
2216,"7c2532e6730f3b6ce0ccab1dd3f011b5","Dead or Alive 2 Feature Buy","netent","Slot Game","",NULL,True,"2026-09-11 16:56:00.835+05:30","2026-09-11 16:56:00.835+05:30"
2217,"dadacca068ee21133c3db764bdcf6112","Spinata Grande","netent","Slot Game","",NULL,True,"2026-09-11 16:56:00.835+05:30","2026-09-11 16:56:00.835+05:30"
2218,"1c5c7302ca5f66226a215ee0266187cd","NetEnt French Roulette","netent","Slot Game","",NULL,True,"2026-09-11 16:56:00.835+05:30","2026-09-11 16:56:00.835+05:30"
2219,"85339a62e8d77935876f86898819811f","Piggy Riches","netent","Slot Game","",NULL,True,"2026-09-11 16:56:00.835+05:30","2026-09-11 16:56:00.835+05:30"
2220,"15cde59858bc617ff7a1aaecdbade12c","Wild Wild West: The Great Train Heist","netent","Slot Game","",NULL,True,"2026-09-11 16:56:00.835+05:30","2026-09-11 16:56:00.835+05:30"
2221,"53733ec37462d88866095436b99e012f","Who's the Bride","netent","Slot Game","",NULL,True,"2026-09-11 16:56:00.835+05:30","2026-09-11 16:56:00.835+05:30"
2222,"d76611e82c58bce524c4b0b017a8d10f","Berryburst MAX","netent","Slot Game","",NULL,True,"2026-09-11 16:56:00.835+05:30","2026-09-11 16:56:00.835+05:30"
2228,"5e4057225f4417202416416458e68679","Rabid Randy","netent","Slot Game","",NULL,True,"2026-09-11 16:56:00.835+05:30","2026-09-11 16:56:00.835+05:30"
2192,"785657cfc3098b634d356d320be15e89","Aloha! Christmas","netent","Slot Game","https://bc.imgix.net/game/image/7335_Aloha!%20Christmas.png?_v=4&auto=format&dpr=2&w=200",NULL,True,"2026-09-11 16:56:00.835+05:30","2026-09-11 16:56:00.835+05:30"
2213,"450f0b6d15e28117b17814edac668444","Aloha! Cluster Pays","netent","Slot Game","https://boxbet.io/_next/image?url=https%3A%2F%2Fcdn.softswiss.net%2Fi%2Fs6%2Fevolution%2FAlohaClusterPays96.png&w=384&q=100",NULL,True,"2026-09-11 16:56:00.835+05:30","2026-09-11 16:56:00.835+05:30"
2209,"109aa9fac5b41749d5d4d62487e6894c","Big Money Wheel","netent","Slot Game","https://boxbet.io/_next/image?url=https%3A%2F%2Fcdn.softswiss.net%2Fi%2Fs6%2Fevolution%2FBigMoneyWheelNoBB.png&w=384&q=100",NULL,True,"2026-09-11 16:56:00.835+05:30","2026-09-11 16:56:00.835+05:30"
2226,"504d8868487206557ba94a10a72d463f","Buckshot Wilds","netent","Slot Game","https://boxbet.io/_next/image?url=https%3A%2F%2Fcdn.softswiss.net%2Fi%2Fs6%2Fevolution%2FBuckshotWilds.png&w=384&q=100",NULL,True,"2026-09-11 16:56:00.835+05:30","2026-09-11 16:56:00.835+05:30"
2225,"cd4bf8ff4696b4d4553d186c89f0369b","NetEnt Casino Hold'em","netent","Slot Game","https://boxbet.io/_next/image?url=https%3A%2F%2Fcdn.softswiss.net%2Fi%2Fs6%2Fevolution%2FCasinoHoldem.png&w=384&q=100",NULL,True,"2026-09-11 16:56:00.835+05:30","2026-09-11 16:56:00.835+05:30"
2200,"5c7ecf3d986991e1071f80516c492894","Copy Cats","netent","Slot Game","https://boxbet.io/_next/image?url=https%3A%2F%2Fcdn.softswiss.net%2Fi%2Fs6%2Fevolution%2FCopycats.png&w=384&q=100",NULL,True,"2026-09-11 16:56:00.835+05:30","2026-09-11 16:56:00.835+05:30"
2227,"8dee4630c30a1ca46d6bef5f1c6118b7","Dead or Alive 2","netent","Slot Game","https://boxbet.io/_next/image?url=https%3A%2F%2Fcdn.softswiss.net%2Fi%2Fs6%2Fevolution%2FDeadorAlive2.png&w=384&q=100",NULL,True,"2026-09-11 16:56:00.835+05:30","2026-09-11 16:56:00.835+05:30"
2215,"19dc60a5ae45117c252bceb05346a3f8","Finn and the Candy Spin","netent","Slot Game","https://boxbet.io/_next/image?url=https%3A%2F%2Fcdn.softswiss.net%2Fi%2Fs6%2Fevolution%2FFinnandtheCandySpin.png&w=384&q=100",NULL,True,"2026-09-11 16:56:00.835+05:30","2026-09-11 16:56:00.835+05:30"
2234,"630029058e0ea6ec059a0245e1a855e2","Fortune Rangers","netent","Slot Game","https://boxbet.io/_next/image?url=https%3A%2F%2Fcdn.softswiss.net%2Fi%2Fs6%2Fevolution%2FFortuneRangers.png&w=384&q=100",NULL,True,"2026-09-11 16:56:00.835+05:30","2026-09-11 16:56:00.835+05:30"
2202,"3114dabd0b068b807f9cbca9d6b46ff6","Golden Realms","netent","Slot Game","https://boxbet.io/_next/image?url=https%3A%2F%2Fcdn.softswiss.net%2Fi%2Fs6%2Fevolution%2FGoldenRealmsNoBB.png&w=384&q=100",NULL,True,"2026-09-11 16:56:00.835+05:30","2026-09-11 16:56:00.835+05:30"
2178,"1985309ec8bffc880914f52e11c7fa0b","Jack and the Beanstalk","netent","Slot Game","https://boxbet.io/_next/image?url=https%3A%2F%2Fcdn.softswiss.net%2Fi%2Fs6%2Fevolution%2FJackandtheBeanstalk.png&w=384&q=100",NULL,True,"2026-09-11 16:56:00.835+05:30","2026-09-11 16:56:00.835+05:30"
2190,"c7fd30bb00e841d5b334df96587cbc39","Jingle Spin","netent","Slot Game","https://boxbet.io/_next/image?url=https%3A%2F%2Fcdn.softswiss.net%2Fi%2Fs6%2Fevolution%2FJingleSpin.png&w=384&q=100",NULL,True,"2026-09-11 16:56:00.835+05:30","2026-09-11 16:56:00.835+05:30"
2210,"c8a90e3abfc3e0138fc710686d57070d","Narcos","netent","Slot Game","https://boxbet.io/_next/image?url=https%3A%2F%2Fcdn.softswiss.net%2Fi%2Fs6%2Fevolution%2FNarcos.png&w=384&q=100",NULL,True,"2026-09-11 16:56:00.835+05:30","2026-09-11 16:56:00.835+05:30"
2238,"9810e71e764952a83f54a078d8ead5f0","Strolling Staxx: Cubic Fruits","netent","Slot Game","",NULL,True,"2026-09-11 16:56:00.835+05:30","2026-09-11 16:56:00.835+05:30"
2242,"b16c24a9e80bb5d83bfbc0cdafe385e6","Wonderland Protector","netent","Slot Game","",NULL,True,"2026-09-11 16:56:00.835+05:30","2026-09-11 16:56:00.835+05:30"
2243,"e09a5d497c6536a8bc763943e4fcc69f","Trollpot 5000","netent","Slot Game","",NULL,True,"2026-09-11 16:56:00.835+05:30","2026-09-11 16:56:00.835+05:30"
2244,"c727f12ce53570daa0d8319381542d3c","Wild Bazaar","netent","Slot Game","",NULL,True,"2026-09-11 16:56:00.835+05:30","2026-09-11 16:56:00.835+05:30"
2362,"58e06f5e2ce49a695a51e1636f4095bf","Scratch Alpaca Silver","bgaming","Scratch cards","",NULL,True,"2026-09-11 16:56:00.835+05:30","2026-09-11 16:56:00.835+05:30"
2246,"cfd541522593192810df26650688a7e2","Wild Turkey","netent","Slot Game","",NULL,True,"2026-09-11 16:56:00.835+05:30","2026-09-11 16:56:00.835+05:30"
2247,"791a470fd0c8cbb9f9a53010ec152c8d","Wonders of Christmas","netent","Slot Game","",NULL,True,"2026-09-11 16:56:00.835+05:30","2026-09-11 16:56:00.835+05:30"
2363,"eff2df94539988f3468e687a7d7cea30","Monster Hunt","bgaming","Video Slot","",NULL,True,"2026-09-11 16:56:00.835+05:30","2026-09-11 16:56:00.835+05:30"
2249,"647b8e45d2f07a7489d914cd2f2628db","Fairytale Legends: Red Riding Hood","netent","Slot Game","",NULL,True,"2026-09-11 16:56:00.835+05:30","2026-09-11 16:56:00.835+05:30"
2251,"fffa79c95d40c994a9d8fffa191a7d7e","Drive: Multiplier Mayhem","netent","Slot Game","",NULL,True,"2026-09-11 16:56:00.835+05:30","2026-09-11 16:56:00.835+05:30"
2252,"81312ebc3418385964589e8de78add8a","The Wolf's Bane","netent","Slot Game","",NULL,True,"2026-09-11 16:56:00.835+05:30","2026-09-11 16:56:00.835+05:30"
2253,"917851222965a85d522b3d6726b63a87","Wilderland","netent","Slot Game","",NULL,True,"2026-09-11 16:56:00.835+05:30","2026-09-11 16:56:00.835+05:30"
2254,"8891f0e12abc7ab63150e83294e21f64","Jack and the Beanstalk Remastered","netent","Slot Game","",NULL,True,"2026-09-11 16:56:00.835+05:30","2026-09-11 16:56:00.835+05:30"
2256,"05713e43c81e357dfafdf78c229494e6","Guns N' Roses Video Slots","netent","Slot Game","",NULL,True,"2026-09-11 16:56:00.835+05:30","2026-09-11 16:56:00.835+05:30"
2257,"18bbf816245821eabae2c5052c1a4ee2","Gordon Ramsay Hell's Kitchen","netent","Slot Game","",NULL,True,"2026-09-11 16:56:00.835+05:30","2026-09-11 16:56:00.835+05:30"
2258,"4b7ed1e7dc74e25e6dc75d53a72e85e0","The Wish Master","netent","Slot Game","",NULL,True,"2026-09-11 16:56:00.835+05:30","2026-09-11 16:56:00.835+05:30"
2259,"362a49f985ed28b53e70878b82e02e4f","Roulette Touch","netent","Slot Game","",NULL,True,"2026-09-11 16:56:00.835+05:30","2026-09-11 16:56:00.835+05:30"
2262,"cebea97a58116ee2bee7199b3cc40d92","Parthenon: Quest for Immortality","netent","Slot Game","",NULL,True,"2026-09-11 16:56:00.835+05:30","2026-09-11 16:56:00.835+05:30"
2267,"abb0546f419a37dd79278e215d32aed4","Dracula","netent","Slot Game","",NULL,True,"2026-09-11 16:56:00.835+05:30","2026-09-11 16:56:00.835+05:30"
2271,"fd4a6def94fe66107a2ce1d4839f666b","Santa vs Rudolf","netent","Slot Game","",NULL,True,"2026-09-11 16:56:00.835+05:30","2026-09-11 16:56:00.835+05:30"
2276,"0e4551947bcbbc8e42bb58e10fab1b17","Magic Portals","netent","Slot Game","",NULL,True,"2026-09-11 16:56:00.835+05:30","2026-09-11 16:56:00.835+05:30"
2278,"bf0f8e407205cc9604bb7ed8a52ee544","Fruit Shop Christmas Edition","netent","Slot Game","",NULL,True,"2026-09-11 16:56:00.835+05:30","2026-09-11 16:56:00.835+05:30"
2280,"f3b3c7d630aa38d285221e33b56c4a6b","Twin Spin Megaways","netent","Slot Game","",NULL,True,"2026-09-11 16:56:00.835+05:30","2026-09-11 16:56:00.835+05:30"
2281,"f5617100157a572e5e2ef8c2d4402722","Stickers","netent","Slot Game","",NULL,True,"2026-09-11 16:56:00.835+05:30","2026-09-11 16:56:00.835+05:30"
2282,"4b78b3121aa1b28242813615a48b7e0d","Wild Water","netent","Slot Game","",NULL,True,"2026-09-11 16:56:00.835+05:30","2026-09-11 16:56:00.835+05:30"
2283,"2b0c8363a0e86a2545f34ef6f4c4caed","Pirate From the East","netent","Slot Game","",NULL,True,"2026-09-11 16:56:00.835+05:30","2026-09-11 16:56:00.835+05:30"
2284,"4dc52a87303f6ba78b4bd34f5bbcdbb4","Sparks","netent","Slot Game","",NULL,True,"2026-09-11 16:56:00.835+05:30","2026-09-11 16:56:00.835+05:30"
2285,"a147393df60ff86e95e168fd8405aa0f","Go Bananas!","netent","Slot Game","",NULL,True,"2026-09-11 16:56:00.835+05:30","2026-09-11 16:56:00.835+05:30"
2287,"9e5612c257cf49c09def0ca7fca77253","NetEnt Baccarat","netent","Slot Game","",NULL,True,"2026-09-11 16:56:00.835+05:30","2026-09-11 16:56:00.835+05:30"
2291,"2c546d642ab165a54eb2d9c38465e521","Fairytale Legends: Hansel and Gretel","netent","Slot Game","",NULL,True,"2026-09-11 16:56:00.835+05:30","2026-09-11 16:56:00.835+05:30"
2292,"d96b90e859defdbe42c8e57b5786391d","Superstars","netent","Slot Game","",NULL,True,"2026-09-11 16:56:00.835+05:30","2026-09-11 16:56:00.835+05:30"
1946,"e794bf5717aca371152df192341fe68b","Royal Fishing","jili","Fish Game","https://huidu-bucket.s3.ap-southeast-1.amazonaws.com/api/jili/Royal-Fishing.png",NULL,True,"2026-09-11 16:56:00.835+05:30","2026-09-11 16:56:00.835+05:30"
1880,"53dd32f1ec0cc686475e7b134f1dcbe8","Baccarat","hacksaw","Slot","https://www.coincasino.com/cdn/imported_games_images/HUB88/HACKSAW/hsg_baccarat/df5faaaa-83b8-4166-8002-3a5571014a24.jpg?w=320",NULL,True,"2026-09-11 16:56:00.835+05:30","2026-09-11 16:56:00.835+05:30"
1938,"786f2e44fe9d9d1ff8266b041014fff4","Chicken Man","hacksaw","Slot","https://www.coincasino.com/cdn/imported_games_images/HUB88/HACKSAW/hsg_chickenman/59c0621b-6da5-406a-a3aa-6a1295a31b36.jpg?w=320",NULL,True,"2026-09-11 16:56:00.835+05:30","2026-09-11 16:56:00.835+05:30"
1883,"4b27bdb40a0345bb5781b8e3dd9e65ca","Rusty & Curly","hacksaw","Slot","https://www.coincasino.com/cdn/41fe92b6-65a1-4a1b-ba35-e7e8b2204186.jpg?w=640",NULL,True,"2026-09-11 16:56:00.835+05:30","2026-09-11 16:56:00.835+05:30"
1870,"8c42dd2978bf7cc002ffb68f2b6cfa94","Colors","hacksaw","Slot","https://www.coincasino.com/cdn/imported_games_images/HUB88/HACKSAW/hsg_colors/1e977a42-020d-4f5f-9c50-154e72894f66.jpg?w=320",NULL,True,"2026-09-11 16:56:00.835+05:30","2026-09-11 16:56:00.835+05:30"
1895,"13feee2ab04a460ca0689ad33a8c1457","Dice","hacksaw","Slot","https://www.coincasino.com/cdn/imported_games_images/HUB88/HACKSAW/hsg_dice92/45d4a9c1-ed0d-4de9-b20b-ba031ddcc0de.jpg?w=320",NULL,True,"2026-09-11 16:56:00.835+05:30","2026-09-11 16:56:00.835+05:30"
1803,"7f9ffa3fb7ad02b246e19a77f6dddea5","Cubes","hacksaw","Slot","https://www.coincasino.com/cdn/imported_games_images/HUB88/HACKSAW/hsg_cubes/4955063a-c858-4f68-967f-7ffeb45bdd66.jpg?w=320",NULL,True,"2026-09-11 16:56:00.835+05:30","2026-09-11 16:56:00.835+05:30"
2250,"eb205ec92ac6d6aa596dab869b143d9a","Blood Suckers","netent","Slot Game","https://bc.imgix.net/game/image/7614_Blood%20Suckers%20II.png?_v=4&auto=format&dpr=2&w=200",NULL,True,"2026-09-11 16:56:00.835+05:30","2026-09-11 16:56:00.835+05:30"
2260,"5cdb749ef224893ee5942b79e49be473","101 Candies","netent","Slot Game","https://boxbet.io/_next/image?url=https%3A%2F%2Fcdn.softswiss.net%2Fi%2Fs6%2Fevolution%2F101Candies.png&w=384&q=100",NULL,True,"2026-09-11 16:56:00.835+05:30","2026-09-11 16:56:00.835+05:30"
2255,"170e665d65ae30219687fc7e5ed30876","Cash Noire","netent","Slot Game","https://boxbet.io/_next/image?url=https%3A%2F%2Fcdn.softswiss.net%2Fi%2Fs6%2Fevolution%2FCashNoire.png&w=384&q=100",NULL,True,"2026-09-11 16:56:00.835+05:30","2026-09-11 16:56:00.835+05:30"
2241,"85a0215e310ad8f29152b756633a926d","Butterfly Staxx","netent","Slot Game","https://boxbet.io/_next/image?url=https%3A%2F%2Fcdn.softswiss.net%2Fi%2Fs6%2Fevolution%2FButterflyStaxx90.png&w=384&q=100",NULL,True,"2026-09-11 16:56:00.835+05:30","2026-09-11 16:56:00.835+05:30"
2263,"0b3769fe2b118c898b21f64a837b81d3","Dazzle Me","netent","Slot Game","https://boxbet.io/_next/image?url=https%3A%2F%2Fcdn.softswiss.net%2Fi%2Fs6%2Fevolution%2FDazzleMe90.png&w=384&q=100",NULL,True,"2026-09-11 16:56:00.835+05:30","2026-09-11 16:56:00.835+05:30"
2279,"6e97fc4f9ae31ffb26c039a48b5381fd","Excalibur","netent","Slot Game","https://boxbet.io/_next/image?url=https%3A%2F%2Fcdn.softswiss.net%2Fi%2Fs6%2Fevolution%2FExcalibur.png&w=384&q=100",NULL,True,"2026-09-11 16:56:00.835+05:30","2026-09-11 16:56:00.835+05:30"
2268,"bce8609f344368ca1af3e3c17dd18de7","Funk Master","netent","Slot Game","https://boxbet.io/_next/image?url=https%3A%2F%2Fcdn.softswiss.net%2Fi%2Fs6%2Fevolution%2FFunkMaster1.png&w=384&q=100",NULL,True,"2026-09-11 16:56:00.835+05:30","2026-09-11 16:56:00.835+05:30"
2270,"8d3ab653052faaa92294a48ca609174c","Happy Riches","netent","Slot Game","https://boxbet.io/_next/image?url=https%3A%2F%2Fcdn.softswiss.net%2Fi%2Fs6%2Fevolution%2FHappyRiches.png&w=384&q=100",NULL,True,"2026-09-11 16:56:00.835+05:30","2026-09-11 16:56:00.835+05:30"
2239,"cfdd8adf21a445871fac07e07b0f9bf3","Lights","netent","Slot Game","https://boxbet.io/_next/image?url=https%3A%2F%2Fcdn.softswiss.net%2Fi%2Fs6%2Fevolution%2FLights.png&w=384&q=100",NULL,True,"2026-09-11 16:56:00.835+05:30","2026-09-11 16:56:00.835+05:30"
2275,"a4257339944c9e6abdc1d478758d4698","Lock And Pop","netent","Slot Game","https://boxbet.io/_next/image?url=https%3A%2F%2Fcdn.softswiss.net%2Fi%2Fs6%2Fevolution%2FLockandPop.png&w=384&q=100",NULL,True,"2026-09-11 16:56:00.835+05:30","2026-09-11 16:56:00.835+05:30"
2277,"df0c0816925edc74483661801ea88f0c","Secret of the Stones","netent","Slot Game","https://boxbet.io/_next/image?url=https%3A%2F%2Fcdn.softswiss.net%2Fi%2Fs6%2Fevolution%2FSecretoftheStones.png&w=384&q=100",NULL,True,"2026-09-11 16:56:00.835+05:30","2026-09-11 16:56:00.835+05:30"
2240,"5944fb0fc18fab2f6c62dd90f6960144","Silverback Gold","netent","Slot Game","https://boxbet.io/_next/image?url=https%3A%2F%2Fcdn.softswiss.net%2Fi%2Fs6%2Fevolution%2FSilverbackGold1.png&w=384&q=100",NULL,True,"2026-09-11 16:56:00.835+05:30","2026-09-11 16:56:00.835+05:30"
1888,"e79bf76869d6ed0d60a48920a3830d1b","Jelly Slice","hacksaw","Slot","https://www.coincasino.com/cdn/imported_games_images/HUB88/HACKSAW/hsg_jellyslice/1cb7c45a-c847-4e36-8ff7-6386d9f6a025.jpg?w=320",NULL,True,"2026-09-11 16:56:00.835+05:30","2026-09-11 16:56:00.835+05:30"
1821,"ec1d59de2b3669308b5217a74f38b0e1","King Carrot","hacksaw","Slot","https://www.coincasino.com/cdn/imported_games_images/HUB88/HACKSAW/hsg_kingcarrot94/34baa4d4-0bcc-43f5-8047-0a67a89d9aee.jpg?w=320",NULL,True,"2026-09-11 16:56:00.835+05:30","2026-09-11 16:56:00.835+05:30"
800,"31ee0411b49acf83932fa0519e676997","Russian Poker","ezugi","CasinoLive","https://bc.imgix.net/game/image/9660e76c-14c2-481a-b30a-80cbbcea8797.png?_v=4&auto=format&dpr=2&w=200",NULL,True,"2026-09-11 16:56:00.835+05:30","2026-09-11 16:56:00.835+05:30"
2101,"9d80d09f34f6cfc8e0a1f448d429e86e","Rage of the Seas","netent","Slot Game","https://bc.imgix.net/game/image/c3da3c9e-6750-49bb-a499-70fc33d77886.png?_v=4&auto=format&dpr=2&w=200",NULL,True,"2026-09-11 16:56:00.835+05:30","2026-09-11 16:56:00.835+05:30"
2098,"1fa5b9294b69e68edefb68ca3e72be36","Jumanji","netent","Slot Game","https://bc.imgix.net/game/image/7570_Jumanji.png?_v=4&auto=format&dpr=2&w=200",NULL,True,"2026-09-11 16:56:00.835+05:30","2026-09-11 16:56:00.835+05:30"
2236,"cac48cfe567d23a7e0719c61c73dc9a4","Wolf Cub","netent","Slot Game","https://bc.imgix.net/game/image/7665_Wolf%20Cub.png?_v=4&auto=format&dpr=2&w=200",NULL,True,"2026-09-11 16:56:00.835+05:30","2026-09-11 16:56:00.835+05:30"
2120,"351b6580b701161b3c9b8c33957245e9","Rise of Maya","netent","Slot Game","https://bc.imgix.net/game/image/dee513e4-c2ee-4728-9fb6-26fed09fedcd.png?_v=4&auto=format&dpr=2&w=200",NULL,True,"2026-09-11 16:56:00.835+05:30","2026-09-11 16:56:00.835+05:30"
2155,"94bd0b25de0979d101191b37bfff5ed3","NetEnt European Roulette","netent","Slot Game","https://bc.imgix.net/game/image/6537_NetEnt%20European%20Roulette.png?_v=4&auto=format&dpr=2&w=200",NULL,True,"2026-09-11 16:56:00.835+05:30","2026-09-11 16:56:00.835+05:30"
2290,"9a8b49ea463af500714ebd7fb3d2fba1","Gonzo's Gold","netent","Slot Game","https://bc.imgix.net/game/image/e81f18eb0c.png?_v=4&auto=format&dpr=2&w=200",NULL,True,"2026-09-11 16:56:00.835+05:30","2026-09-11 16:56:00.835+05:30"
2164,"b608cf04941c593f795b3bd9877fb945","Twin Spin","netent","Slot Game","https://bc.imgix.net/game/image/7658_Twin%20Spin.png?_v=4&auto=format&dpr=2&w=200",NULL,True,"2026-09-11 16:56:00.835+05:30","2026-09-11 16:56:00.835+05:30"
2167,"fd4c6e6f78c69818eb098ea7d3f42541","Warlords: Crystals of Power","netent","Slot Game","https://bc.imgix.net/game/image/7660_Warlords%20Crystals%20of%20Power.png?_v=4&auto=format&dpr=2&w=200",NULL,True,"2026-09-11 16:56:00.835+05:30","2026-09-11 16:56:00.835+05:30"
2184,"efea8f3e20f01609285f480e14681802","Football: Champions Cup","netent","Slot Game","https://bc.imgix.net/game/image/7627_Football%EF%BC%9AChampions%20Cup.png?_v=4&auto=format&dpr=2&w=200",NULL,True,"2026-09-11 16:56:00.835+05:30","2026-09-11 16:56:00.835+05:30"
2102,"b710345eb895fb36697cf9a67504745b","Joker Pro","netent","Slot Game","https://bc.imgix.net/game/image/7638_Joker%20Pro.png?_v=4&auto=format&dpr=2&w=200",NULL,True,"2026-09-11 16:56:00.835+05:30","2026-09-11 16:56:00.835+05:30"
2223,"4a3fcc11982203def4103a064271e061","Reel Rush","netent","Slot Game","https://bc.imgix.net/game/image/7646_Reel%20Rush.png?_v=4&auto=format&dpr=2&w=200",NULL,True,"2026-09-11 16:56:00.835+05:30","2026-09-11 16:56:00.835+05:30"
2166,"6c21df3312110d3edacaf209716020fc","Twister","netent","Slot Game","https://bc.imgix.net/game/image/c95c936249.png?_v=4&auto=format&dpr=2&w=200",NULL,True,"2026-09-11 16:56:00.835+05:30","2026-09-11 16:56:00.835+05:30"
1584,"c4b57c6dcfac5c8a31b9174523103c8c","Ganesha Fortune","pgsoft","Slot Game","https://www.coincasino.com/cdn/imported_games_images/HUB88/PGSoft/pgs_ganeshafortune/2e8716cf-110e-47d4-8238-39f8c96ec762.jpg?w=640",NULL,True,"2026-09-11 16:56:00.835+05:30","2026-09-11 16:56:00.835+05:30"
1678,"9f2c89ae5b7c0894c9ee9e223e3fd9d8","Fruity Candy","pgsoft","Slot Game","https://www.coincasino.com/cdn/imported_games_images/HUB88/PGSoft/pgs_fruitycandy/b728199f-9959-4963-bee5-b51f565059a7.jpg?w=640",NULL,True,"2026-09-11 16:56:00.835+05:30","2026-09-11 16:56:00.835+05:30"
1680,"97c6f05ef6a0a34cad10d5e00edc909c","Safari Wilds","pgsoft","Slot Game","https://www.coincasino.com/cdn/imported_games_images/HUB88/PGSoft/pgs_safariwilds/b14267a0-00e2-4634-bb66-af45997c2573.jpg?w=640",NULL,True,"2026-09-11 16:56:00.835+05:30","2026-09-11 16:56:00.835+05:30"
1687,"2ac70bee7b47c172381e55f7e644d92e","Werewolf Hunt","pgsoft","Slot Game","https://www.coincasino.com/cdn/imported_games_images/HUB88/PGSoft/pgs_werewolfshunt/8e82c02a-4fe6-4185-82d8-942a0789c0f1.jpg?w=640",NULL,True,"2026-09-11 16:56:00.835+05:30","2026-09-11 16:56:00.835+05:30"
1691,"877c9b2ec1c5e0505129315948f9bbfa","Gemstones Gold","pgsoft","Slot Game","https://www.coincasino.com/cdn/imported_games_images/HUB88/PGSoft/pgs_gemstonesgold/3a2a1347-c68f-4159-9004-9d608e6b8452.jpg?w=640",NULL,True,"2026-09-11 16:56:00.835+05:30","2026-09-11 16:56:00.835+05:30"
1698,"83b6eceea77859c14426b05480b96c34","Zombie Outbreak","pgsoft","Slot Game","https://www.coincasino.com/cdn/imported_games_images/HUB88/PGSoft/pgs_zombieoutbreak/762b17b7-157c-4cc8-b5a6-a84bb89dd9ee.jpg?w=640",NULL,True,"2026-09-11 16:56:00.835+05:30","2026-09-11 16:56:00.835+05:30"
1572,"ba2adf72179e1ead9e3dae8f0a7d4c07","Mahjong Ways 2","pgsoft","Slot Game","https://www.coincasino.com/cdn/imported_games_images/HUB88/PGSoft/pgs_mahjongways2/d862503e-40d8-4d41-a5ca-cd4533a71703.jpg?w=640",NULL,True,"2026-09-11 16:56:00.835+05:30","2026-09-11 16:56:00.835+05:30"
1574,"fb2a2ac51303c0a0801dbe6a72d936f7","Leprechaun Riches","pgsoft","Slot Game","https://www.coincasino.com/cdn/imported_games_images/HUB88/PGSoft/pgs_leprechaunriches/8a610dbb-9ed1-4943-bf44-71d0ee6434e5.jpg?w=640",NULL,True,"2026-09-11 16:56:00.835+05:30","2026-09-11 16:56:00.835+05:30"
1587,"c98bb64436826fe9a2c62955ff70cba9","Wild Bounty Showdown","pgsoft","Slot Game","https://www.coincasino.com/cdn/imported_games_images/HUB88/PGSoft/pgs_wildbountyshowdown/0f253b04-d8e3-499b-bf36-31fa70cd8dbb.jpg?w=640",NULL,True,"2026-09-11 16:56:00.835+05:30","2026-09-11 16:56:00.835+05:30"
1594,"c79544b2cf7a3326c85f6ab5bdf53d25","Bali Vacation","pgsoft","Slot Game","https://www.coincasino.com/cdn/imported_games_images/HUB88/PGSoft/pgs_balivacation/b380b17b-e7b8-4253-bcef-026ebe705835.jpg?w=640",NULL,True,"2026-09-11 16:56:00.835+05:30","2026-09-11 16:56:00.835+05:30"
1602,"d3aad7ca1486eb3f145e2c43f38b559c","Fortune Gods","pgsoft","Slot Game","https://www.coincasino.com/cdn/imported_games_images/HUB88/PGSoft/pgs_fortunegods/89e0017e-620c-4c28-930a-2998029a8291.jpg?w=640",NULL,True,"2026-09-11 16:56:00.835+05:30","2026-09-11 16:56:00.835+05:30"
1612,"12e94577c713a431ef7765394bb9be2f","Mr. Hallow-Win","pgsoft","Slot Game","https://www.coincasino.com/cdn/imported_games_images/HUB88/PGSoft/pgs_mrhallow-win/ed847c1a-b3e1-45ab-8e55-027b12e54392.jpg?w=640",NULL,True,"2026-09-11 16:56:00.835+05:30","2026-09-11 16:56:00.835+05:30"
1617,"22c3b8df172b40ac24a7e9c909e0e50e","Baccarat Deluxe","pgsoft","Slot Game","https://www.coincasino.com/cdn/imported_games_images/HUB88/PGSoft/pgs_baccaratdeluxe/d1475a4f-71ab-4eff-b2a6-ea8c6ede2a0c.jpg?w=640",NULL,True,"2026-09-11 16:56:00.835+05:30","2026-09-11 16:56:00.835+05:30"
1626,"2eb712d4bb30e4594032ebf1464618b1","Ninja vs Samurai","pgsoft","Slot Game","https://www.coincasino.com/cdn/imported_games_images/HUB88/PGSoft/pgs_ninjavssamurai/7593544b-8a88-4896-bbbd-c2e924490146.jpg?w=640",NULL,True,"2026-09-11 16:56:00.835+05:30","2026-09-11 16:56:00.835+05:30"
1632,"da483088a7f719026e93ba95c5547a8c","Shaolin Soccer","pgsoft","Slot Game","https://www.coincasino.com/cdn/imported_games_images/HUB88/PGSoft/pgs_shaolinsoccer/fe44b36b-d5a1-4ed2-8ba5-3b1b6acbeaff.jpg?w=640",NULL,True,"2026-09-11 16:56:00.835+05:30","2026-09-11 16:56:00.835+05:30"
1640,"0a8772ad753cfce2c03c0599ad60c74c","Jack Frost's Winter","pgsoft","Slot Game","https://www.coincasino.com/cdn/imported_games_images/HUB88/PGSoft/pgs_jackfrostswinter/d104d073-ccc6-4f9f-90db-e6d2f35e35d7.jpg?w=640",NULL,True,"2026-09-11 16:56:00.835+05:30","2026-09-11 16:56:00.835+05:30"
1648,"a9d7a5af417a94caf554170e6b345e57","Mermaid Riches","pgsoft","Slot Game","https://www.coincasino.com/cdn/imported_games_images/HUB88/PGSoft/pgs_mermaidriches/b71446af-5023-4b00-ad51-ede4af6f1c4a.jpg?w=640",NULL,True,"2026-09-11 16:56:00.835+05:30","2026-09-11 16:56:00.835+05:30"
1203,"7b034f007297975a3a0c17654abd3067","Gold Infinity","microgaming","Slots","https://www.coincasino.com/cdn/3b9292f5-0946-49ac-8dda-737a6016fa07.jpg?w=640",NULL,True,"2026-09-11 16:56:00.835+05:30","2026-09-11 16:56:00.835+05:30"
1206,"5032c2878ba3a8548ce7764521401c53","Book of Wolves","microgaming","Slots","https://www.coincasino.com/cdn/imported_games_images/HUB88/Microgaming/mg_slots_bookofwolves/d1a47097-d4f0-49e5-a60f-a0c032467de7.jpg?w=640",NULL,True,"2026-09-11 16:56:00.835+05:30","2026-09-11 16:56:00.835+05:30"
1210,"6f88f00e8a2e840315663813d75645d4","Treasure Stacks","microgaming","Slots","https://www.coincasino.com/cdn/imported_games_images/HUB88/Microgaming/mg_slots_treasurestacks/eab5da3e-d012-4426-9d31-a31f8b052f3c.jpg?w=640",NULL,True,"2026-09-11 16:56:00.835+05:30","2026-09-11 16:56:00.835+05:30"
1229,"0ad23d1f5b708d66750f8c038965a683","Pong Pong Mahjong","microgaming","Slots","https://www.coincasino.com/cdn/imported_games_images/HUB88/Microgaming/mg_slots_pongpongmahjongjackpots/fd5b111b-14df-4010-9020-a793ade1a932.jpg?w=640",NULL,True,"2026-09-11 16:56:00.835+05:30","2026-09-11 16:56:00.835+05:30"
1823,"4f22d7b0a13eaf6e99ade589f6f8ca55","The Bowery Boys","hacksaw","Slot","https://www.coincasino.com/cdn/34de5112-01d8-4d68-85d9-57513be070a1.jpg?w=640",NULL,True,"2026-09-11 16:56:00.835+05:30","2026-09-11 16:56:00.835+05:30"
1826,"6d8cc730d220b9996b4c7a0b865674db","Gladiator Legends","hacksaw","Slot","https://www.coincasino.com/cdn/ee758e8d-9af2-4291-80c2-f67d23c3a0fb.jpg?w=640",NULL,True,"2026-09-11 16:56:00.835+05:30","2026-09-11 16:56:00.835+05:30"
1827,"1e8d43be84d51a65cbe8bf8cec2adaef","Hand of Anubis","hacksaw","Slot","https://www.coincasino.com/cdn/20a2bd00-19d8-401d-aa87-25d82a10f86b.jpg?w=640",NULL,True,"2026-09-11 16:56:00.835+05:30","2026-09-11 16:56:00.835+05:30"
1800,"8accf7ef4f488751745d14be53371ddb","Stick'em","hacksaw","Slot","https://www.coincasino.com/cdn/4bf09908-d70d-4ef4-a207-84e0b66b6b43.jpg?w=640",NULL,True,"2026-09-11 16:56:00.835+05:30","2026-09-11 16:56:00.835+05:30"
1805,"f973ac628b500901913732958a3f1e53","The Respinners","hacksaw","Slot","https://www.coincasino.com/cdn/a44d695f-628d-4b80-b354-a1a856db30ca.jpg?w=640",NULL,True,"2026-09-11 16:56:00.835+05:30","2026-09-11 16:56:00.835+05:30"
1812,"9852c83e60f33268e63e7b7bff57b05d","Stack 'Em","hacksaw","Slot","https://www.coincasino.com/cdn/8f096c48-edaf-4e91-90e4-baf9120e0f3c.jpg?w=640",NULL,True,"2026-09-11 16:56:00.835+05:30","2026-09-11 16:56:00.835+05:30"
1816,"d36d3dfe5647b17a57918cde4dedecc6","Rocket Reels","hacksaw","Slot","https://www.coincasino.com/cdn/e60fdf9d-0b84-43db-b783-9c8709f3b181.jpg?w=640",NULL,True,"2026-09-11 16:56:00.835+05:30","2026-09-11 16:56:00.835+05:30"
1837,"657e184346f4fe1536d4327b64ee496b","Time Spinners","hacksaw","Slot","https://www.coincasino.com/cdn/418021e5-b2bc-4410-80a6-def28098ba1f.jpg?w=640",NULL,True,"2026-09-11 16:56:00.835+05:30","2026-09-11 16:56:00.835+05:30"
1843,"e3d0ec933edca63a639564c902a31d59","Book of Time","hacksaw","Slot","https://www.coincasino.com/cdn/1d163611-83a1-4016-890a-e0db232794ec.jpg?w=640",NULL,True,"2026-09-11 16:56:00.835+05:30","2026-09-11 16:56:00.835+05:30"
1845,"0470f611f9ad2592566fc234cc037ccf","Rotten","hacksaw","Slot","https://www.coincasino.com/cdn/37baaddc-cdc8-4f8b-9f00-7eeae2fab7be.jpg?w=640",NULL,True,"2026-09-11 16:56:00.835+05:30","2026-09-11 16:56:00.835+05:30"
1852,"f8bbcabf340f0b8dd684eb8afec3b2d2","Fear the Dark","hacksaw","Slot","https://www.coincasino.com/cdn/03dd475f-0678-456e-be2a-f79664b74bdf.jpg?w=640",NULL,True,"2026-09-11 16:56:00.835+05:30","2026-09-11 16:56:00.835+05:30"
1860,"dbd7cadac42e96fec7a8b352452c7dea","Vending Machine","hacksaw","Slot","https://www.coincasino.com/cdn/4443ffcd-b2a2-40ec-9ca9-8172e0f153fb.jpg?w=640",NULL,True,"2026-09-11 16:56:00.835+05:30","2026-09-11 16:56:00.835+05:30"
1869,"3a24961d3140bd69fb3fb89b6a5e1649","Benny The Beer","hacksaw","Slot","https://www.coincasino.com/cdn/44d5aa8c-f073-40ef-bcac-3decf3735441.jpg?w=640",NULL,True,"2026-09-11 16:56:00.835+05:30","2026-09-11 16:56:00.835+05:30"
1878,"2808cc46b1fd054a77cd24d007a7cefb","Beam Boys","hacksaw","Slot","https://www.coincasino.com/cdn/c97be5bb-c8d9-4c15-bab4-05f71827a26a.jpg?w=640",NULL,True,"2026-09-11 16:56:00.835+05:30","2026-09-11 16:56:00.835+05:30"
1879,"c8f727096ad37669f56069e30d43d9b7","Fist Of Destruction","hacksaw","Slot","https://www.coincasino.com/cdn/62869c38-ee21-47a5-941a-a476d94ff436.jpg?w=640",NULL,True,"2026-09-11 16:56:00.835+05:30","2026-09-11 16:56:00.835+05:30"
1889,"91b0d84673b9fdf15f246204c02c6cd1","Slayers Inc","hacksaw","Slot","https://www.coincasino.com/cdn/17502133-7f10-4190-b33b-671d6a5dddf4.jpg?w=640",NULL,True,"2026-09-11 16:56:00.835+05:30","2026-09-11 16:56:00.835+05:30"
1896,"b64053865047abd85ef350fbe7f62959","Dragon's Domain","hacksaw","Slot","https://www.coincasino.com/cdn/c2fcf82c-27b2-40bf-b38b-58571197e618.jpg?w=640",NULL,True,"2026-09-11 16:56:00.835+05:30","2026-09-11 16:56:00.835+05:30"
1887,"851e161648d8ae9fc7b70d46b8ad87b4","Keep'em","hacksaw","Slot","https://www.coincasino.com/cdn/fe6d4696-33da-4eaf-a74c-c7b5b29867bc.jpg?w=640",NULL,True,"2026-09-11 16:56:00.835+05:30","2026-09-11 16:56:00.835+05:30"
579,"abdae315508ec2b531c87cadf4b790ae","Blackjack VIP 38","evolution","CasinoLive","https://boxbet.io/_next/image?url=https%3A%2F%2Fcdn.softswiss.net%2Fi%2Fs6%2Fevolution%2FBlackjackVIP38.png&w=640&q=100",NULL,True,"2026-09-11 16:56:00.835+05:30","2026-09-11 16:56:00.835+05:30"
581,"6e5c07c21a9739e0986b67675e990d04","Blackjack VIP 43","evolution","CasinoLive","https://boxbet.io/_next/image?url=https%3A%2F%2Fcdn.softswiss.net%2Fi%2Fs6%2Fevolution%2FBlackjackVIP43.png&w=640&q=100",NULL,True,"2026-09-11 16:56:00.835+05:30","2026-09-11 16:56:00.835+05:30"
583,"8909fa4180ae8c713b5d75aa04b5b3b9","Blackjack VIP 42","evolution","CasinoLive","https://boxbet.io/_next/image?url=https%3A%2F%2Fcdn.softswiss.net%2Fi%2Fs6%2Fevolution%2FBlackjackVIP42.png&w=640&q=100",NULL,True,"2026-09-11 16:56:00.835+05:30","2026-09-11 16:56:00.835+05:30"
586,"8b6200a6ef1f7df8c91c51dfe4444866","Blackjack VIP 34","evolution","CasinoLive","https://boxbet.io/_next/image?url=https%3A%2F%2Fcdn.softswiss.net%2Fi%2Fs6%2Fevolution%2FBlackjackVIP34.png&w=640&q=100",NULL,True,"2026-09-11 16:56:00.835+05:30","2026-09-11 16:56:00.835+05:30"
596,"6f22caa749471a99b1ded2c9a35d9542","Blackjack VIP 29","evolution","CasinoLive","https://boxbet.io/_next/image?url=https%3A%2F%2Fcdn.softswiss.net%2Fi%2Fs6%2Fevolution%2FBlackjackVIP29.png&w=640&q=100",NULL,True,"2026-09-11 16:56:00.835+05:30","2026-09-11 16:56:00.835+05:30"
572,"f8c1f4dc8ca9cd39b44011c1adefa9c2","Evo Speed Blackjack 6","evolution","CasinoLive","https://boxbet.io/_next/image?url=https%3A%2F%2Fcdn.softswiss.net%2Fi%2Fs6%2Fevolution%2FEvoSpeedBlackjack6.png&w=640&q=100",NULL,True,"2026-09-11 16:56:00.835+05:30","2026-09-11 16:56:00.835+05:30"
574,"8a6967d67e5ad5a1e34b46bb15360290","Evo Speed Blackjack 9","evolution","CasinoLive","https://boxbet.io/_next/image?url=https%3A%2F%2Fcdn.softswiss.net%2Fi%2Fs6%2Fevolution%2FEvoSpeedBlackjack9.png&w=640&q=100",NULL,True,"2026-09-11 16:56:00.835+05:30","2026-09-11 16:56:00.835+05:30"
896,"756d339c5748f3c294ff9af12b1569f4","Fury of Odin Megaways","pragmatic","Slot Game","https://www.coincasino.com/cdn/imported_games_images/PRAGMATIC/PRAGMATIC/vswaysfuryodin/e52cc63a-ba4f-474b-8a3f-5fb6c5e17173.jpg?w=320",NULL,True,"2026-09-11 16:56:00.835+05:30","2026-09-11 16:56:00.835+05:30"
1204,"90b0d3ee68eff4c40e655a4111c156b5","Mammoth Triple Riches","microgaming","Slots","https://bc.imgix.net/game/image/121dbfbf4d.png?_v=4&auto=format&dpr=1.25&w=200",NULL,True,"2026-09-11 16:56:00.835+05:30","2026-09-11 16:56:00.835+05:30"
900,"77022f0e153bb46b43ef08d83b0499ea","Reel Banks","pragmatic","Slot Game","https://www.coincasino.com/cdn/imported_games_images/PRAGMATIC/PRAGMATIC/vs25rlbank/e929139f-9309-4dc7-a75b-08547b2df236.jpg?w=320",NULL,True,"2026-09-11 16:56:00.835+05:30","2026-09-11 16:56:00.835+05:30"
904,"ff0ca0ef8c05956e517df50e7b3ca4ba","Firebird Spirit","pragmatic","Slot Game","https://www.coincasino.com/cdn/imported_games_images/PRAGMATIC/PRAGMATIC/vswaysconcoll/8213c3f4-deab-449f-bf0c-ab25057f0ccd.jpg?w=320",NULL,True,"2026-09-11 16:56:00.835+05:30","2026-09-11 16:56:00.835+05:30"
898,"5a279ab989b4722a649af9e9cd9bad68","Hot Pepper","pragmatic","Slot Game","https://www.coincasino.com/cdn/imported_games_images/PRAGMATIC/PRAGMATIC/vs20dugems/45349c36-f8bb-4c23-8ea6-f88263dc7f26.jpg?w=320",NULL,True,"2026-09-11 16:56:00.835+05:30","2026-09-11 16:56:00.835+05:30"
914,"73af5e80348d3b609d7948497512e391","Book of Golden Sands","pragmatic","Slot Game","https://www.coincasino.com/cdn/imported_games_images/PRAGMATIC/PRAGMATIC/vswaysbook/92b8cb05-ed3b-481c-9dd3-c8e234c0580f.jpg?w=320",NULL,True,"2026-09-11 16:56:00.886+05:30","2026-09-11 16:56:00.886+05:30"
962,"6913e0936dc7a1a6355a125d79d1c4b4","Cash Patrol","pragmatic","Slot Game","https://www.coincasino.com/cdn/imported_games_images/PRAGMATIC/PRAGMATIC/vs25copsrobbers/e0868819-cbf7-410a-986f-40cee15bd784.jpg?w=320",NULL,True,"2026-09-11 16:56:00.886+05:30","2026-09-11 16:56:00.886+05:30"
918,"2b04a4b657245ce3d792074c9f644551","Crown of Fire","pragmatic","Slot Game","https://www.coincasino.com/cdn/imported_games_images/PRAGMATIC/PRAGMATIC/vs10crownfire/2b142be9-619c-4179-adc0-42c716ce1360.jpg?w=320",NULL,True,"2026-09-11 16:56:00.886+05:30","2026-09-11 16:56:00.886+05:30"
954,"4e6b3295ce7e64395124d7e29ff9347c","Queenie","pragmatic","Slot Game","https://www.coincasino.com/cdn/imported_games_images/PRAGMATIC/PRAGMATIC/vs243queenie/30e22eaa-2ba3-42dd-9540-f82a03ad07ab.jpg?w=320",NULL,True,"2026-09-11 16:56:00.886+05:30","2026-09-11 16:56:00.886+05:30"
973,"b9929767817a3ec8032d389be803bc93","Super X","pragmatic","Slot Game","https://www.coincasino.com/cdn/imported_games_images/PRAGMATIC/PRAGMATIC/vs20superx/5f0c9254-dd65-464f-ab89-52b4acbd205d.jpg?w=320",NULL,True,"2026-09-11 16:56:00.886+05:30","2026-09-11 16:56:00.886+05:30"
935,"4427edf67298a1ba7f12a88e0867ffb3","Shining Hot 5","pragmatic","Slot Game","https://www.coincasino.com/cdn/imported_games_images/PRAGMATIC/PRAGMATIC/vs5sh/3a9499fb-4171-4e39-985e-f16506e4a5c3.jpg?w=320",NULL,True,"2026-09-11 16:56:00.886+05:30","2026-09-11 16:56:00.886+05:30"
942,"76ef9aa9b70594ccf793b4be02d7d05d","North Guardians","pragmatic","Slot Game","https://www.coincasino.com/cdn/imported_games_images/PRAGMATIC/PRAGMATIC/vs50northgard/ff4c5501-d8ff-42e1-935d-72104dd8a95b.jpg?w=320",NULL,True,"2026-09-11 16:56:00.886+05:30","2026-09-11 16:56:00.886+05:30"
956,"8c355c92481f747e2e7a040c0a288212","Rainbow Gold","pragmatic","Slot Game","https://www.coincasino.com/cdn/imported_games_images/PRAGMATIC/PRAGMATIC/vs20rainbowg/5199e1ad-6678-427e-b507-3efc1c4aff5a.jpg?w=320",NULL,True,"2026-09-11 16:56:00.886+05:30","2026-09-11 16:56:00.886+05:30"
944,"b66957542324a360e19b6f7b7415ef0d","Zombie Carnival","pragmatic","Slot Game","https://www.coincasino.com/cdn/imported_games_images/PRAGMATIC/PRAGMATIC/vswayszombcarn/336cead4-bfb6-4772-954e-bbefce9b6843.jpg?w=320",NULL,True,"2026-09-11 16:56:00.886+05:30","2026-09-11 16:56:00.886+05:30"
983,"39e5d6e45fce6f88c23be485d0eff5f9","Day of Dead","pragmatic","Slot Game","https://www.coincasino.com/cdn/imported_games_images/PRAGMATIC/PRAGMATIC/vs20daydead/6ddfdb0e-3682-47d1-a2f4-2f71a0bdeeb8.jpg?w=320",NULL,True,"2026-09-11 16:56:00.886+05:30","2026-09-11 16:56:00.886+05:30"
982,"22b9cf05f4d62fec02aca39fb60030c4","Mystic Chief","pragmatic","Slot Game","https://www.coincasino.com/cdn/imported_games_images/PRAGMATIC/PRAGMATIC/vswayswest/eda22ac1-476f-41d8-a454-6f17f8d7ba9c.jpg?w=320",NULL,True,"2026-09-11 16:56:00.886+05:30","2026-09-11 16:56:00.886+05:30"
927,"29890bc4f33992795f14615886c8ad09","Fire Hot 20","pragmatic","Slot Game","https://www.coincasino.com/cdn/imported_games_images/PRAGMATIC/PRAGMATIC/vs20fh/ad23963f-d6da-44ec-bc14-6e673488ff81.jpg?w=320",NULL,True,"2026-09-11 16:56:00.886+05:30","2026-09-11 16:56:00.886+05:30"
1002,"1be0946d4cdc5c26c5922b96c7e154f0","Floating Dragon","pragmatic","Slot Game","https://www.coincasino.com/cdn/imported_games_images/PRAGMATIC/PRAGMATIC/vs10floatdrg/6cdf085b-215e-4e92-a345-e3f5f2275d7c.jpg?w=320",NULL,True,"2026-09-11 16:56:00.886+05:30","2026-09-11 16:56:00.886+05:30"
2376,"91c359dcfe71d0390fc39a2b6b6ded66","Savage Buffalo Spirit","bgaming","Video Slot","",NULL,True,"2026-09-11 16:56:00.886+05:30","2026-09-11 16:56:00.886+05:30"
997,"9e749c8762ff58417e45b2330ac805cb","Heart of Rio","pragmatic","Slot Game","https://www.coincasino.com/cdn/imported_games_images/PRAGMATIC/PRAGMATIC/vs25rio/37bec09a-f8c2-40aa-b771-ac2a2775018b.jpg?w=320",NULL,True,"2026-09-11 16:56:00.886+05:30","2026-09-11 16:56:00.886+05:30"
1023,"c0c132efaa8a52d4c5808613f27a51a0","Spartan King","pragmatic","Slot Game","https://www.coincasino.com/cdn/imported_games_images/PRAGMATIC/PRAGMATIC/vs40spartaking/05984c38-528a-4dce-9c1b-0fc85e5fcf00.jpg?w=320",NULL,True,"2026-09-11 16:56:00.886+05:30","2026-09-11 16:56:00.886+05:30"
972,"8060b9627603e47cd5381997bf8e54e9","Fortune of Giza","pragmatic","Slot Game","https://www.coincasino.com/cdn/imported_games_images/PRAGMATIC/PRAGMATIC/vs20amuleteg/41ccf981-7963-46e3-b527-08cc532d3a2f.jpg?w=320",NULL,True,"2026-09-11 16:56:00.886+05:30","2026-09-11 16:56:00.886+05:30"
990,"9560ce847f99d7411ff4bee8fb503b9e","Yum Yum Powerways","pragmatic","Slot Game","https://www.coincasino.com/cdn/imported_games_images/PRAGMATIC/PRAGMATIC/vswaysyumyum/bc02703e-2edd-4548-a8fd-59e72a4c60ca.jpg?w=320",NULL,True,"2026-09-11 16:56:00.886+05:30","2026-09-11 16:56:00.886+05:30"
1005,"37676e6e80e6c023f03d48f1ee3befc8","Power of Thor Megaways","pragmatic","Slot Game","https://www.coincasino.com/cdn/imported_games_images/PRAGMATIC/PRAGMATIC/vswayshammthor/2e7e7dde-fda3-4b55-bc8b-463de8ebac16.jpg?w=320",NULL,True,"2026-09-11 16:56:00.886+05:30","2026-09-11 16:56:00.886+05:30"
588,"401d3a40b06fa9b0ee299e31823796d9","Blackjack VIP 33","evolution","CasinoLive","https://boxbet.io/_next/image?url=https%3A%2F%2Fcdn.softswiss.net%2Fi%2Fs6%2Fevolution%2FBlackjackVIP33.png&w=384&q=100",NULL,True,"2026-09-11 16:56:00.886+05:30","2026-09-11 16:56:00.886+05:30"
590,"530ed3caad9e07621982956b571f6794","Blackjack VIP 30","evolution","CasinoLive","https://boxbet.io/_next/image?url=https%3A%2F%2Fcdn.softswiss.net%2Fi%2Fs6%2Fevolution%2FBlackjackVIP30.png&w=384&q=100",NULL,True,"2026-09-11 16:56:00.886+05:30","2026-09-11 16:56:00.886+05:30"
2185,"d7c05dc3f79967f49e5c6830031b953f","Starburst","netent","Slot Game","https://boxbet.io/_next/image?url=https%3A%2F%2Fcdn.softswiss.net%2Fi%2Fs6%2Fevolution%2FStarburst90.png&w=384&q=100",NULL,True,"2026-09-11 16:56:00.886+05:30","2026-09-11 16:56:00.886+05:30"
2264,"c416289b37a5f5a75708b820e925174b","Fruit Shop","netent","Slot Game","https://boxbet.io/_next/image?url=https%3A%2F%2Fcdn.softswiss.net%2Fi%2Fs6%2Fevolution%2FFruitShop90.png&w=384&q=100",NULL,True,"2026-09-11 16:56:00.886+05:30","2026-09-11 16:56:00.886+05:30"
2364,"0ccaaa45143d186f7ef3311989bb018a","Mice & Magic Wonder Spin","bgaming","Video Slot","",NULL,True,"2026-09-11 16:56:00.886+05:30","2026-09-11 16:56:00.886+05:30"
2165,"ab4d3fece15eeabf18efcc67224620e1","Arcane: Reel Chaos","netent","Slot Game","https://boxbet.io/_next/image?url=https%3A%2F%2Fcdn.softswiss.net%2Fi%2Fs6%2Fevolution%2FArcaneReelChaos.png&w=384&q=100",NULL,True,"2026-09-11 16:56:00.886+05:30","2026-09-11 16:56:00.886+05:30"
2097,"6564c1b9213cf2ae7f03e084f2226325","Archangels Salvation","netent","Slot Game","https://boxbet.io/_next/image?url=https%3A%2F%2Fcdn.softswiss.net%2Fi%2Fs6%2Fevolution%2FArchangelsSalvation.png&w=384&q=100",NULL,True,"2026-09-11 16:56:00.886+05:30","2026-09-11 16:56:00.886+05:30"
2172,"79ae04624c8db7e45ac85e01998dabee","Berryburst","netent","Slot Game","https://boxbet.io/_next/image?url=https%3A%2F%2Fcdn.softswiss.net%2Fi%2Fs6%2Fevolution%2FBerryburst.png&w=384&q=100",NULL,True,"2026-09-11 16:56:00.886+05:30","2026-09-11 16:56:00.886+05:30"
2272,"205cfe3eb665f50b1329e07ad6f0c65d","Blackjack Classic","netent","Slot Game","https://boxbet.io/_next/image?url=https%3A%2F%2Fcdn.softswiss.net%2Fi%2Fs6%2Fevolution%2FBlackjackClassic6.png&w=384&q=100",NULL,True,"2026-09-11 16:56:00.886+05:30","2026-09-11 16:56:00.886+05:30"
2110,"915def528fb0e5f716ea0fdabcaad3f8","Blood Suckers II","netent","Slot Game","https://boxbet.io/_next/image?url=https%3A%2F%2Fcdn.softswiss.net%2Fi%2Fs6%2Fevolution%2Fbloodsuckers2000.png&w=384&q=100",NULL,True,"2026-09-11 16:56:00.886+05:30","2026-09-11 16:56:00.886+05:30"
2197,"3b67988fe4dd6ace864fc69964766ed7","Bollywood Story","netent","Slot Game","https://boxbet.io/_next/image?url=https%3A%2F%2Fcdn.softswiss.net%2Fi%2Fs6%2Fevolution%2FBollywoodStory.png&w=384&q=100",NULL,True,"2026-09-11 16:56:00.886+05:30","2026-09-11 16:56:00.886+05:30"
2224,"25bb345a5d345f40a521921084b89dd8","Buster's Bones","netent","Slot Game","https://boxbet.io/_next/image?url=https%3A%2F%2Fcdn.softswiss.net%2Fi%2Fs6%2Fevolution%2FBustersBones1.png&w=384&q=100",NULL,True,"2026-09-11 16:56:00.886+05:30","2026-09-11 16:56:00.886+05:30"
2274,"ffad0b1bea610bc5992a3193ca6f0f6f","Butterfly Staxx 2","netent","Slot Game","https://boxbet.io/_next/image?url=https%3A%2F%2Fcdn.softswiss.net%2Fi%2Fs6%2Fevolution%2Fbutterflystaxx20.png&w=384&q=100",NULL,True,"2026-09-11 16:56:00.886+05:30","2026-09-11 16:56:00.886+05:30"
2176,"cd858e405ba1f796c92cb259987328dd","Codex of Fortune","netent","Slot Game","https://boxbet.io/_next/image?url=https%3A%2F%2Fcdn.softswiss.net%2Fi%2Fs6%2Fevolution%2FCodexofFortune.png&w=384&q=100",NULL,True,"2026-09-11 16:56:00.886+05:30","2026-09-11 16:56:00.886+05:30"
2104,"57612739f5912d41a1df66041163f404","Coins of Egypt","netent","Slot Game","https://boxbet.io/_next/image?url=https%3A%2F%2Fcdn.softswiss.net%2Fi%2Fs6%2Fevolution%2FCoinsofEgypt.png&w=384&q=100",NULL,True,"2026-09-11 16:56:00.886+05:30","2026-09-11 16:56:00.886+05:30"
2286,"7644235e768783485b5cbee8df2a1230","Crab Trap","netent","Slot Game","https://boxbet.io/_next/image?url=https%3A%2F%2Fcdn.softswiss.net%2Fi%2Fs6%2Fevolution%2FCrabTrap.png&w=384&q=100",NULL,True,"2026-09-11 16:56:00.886+05:30","2026-09-11 16:56:00.886+05:30"
2206,"a586f86e9f8e82f36d2de777f315e905","Cursed Treasure","netent","Slot Game","https://boxbet.io/_next/image?url=https%3A%2F%2Fcdn.softswiss.net%2Fi%2Fs6%2Fevolution%2FCursedTreasureNoBB.png&w=384&q=100",NULL,True,"2026-09-11 16:56:00.886+05:30","2026-09-11 16:56:00.886+05:30"
2141,"2f54bbefd29e1baa9d6aec5f752f1d73","Dazzle Me Megaways","netent","Slot Game","https://boxbet.io/_next/image?url=https%3A%2F%2Fcdn.softswiss.net%2Fi%2Fs6%2Fevolution%2FDazzleMeMegawaysr1.png&w=384&q=100",NULL,True,"2026-09-11 16:56:00.886+05:30","2026-09-11 16:56:00.886+05:30"
2265,"8f05f2e9abd6d1d9e8ae595a4242c2ea","Dead or Alive","netent","Slot Game","https://boxbet.io/_next/image?url=https%3A%2F%2Fcdn.softswiss.net%2Fi%2Fs6%2Fevolution%2FDeadorAlive90.png&w=384&q=100",NULL,True,"2026-09-11 16:56:00.886+05:30","2026-09-11 16:56:00.886+05:30"
2140,"fd0b936bec62daae4a00263ffcecb606","Divine Fortune Megaways","netent","Slot Game","https://boxbet.io/_next/image?url=https%3A%2F%2Fcdn.softswiss.net%2Fi%2Fs6%2Fevolution%2FDivineFortuneMegaways.png&w=384&q=100",NULL,True,"2026-09-11 16:56:00.886+05:30","2026-09-11 16:56:00.886+05:30"
2187,"2db746bc75a04113a06ef5f4f4182096","Double Stacks","netent","Slot Game","https://boxbet.io/_next/image?url=https%3A%2F%2Fcdn.softswiss.net%2Fi%2Fs6%2Fevolution%2FDoubleStacks.png&w=384&q=100",NULL,True,"2026-09-11 16:56:00.886+05:30","2026-09-11 16:56:00.886+05:30"
2125,"899cb09c78d11c63ef8a0fe66f417059","Finn and the Swirly Spin","netent","Slot Game","https://boxbet.io/_next/image?url=https%3A%2F%2Fcdn.softswiss.net%2Fi%2Fs6%2Fevolution%2FFinnandtheSwirlySpin.png&w=384&q=100",NULL,True,"2026-09-11 16:56:00.886+05:30","2026-09-11 16:56:00.886+05:30"
2205,"8be22f76b79b70d19c6eeaa5750782ef","Flowers","netent","Slot Game","https://boxbet.io/_next/image?url=https%3A%2F%2Fcdn.softswiss.net%2Fi%2Fs6%2Fevolution%2FFlowers.png&w=384&q=100",NULL,True,"2026-09-11 16:56:00.886+05:30","2026-09-11 16:56:00.886+05:30"
2100,"abcf225cf78897bdfd43d63c5867ba6b","Flowers Christmas Edition","netent","Slot Game","https://boxbet.io/_next/image?url=https%3A%2F%2Fcdn.softswiss.net%2Fi%2Fs6%2Fevolution%2FFlowersChristmasEdition.png&w=384&q=100",NULL,True,"2026-09-11 16:56:00.886+05:30","2026-09-11 16:56:00.886+05:30"
2377,"ce7ce12fc51d197681ec98b8fd51fc3e","Lucky Crew","bgaming","Video Slot","",NULL,True,"2026-09-11 16:56:00.886+05:30","2026-09-11 16:56:00.886+05:30"
2289,"4dc42381d6574f098e4d24fc5e768e24","Fruit Spin","netent","Slot Game","https://boxbet.io/_next/image?url=https%3A%2F%2Fcdn.softswiss.net%2Fi%2Fs6%2Fevolution%2FFruitSpin.png&w=384&q=100",NULL,True,"2026-09-11 16:56:00.886+05:30","2026-09-11 16:56:00.886+05:30"
2196,"0dcb5b9c7cff0ff394709bbbd51abcdc","Golden Grimoire","netent","Slot Game","https://boxbet.io/_next/image?url=https%3A%2F%2Fcdn.softswiss.net%2Fi%2Fs6%2Fevolution%2FGoldenGrimoire.png&w=384&q=100",NULL,True,"2026-09-11 16:56:00.886+05:30","2026-09-11 16:56:00.886+05:30"
2245,"b2eda49a46a49ce90fcee1644b5740c2","Golden Wheels of Egypt","netent","Slot Game","https://boxbet.io/_next/image?url=https%3A%2F%2Fcdn.softswiss.net%2Fi%2Fs6%2Fevolution%2FGoldenWheelsEgypt.png&w=384&q=100",NULL,True,"2026-09-11 16:56:00.886+05:30","2026-09-11 16:56:00.886+05:30"
2105,"6053cb82a8d496cdb719b7ec12c5aff4","Grand Spinn","netent","Slot Game","https://boxbet.io/_next/image?url=https%3A%2F%2Fcdn.softswiss.net%2Fi%2Fs6%2Fevolution%2FGrandSpinn.png&w=384&q=100",NULL,True,"2026-09-11 16:56:00.886+05:30","2026-09-11 16:56:00.886+05:30"
2154,"6c2ac5f318f9a99d1bc114460dca2ea9","Hook's Heroes","netent","Slot Game","https://boxbet.io/_next/image?url=https%3A%2F%2Fcdn.softswiss.net%2Fi%2Fs6%2Fevolution%2FHooksHeroes.png&w=384&q=100",NULL,True,"2026-09-11 16:56:00.886+05:30","2026-09-11 16:56:00.886+05:30"
2261,"5935ff9ba6d459aa6a0d3cc11030cf7f","Hotline 2","netent","Slot Game","https://boxbet.io/_next/image?url=https%3A%2F%2Fcdn.softswiss.net%2Fi%2Fs6%2Fevolution%2FHotline2noBB.png&w=384&q=100",NULL,True,"2026-09-11 16:56:00.886+05:30","2026-09-11 16:56:00.886+05:30"
2211,"81f154580f1ec0256e46648b6f680277","Irish Pot Luck","netent","Slot Game","https://boxbet.io/_next/image?url=https%3A%2F%2Fcdn.softswiss.net%2Fi%2Fs6%2Fevolution%2FIrishPotLuck.png&w=384&q=100",NULL,True,"2026-09-11 16:56:00.886+05:30","2026-09-11 16:56:00.886+05:30"
2179,"2e1ccc9ab81a1f16fb6f2365fb818f9d","Jack Hammer","netent","Slot Game","https://boxbet.io/_next/image?url=https%3A%2F%2Fcdn.softswiss.net%2Fi%2Fs6%2Fevolution%2FJackHammer.png&w=384&q=100",NULL,True,"2026-09-11 16:56:00.886+05:30","2026-09-11 16:56:00.886+05:30"
2266,"d3f076a1223bc1789282fdaaa74def10","Jacks or Better Double Up","netent","Slot Game","https://boxbet.io/_next/image?url=https%3A%2F%2Fcdn.softswiss.net%2Fi%2Fs6%2Fevolution%2FJacksorBetterDoubleUp.png&w=384&q=100",NULL,True,"2026-09-11 16:56:00.886+05:30","2026-09-11 16:56:00.886+05:30"
2191,"f829e700f3e2a61bf685f9f12c26c495","Let It Burn","netent","Slot Game","https://boxbet.io/_next/image?url=https%3A%2F%2Fcdn.softswiss.net%2Fi%2Fs6%2Fevolution%2FLetItBurn1.png&w=384&q=100",NULL,True,"2026-09-11 16:56:00.886+05:30","2026-09-11 16:56:00.886+05:30"
2135,"ea832bdbabf0a4653fdaecf4838aef30","Long Pao","netent","Slot Game","https://boxbet.io/_next/image?url=https%3A%2F%2Fcdn.softswiss.net%2Fi%2Fs6%2Fevolution%2FLongPao.png&w=384&q=100",NULL,True,"2026-09-11 16:56:00.886+05:30","2026-09-11 16:56:00.886+05:30"
2273,"b09a466311431a82eb1ca7385b16121f","Lost Relics","netent","Slot Game","https://boxbet.io/_next/image?url=https%3A%2F%2Fcdn.softswiss.net%2Fi%2Fs6%2Fevolution%2FLostRelics.png&w=384&q=100",NULL,True,"2026-09-11 16:56:00.886+05:30","2026-09-11 16:56:00.886+05:30"
2099,"b07d5e04a6dc827cc425630369fb9868","Neon Staxx","netent","Slot Game","https://boxbet.io/_next/image?url=https%3A%2F%2Fcdn.softswiss.net%2Fi%2Fs6%2Fevolution%2FNeonStax.png&w=384&q=100",NULL,True,"2026-09-11 16:56:00.886+05:30","2026-09-11 16:56:00.886+05:30"
2248,"31780de27d3006ef18e05696d85d8a05","Reef Raider","netent","Slot Game","https://boxbet.io/_next/image?url=https%3A%2F%2Fcdn.softswiss.net%2Fi%2Fs6%2Fevolution%2FReefRaider90.png&w=384&q=100",NULL,True,"2026-09-11 16:56:00.886+05:30","2026-09-11 16:56:00.886+05:30"
2127,"da2cad72c087124b0396633a1796a706","Reel Steal","netent","Slot Game","https://boxbet.io/_next/image?url=https%3A%2F%2Fcdn.softswiss.net%2Fi%2Fs6%2Fevolution%2FReelSteal.png&w=384&q=100",NULL,True,"2026-09-11 16:56:00.886+05:30","2026-09-11 16:56:00.886+05:30"
2129,"c2e3c41eb434bcee2aa47cf842fed508","Secrets of Atlantis","netent","Slot Game","https://boxbet.io/_next/image?url=https%3A%2F%2Fcdn.softswiss.net%2Fi%2Fs6%2Fevolution%2FSecretsofAtlantis.png&w=384&q=100",NULL,True,"2026-09-11 16:56:00.886+05:30","2026-09-11 16:56:00.886+05:30"
2269,"8a96bd67f15cd605a8e751bc5b298395","Secrets of Christmas","netent","Slot Game","https://boxbet.io/_next/image?url=https%3A%2F%2Fcdn.softswiss.net%2Fi%2Fs6%2Fevolution%2FSecretsofChristmas.png&w=384&q=100",NULL,True,"2026-09-11 16:56:00.886+05:30","2026-09-11 16:56:00.886+05:30"
2148,"eae3b78f6206ce77ec639dd41e062268","Serengeti Kings","netent","Slot Game","https://boxbet.io/_next/image?url=https%3A%2F%2Fcdn.softswiss.net%2Fi%2Fs6%2Fevolution%2FSerengetiKings1.png&w=384&q=100",NULL,True,"2026-09-11 16:56:00.886+05:30","2026-09-11 16:56:00.886+05:30"
2193,"e6d083380962fba8e6e4aefd9bc823d1","Space Wars","netent","Slot Game","https://boxbet.io/_next/image?url=https%3A%2F%2Fcdn.softswiss.net%2Fi%2Fs6%2Fevolution%2FSpaceWars.png&w=384&q=100",NULL,True,"2026-09-11 16:56:00.886+05:30","2026-09-11 16:56:00.886+05:30"
2288,"6ec88c66ce2a3e33f526b59d1df1b564","Space Wars 2","netent","Slot Game","https://boxbet.io/_next/image?url=https%3A%2F%2Fcdn.softswiss.net%2Fi%2Fs6%2Fevolution%2FSpaceWars2.png&w=384&q=100",NULL,True,"2026-09-11 16:56:00.886+05:30","2026-09-11 16:56:00.886+05:30"
599,"868116316bb9c2f9498b2165c7db9bd4","Speed VIP Blackjack P","evolution","CasinoLive","https://boxbet.io/_next/image?url=https%3A%2F%2Fcdn.softswiss.net%2Fi%2Fs6%2Fevolution%2FSpeedVIPBlackjackP.png&w=384&q=100",NULL,True,"2026-09-11 16:56:00.886+05:30","2026-09-11 16:56:00.886+05:30"
601,"ceda0cfac236c9431f061d964ed5062b","Speed VIP Blackjack R","evolution","CasinoLive","https://boxbet.io/_next/image?url=https%3A%2F%2Fcdn.softswiss.net%2Fi%2Fs6%2Fevolution%2FSpeedVIPBlackjackR.png&w=384&q=100",NULL,True,"2026-09-11 16:56:00.886+05:30","2026-09-11 16:56:00.886+05:30"
505,"6407557ea880b7f6276ec9d4e23e7926","Salon Privé Baccarat I","evolution","CasinoLive","https://boxbet.io/_next/image?url=https%3A%2F%2Fcdn.softswiss.net%2Fi%2Fs6%2Fevolution%2FSalonPriveBlackjackI.png&w=384&q=100",NULL,True,"2026-09-11 16:56:00.886+05:30","2026-09-11 16:56:00.886+05:30"
2378,"958d6a70afac2422d0f97fc81bea4c15","Royal High-Road","bgaming","Video Slot","",NULL,True,"2026-09-11 16:56:00.886+05:30","2026-09-11 16:56:00.886+05:30"
507,"44f46f61a501ab9555f46eeecae266ce","Salon Privé Baccarat H","evolution","CasinoLive","https://boxbet.io/_next/image?url=https%3A%2F%2Fcdn.softswiss.net%2Fi%2Fs6%2Fevolution%2FSalonPriveBlackjackJ.png&w=384&q=100",NULL,True,"2026-09-11 16:56:00.886+05:30","2026-09-11 16:56:00.886+05:30"
510,"538b9ff225701f1e4e851167e5af1b84","Salon Privé Baccarat D","evolution","CasinoLive","https://boxbet.io/_next/image?url=https%3A%2F%2Fcdn.softswiss.net%2Fi%2Fs6%2Fevolution%2Fsalon_prive_baccarat_d.png&w=384&q=100",NULL,True,"2026-09-11 16:56:00.886+05:30","2026-09-11 16:56:00.886+05:30"
684,"a973fbb6b172cca38155523ab540d69f","Auto Mega Roulette","pragmaticlive","CasinoLive","https://boxbet.io/_next/image?url=https%3A%2F%2Fcdn.softswiss.net%2Fi%2Fs6%2Fpragmaticexternal%2FAutoMegaRoulette.png&w=384&q=100",NULL,True,"2026-09-11 16:56:00.886+05:30","2026-09-11 16:56:00.886+05:30"
1227,"5ce6870f076a30abbde384da763bce66","Immortal Romance Video Bingo","microgaming","Video Bingo","https://www.coincasino.com/cdn/imported_games_images/HUB88/Microgaming/mg_slots_immortalromance/f1490976-602f-41ab-9ba6-ef983b6c5e16.jpg?w=320",NULL,True,"2026-09-11 16:56:00.886+05:30","2026-09-11 16:56:00.886+05:30"
1521,"262cda5fa53c68d59c8d236b04595e41","Lucky Twins & 9 Lions","microgaming","Slots","https://www.coincasino.com/cdn/imported_games_images/HUB88/Microgaming/mg_slots_luckytwinsand9lions/3b8bb683-3460-47ea-af99-0eb8e39ef77f.jpg?w=320",NULL,True,"2026-09-11 16:56:00.886+05:30","2026-09-11 16:56:00.886+05:30"
1205,"8c5874cfc46c093c3f662bcee65a7173","Hades Lost Treasures","microgaming","Slots","https://www.coincasino.com/cdn/imported_games_images/HUB88/Microgaming/mg_slots_hadeslosttreasures/80228963-ff8c-4cfa-9ae7-ab2f4e20bca8.jpg?w=320",NULL,True,"2026-09-11 16:56:00.886+05:30","2026-09-11 16:56:00.886+05:30"
1390,"f6b63e6c189e3c07f1891eb3999f20d2","Halloweenies","microgaming","Slots","https://www.coincasino.com/cdn/imported_games_images/HUB88/Microgaming/mg_slots_halloweenies/25d6e5b9-503f-4c34-aa07-effc98f6d098.jpg?w=320",NULL,True,"2026-09-11 16:56:00.886+05:30","2026-09-11 16:56:00.886+05:30"
1393,"2646c2eb32dd0a23b2a948f83bc00fda","Golden Princess","microgaming","Slots","https://www.coincasino.com/cdn/imported_games_images/HUB88/Microgaming/mg_slots_goldenprincess/37611da6-3bf8-4225-851d-7243c0f33a1f.jpg?w=320",NULL,True,"2026-09-11 16:56:00.886+05:30","2026-09-11 16:56:00.886+05:30"
1523,"9b7446dfd8cbb3714738dad83a8404c7","Frankenstein","microgaming","Slots","https://www.coincasino.com/cdn/imported_games_images/HUB88/Microgaming/mg_slots_frankenstein/54336c64-c522-41d9-ae8b-316379e68376.jpg?w=320",NULL,True,"2026-09-11 16:56:00.886+05:30","2026-09-11 16:56:00.886+05:30"
1421,"301a45047cb812f57f1acdeab337d1b3","Dungeons and Diamonds","microgaming","Slots","https://www.coincasino.com/cdn/imported_games_images/HUB88/Microgaming/mg_slots_dungeonsanddiamonds/943afe24-d5ee-46af-8750-6fd57bf9c962.jpg?w=320",NULL,True,"2026-09-11 16:56:00.886+05:30","2026-09-11 16:56:00.886+05:30"
1468,"47763a8142fb5ead3aff6c55532f0ea3","Blazing Mammoth","microgaming","Slots","https://www.coincasino.com/cdn/imported_games_images/HUB88/Microgaming/mg_slots_blazingmammoth/62cf42ce-fe0f-4081-991b-1d462930f064.jpg?w=320",NULL,True,"2026-09-11 16:56:00.886+05:30","2026-09-11 16:56:00.886+05:30"
1484,"c1051316caf21845eec6057ed8489214","Avalon","microgaming","Slots","https://www.coincasino.com/cdn/imported_games_images/HUB88/Microgaming/mg_slots_avalon/f2592575-7166-4ec7-b609-aedbc32c7279.jpg?w=320",NULL,True,"2026-09-11 16:56:00.886+05:30","2026-09-11 16:56:00.886+05:30"
1499,"20cd279dee908c992f8b764ffe210169","Age of Discovery","microgaming","Slots","https://www.coincasino.com/cdn/imported_games_images/HUB88/Microgaming/mg_slots_ageofdiscovery/9694a442-c36f-49c1-a50a-fa20a1f3f22c.jpg?w=320",NULL,True,"2026-09-11 16:56:00.886+05:30","2026-09-11 16:56:00.886+05:30"
2365,"7d05837c55942cf0f36e2597b7e0ae76","Bone Bonanza","bgaming","Video Slot","",NULL,True,"2026-09-11 16:56:00.886+05:30","2026-09-11 16:56:00.886+05:30"
1488,"90da73be20eab0c1510bc0779fda6077","Asian Beauty","microgaming","Slots","https://www.coincasino.com/cdn/imported_games_images/HUB88/Microgaming/mg_slots_asianbeauty/fd239630-0e4a-43b0-86a7-f62ea162d71d.jpg?w=320",NULL,True,"2026-09-11 16:56:00.886+05:30","2026-09-11 16:56:00.886+05:30"
714,"d64c9a0d9886af9532f70aaa53e622b3","Blackjack X 7 - Azure","pragmaticlive","CasinoLive","https://www.coincasino.com/cdn/imported_games_images/PRAGMATIC/PRAGMATIC/513/cad1bdca-fb1d-43b6-af20-94dc8319de2f.jpg?w=320",NULL,True,"2026-09-11 16:56:00.886+05:30","2026-09-11 16:56:00.886+05:30"
702,"6255ddedaa5f480b9dfa9fa40f7b8326","Blackjack X 20 - Ruby","pragmaticlive","CasinoLive","https://www.coincasino.com/cdn/imported_games_images/PRAGMATIC/PRAGMATIC/3020/f360ddc7-9bc4-42db-9fec-5fd1bc7057cc.jpg?w=320",NULL,True,"2026-09-11 16:56:00.886+05:30","2026-09-11 16:56:00.886+05:30"
704,"a0ee8dc9da394e4b9ae9ad5c9ea1e722","Blackjack X 15 - Ruby","pragmaticlive","CasinoLive","https://www.coincasino.com/cdn/imported_games_images/PRAGMATIC/PRAGMATIC/3015/86abdd9f-4ca7-482f-8bff-8fd256acec9f.jpg?w=320",NULL,True,"2026-09-11 16:56:00.886+05:30","2026-09-11 16:56:00.886+05:30"
710,"3e5004fa6ad33e9c5130b1017c0ac6b2","BlackjackX 21 - Ruby","pragmaticlive","CasinoLive","https://www.coincasino.com/cdn/imported_games_images/PRAGMATIC/PRAGMATIC/3021/1aa4a757-541d-4a19-81d0-d4be79094fd5.jpg?w=320",NULL,True,"2026-09-11 16:56:00.886+05:30","2026-09-11 16:56:00.886+05:30"
707,"ae96e109c6ebb6b93a5f89c5a61bbfda","Blackjack X 8 - Ruby","pragmaticlive","CasinoLive","https://www.coincasino.com/cdn/imported_games_images/PRAGMATIC/PRAGMATIC/3008/ae71989e-e460-44ef-8f37-4f92110f4c7c.jpg?w=320",NULL,True,"2026-09-11 16:56:00.886+05:30","2026-09-11 16:56:00.886+05:30"
719,"d9b511ca291529bfe669a154a321386a","BlackjackX 24 - Azure","pragmaticlive","CasinoLive","https://www.coincasino.com/cdn/imported_games_images/PRAGMATIC/PRAGMATIC/3024/b8bec669-e882-4585-b27a-f58e7697e690.jpg?w=320",NULL,True,"2026-09-11 16:56:00.886+05:30","2026-09-11 16:56:00.886+05:30"
720,"ac1e682e6ce50f787124ef4daf01f691","BlackjackX 25 - Azure","pragmaticlive","CasinoLive","https://www.coincasino.com/cdn/imported_games_images/PRAGMATIC/PRAGMATIC/3025/927b8369-749d-4b7d-a6a2-eb593d4c9f8b.jpg?w=320",NULL,True,"2026-09-11 16:56:00.886+05:30","2026-09-11 16:56:00.886+05:30"
721,"c730a004b714edfdd4f0c42e9e81fd23","BlackjackX 11 - Emerald","pragmaticlive","CasinoLive","https://www.coincasino.com/cdn/imported_games_images/PRAGMATIC/PRAGMATIC/3046/54142846-a509-4a2f-aaff-403ef4e736aa.jpg?w=320",NULL,True,"2026-09-11 16:56:00.886+05:30","2026-09-11 16:56:00.886+05:30"
725,"3e0d79b9e524d8d9888848559192611e","BlackjackX 23 - Emerald","pragmaticlive","CasinoLive","https://www.coincasino.com/cdn/imported_games_images/PRAGMATIC/PRAGMATIC/3050/02f47491-22d1-40ad-8e0e-f637e4577047.jpg?w=320",NULL,True,"2026-09-11 16:56:00.886+05:30","2026-09-11 16:56:00.886+05:30"
727,"17785357bb6ff50b3d252fe4300cb881","BlackjackX 27 - Emerald","pragmaticlive","CasinoLive","https://www.coincasino.com/cdn/imported_games_images/PRAGMATIC/PRAGMATIC/3052/4b15e675-6b12-41e6-943e-366a0bf7c0a8.jpg?w=320",NULL,True,"2026-09-11 16:56:00.886+05:30","2026-09-11 16:56:00.886+05:30"
729,"3c0994fc8d99afdc3e8b290867679f30","BlackjackX 29 - Emerald","pragmaticlive","CasinoLive","https://www.coincasino.com/cdn/imported_games_images/PRAGMATIC/PRAGMATIC/3054/500d498b-45ab-46c0-a163-c10c6b283ed3.jpg?w=320",NULL,True,"2026-09-11 16:56:00.886+05:30","2026-09-11 16:56:00.886+05:30"
660,"fc836890aa838e03419a2751af98d0ce","Mega Baccarat","pragmaticlive","CasinoLive","https://www.coincasino.com/cdn/imported_games_images/PRAGMATIC/PRAGMATIC/442/c3c4f460-1339-4d5c-9e66-6f1407978725.jpg?w=320",NULL,True,"2026-09-11 16:56:00.886+05:30","2026-09-11 16:56:00.886+05:30"
731,"892c91e0a653ba19df81a90f89d99bcd","One Blackjack","pragmaticlive","CasinoLive","https://www.coincasino.com/cdn/imported_games_images/PRAGMATIC/PRAGMATIC/901/03abbf6d-d337-4b9b-924c-6ef73f035a0b.jpg?w=320",NULL,True,"2026-09-11 16:56:00.886+05:30","2026-09-11 16:56:00.886+05:30"
649,"422384b37bffa38f63d24f6d9e098950","Privé Lounge Baccarat 1","pragmaticlive","CasinoLive","https://www.coincasino.com/cdn/imported_games_images/PRAGMATIC/PRAGMATIC/454/c4106033-edc9-4bb3-98ba-20a3af5184a8.jpg?w=320",NULL,True,"2026-09-11 16:56:00.886+05:30","2026-09-11 16:56:00.886+05:30"
652,"7cd376336ab4101f48c0c8d44fcbdd81","Privé Lounge Baccarat 4","pragmaticlive","CasinoLive","",NULL,True,"2026-09-11 16:56:00.886+05:30","2026-09-11 16:56:00.886+05:30"
631,"b8b814a4ce5f191c4a818018db607281","Speed Baccarat 15","pragmaticlive","CasinoLive","https://www.coincasino.com/cdn/imported_games_images/PRAGMATIC/PRAGMATIC/427/73c059f8-c8b1-41d9-a48f-3b3da358639d.jpg?w=320",NULL,True,"2026-09-11 16:56:00.886+05:30","2026-09-11 16:56:00.886+05:30"
786,"2955688bdb4f23686e3ce61b905aafeb","Gold Blackjack 1","ezugi","CasinoLive","https://d3c3rwqla6qxaf.cloudfront.net/games-images/ezugi/blackjackgold1/427x575/BlackjackGold1_1739896020.webp",NULL,True,"2026-09-11 16:56:00.886+05:30","2026-09-11 16:56:00.886+05:30"
2079,"488c377662cad37a551bde18e2fbe785","AK47","jili","India Poker Game","https://bc.imgix.net/game/image/1ab23996-631d-40a5-be8c-2a2e67d4e41d.png?_v=4&auto=format&dpr=1.25&w=200",NULL,True,"2026-09-11 16:56:00.886+05:30","2026-09-11 16:56:00.886+05:30"
1328,"77a75ea71bf69fc3b24de3ad49b2b956","Playboy Fortunes","microgaming","Slots","https://bc.imgix.net/game/image/4b95d9d1-791f-4fd7-b394-918521766e7d.png?_v=4&auto=format&dpr=1.25&w=200",NULL,True,"2026-09-11 16:56:00.886+05:30","2026-09-11 16:56:00.886+05:30"
1288,"5e4e00fa58ba25a4c9c981e5aa16c84c","Sugar Craze Bonanza","microgaming","Slots","https://bc.imgix.net/game/image/13715_Sugar%20Craze%20Bonanza.png?_v=4&auto=format&dpr=1.25&w=200",NULL,True,"2026-09-11 16:56:00.886+05:30","2026-09-11 16:56:00.886+05:30"
1447,"1f166f78d4346a4c193733a20a295cee","Candy Rush Wilds","microgaming","Slots","https://bc.imgix.net/game/image/13103_Candy%20Rush%20Wilds.png?_v=4&auto=format&dpr=1.25&w=200",NULL,True,"2026-09-11 16:56:00.886+05:30","2026-09-11 16:56:00.886+05:30"
1452,"e955e85224c20a9603f065d3c18a5620","Break Da Bank Again MEGAWAYS","microgaming","Slots","https://bc.imgix.net/game/image/8889_Break%20Da%20Bank%20Again%E2%84%A2%20MEGAWAYS%E2%84%A2.png?_v=4&auto=format&dpr=1.25&w=200",NULL,True,"2026-09-11 16:56:00.886+05:30","2026-09-11 16:56:00.886+05:30"
1522,"5cc75b479a8afe74aa4d0c082f6c0e0c","Almighty Dionysus Empire","microgaming","Slots","https://bc.imgix.net/game/image/67cfb3e8ff.png?_v=4&auto=format&dpr=1.25&w=200",NULL,True,"2026-09-11 16:56:00.886+05:30","2026-09-11 16:56:00.886+05:30"
1230,"5172b9d610de76f84fe4eb5e27d3eb1a","Break Away Max","microgaming","Slots","https://bc.imgix.net/game/image/929e2ad723.png?_v=4&auto=format&dpr=1.25&w=200",NULL,True,"2026-09-11 16:56:00.886+05:30","2026-09-11 16:56:00.886+05:30"
1284,"8cb5c467a309e5e406c65689889bd190","Tally Ho","microgaming","Slots","https://bc.imgix.net/game/image/52b1a433-52dc-4418-b347-b51284cb06e0.png?_v=4&auto=format&dpr=1.25&w=200",NULL,True,"2026-09-11 16:56:00.886+05:30","2026-09-11 16:56:00.886+05:30"
1655,"adf297c2666c69b3abc3b61618d593b8","Mask Carnival","pgsoft","Slot Game","https://www.coincasino.com/cdn/imported_games_images/HUB88/PGSoft/pgs_maskcarnival/791f821c-d2d4-4d1f-90e5-9a1aa063b46a.jpg?w=640",NULL,True,"2026-09-11 16:56:00.886+05:30","2026-09-11 16:56:00.886+05:30"
1653,"87a05c81af5635bed41765bfd076ee15","Spirited Wonders","pgsoft","Slot Game","https://www.coincasino.com/cdn/imported_games_images/HUB88/PGSoft/pgs_spiritedwonders/1b7541ed-fe6c-4ca0-96b4-f2ed37f2e4f8.jpg?w=640",NULL,True,"2026-09-11 16:56:00.886+05:30","2026-09-11 16:56:00.886+05:30"
1659,"116989bb267a72035bd01818c5496126","Butterfly Blossom","pgsoft","Slot Game","https://www.coincasino.com/cdn/imported_games_images/HUB88/PGSoft/pgs_butterflyblossom/953ba9a3-1b46-48bd-9062-cc092bc3cfc3.jpg?w=640",NULL,True,"2026-09-11 16:56:00.886+05:30","2026-09-11 16:56:00.886+05:30"
1666,"a03c6e7a918132b50f9caa297df1752d","Totem Wonders","pgsoft","Slot Game","https://www.coincasino.com/cdn/imported_games_images/HUB88/PGSoft/pgs_totemwonders/a6771f64-6d59-45bb-ba2f-86d73c58488f.jpg?w=640",NULL,True,"2026-09-11 16:56:00.886+05:30","2026-09-11 16:56:00.886+05:30"
1673,"d0fe7aa2f7ed5778190b1e60d94e6773","Bakery Bonanza","pgsoft","Slot Game","https://www.coincasino.com/cdn/imported_games_images/HUB88/PGSoft/pgs_bakerybonanza/cd36b26d-13b8-4b14-a3f9-0dbc527ef7a2.jpg?w=640",NULL,True,"2026-09-11 16:56:00.886+05:30","2026-09-11 16:56:00.886+05:30"
929,"27ac78d33471d4406de187759ebe4729","Octobeer Fortunes","pragmatic","Slot Game","https://www.coincasino.com/cdn/imported_games_images/PRAGMATIC/PRAGMATIC/vs20octobeer/ebd4d0a7-c523-428a-a1b8-2570602d052c.jpg?w=640",NULL,True,"2026-09-11 16:56:00.886+05:30","2026-09-11 16:56:00.886+05:30"
945,"db9b48adb0db83131d1568968c64f8c1","Goblin Heist Powernudge","pragmatic","Slot Game","https://www.coincasino.com/cdn/imported_games_images/PRAGMATIC/PRAGMATIC/vs20gobnudge/78a1165b-36c9-41cd-a9bd-a498c2eef729.jpg?w=640",NULL,True,"2026-09-11 16:56:00.886+05:30","2026-09-11 16:56:00.886+05:30"
957,"1cd886e37f8219d223515d7f07693069","Snakes and Ladders Megadice","pragmatic","Slot Game","https://www.coincasino.com/cdn/imported_games_images/PRAGMATIC/PRAGMATIC/vs10snakeladd/0dd9d988-7a22-4037-b187-008d9c39ac32.jpg?w=640",NULL,True,"2026-09-11 16:56:00.886+05:30","2026-09-11 16:56:00.886+05:30"
964,"b83d0a110632be33daadc8c2eb8bca54","Elemental Gems Megaways","pragmatic","Slot Game","https://www.coincasino.com/cdn/imported_games_images/PRAGMATIC/PRAGMATIC/vswayselements/c9f5ec70-7e53-4963-9215-512d53b4126b.jpg?w=640",NULL,True,"2026-09-11 16:56:00.886+05:30","2026-09-11 16:56:00.886+05:30"
343,"5cb6aa4e2ce1c775c568561401ffdfca","Fan Tan","evolution","CasinoLive","https://images.rajabet.fun/casino/ciptahubimg/200295.evo_fantan.webp",NULL,True,"2026-09-11 16:56:00.492+05:30","2026-09-12 19:35:57.441642+05:30"
2366,"05d6232a3336a2b4bb2ee83b4b6bcf7d","Maneki 88 Fortunes","bgaming","Video Slot","",NULL,True,"2026-09-11 16:56:00.886+05:30","2026-09-11 16:56:00.886+05:30"
2367,"94783ae2695c2546da00bec3213fcfa0","Wild Cash Dice","bgaming","Video Slot","",NULL,True,"2026-09-11 16:56:00.886+05:30","2026-09-11 16:56:00.886+05:30"
2405,"863bb7621c9909ef5483108f85750b39","Heads and Tails XY","bgaming","Casual","https://bc.imgix.net/game/image/1591_Heads and Tails.png?_v=4&auto=format&dpr=1.25&w=200",NULL,True,"2026-09-11 16:56:00.886+05:30","2026-09-11 16:56:00.886+05:30"
2368,"042f069ea08ab7fb50af2027b2d93725","Savage Buffalo Spirit Megaways","bgaming","Video Slot","",NULL,True,"2026-09-11 16:56:00.886+05:30","2026-09-11 16:56:00.886+05:30"
2369,"7caaf05ebb3220afa82d1282ebb32599","Dice Million","bgaming","Video Slot","",NULL,True,"2026-09-11 16:56:00.886+05:30","2026-09-11 16:56:00.886+05:30"
2370,"171528b4e159244dff9de7e537708a99","Luck & Magic","bgaming","Video Slot","",NULL,True,"2026-09-11 16:56:00.886+05:30","2026-09-11 16:56:00.886+05:30"
2371,"7806e2ca21a05eb927da4afad816fdeb","Dice Bonanza","bgaming","Video Slot","",NULL,True,"2026-09-11 16:56:00.886+05:30","2026-09-11 16:56:00.886+05:30"
2372,"354e70824d5468eae2ae3f629c22deca","Beast Band","bgaming","Video Slot","",NULL,True,"2026-09-11 16:56:00.886+05:30","2026-09-11 16:56:00.886+05:30"
2373,"207fc056bea06ee353baeaadd6f3b8f4","Wild Chicago","bgaming","Video Slot","",NULL,True,"2026-09-11 16:56:00.886+05:30","2026-09-11 16:56:00.886+05:30"
2374,"732eeaaa34330f7d4b3629c0e1f717d6","Gemhalla","bgaming","Video Slot","",NULL,True,"2026-09-11 16:56:00.886+05:30","2026-09-11 16:56:00.886+05:30"
2375,"30d87795acb9b55c740eb99699fcb0ea","Limbo XY","bgaming","Casual","",NULL,True,"2026-09-11 16:56:00.886+05:30","2026-09-11 16:56:00.886+05:30"
2379,"32bb0d3d65638efaf0e5efe17728bff9","Alien Fruits","bgaming","Video Slot","",NULL,True,"2026-09-11 16:56:00.886+05:30","2026-09-11 16:56:00.886+05:30"
2381,"4f0f7204c7aa6d5ff46f151a4449774f","Easter Plinko","bgaming","Casual","",NULL,True,"2026-09-11 16:56:00.886+05:30","2026-09-11 16:56:00.886+05:30"
2382,"431eb425b953b75fc4c9162c72bbc8b2","Book of Kemet","bgaming","Video Slot","",NULL,True,"2026-09-11 16:56:00.886+05:30","2026-09-11 16:56:00.886+05:30"
2383,"248e5efc4ef196ae0544413d919153f6","Lucky Oak","bgaming","Video Slot","",NULL,True,"2026-09-11 16:56:00.886+05:30","2026-09-11 16:56:00.886+05:30"
2384,"110431082a41df5e51d0abc773886d79","Sweet Rush Megaways","bgaming","Video Slot","",NULL,True,"2026-09-11 16:56:00.886+05:30","2026-09-11 16:56:00.886+05:30"
2385,"46ab8a26c3c1e89ea3a42c50eafb6b73","Potion Spells","bgaming","Video Slot","",NULL,True,"2026-09-11 16:56:00.886+05:30","2026-09-11 16:56:00.886+05:30"
2386,"875d5e9c681d6149d94593b72d2d9069","Domnitor's Treasure","bgaming","Video Slot","",NULL,True,"2026-09-11 16:56:00.886+05:30","2026-09-11 16:56:00.886+05:30"
2387,"29ff279423340a546adb2d452162b565","Gangsterz","bgaming","Video Slot","",NULL,True,"2026-09-11 16:56:00.886+05:30","2026-09-11 16:56:00.886+05:30"
2388,"070a0e2b5c08f1181160cae8ddacea5b","Burning Chilli X","bgaming","Video Slot","",NULL,True,"2026-09-11 16:56:00.886+05:30","2026-09-11 16:56:00.886+05:30"
2389,"7686d2d00e23ca7e3e93ac01ec779c15","Soccermania","bgaming","Video Slot","",NULL,True,"2026-09-11 16:56:00.886+05:30","2026-09-11 16:56:00.886+05:30"
2390,"a296a0daa935a213165679d34e8a0522","Book of Cats Megaways","bgaming","Video Slot","",NULL,True,"2026-09-11 16:56:00.886+05:30","2026-09-11 16:56:00.886+05:30"
2391,"6a9ccecd930dd79a75fddefa78e55bf3","Elvis Frog TRUEWAYS","bgaming","Video Slot","",NULL,True,"2026-09-11 16:56:00.886+05:30","2026-09-11 16:56:00.886+05:30"
2392,"3a62ca00bf4534a60c74efe380ebe307","Halloween Bonanza","bgaming","Video Slot","",NULL,True,"2026-09-11 16:56:00.886+05:30","2026-09-11 16:56:00.886+05:30"
2393,"ba016ab1146511e9a071fc1f358e8103","Beer Bonanza","bgaming","Video Slot","",NULL,True,"2026-09-11 16:56:00.886+05:30","2026-09-11 16:56:00.886+05:30"
2394,"f47d7fec5e314d740c193b9bafedced8","Forty Fruity Million","bgaming","Video Slot","",NULL,True,"2026-09-11 16:56:00.886+05:30","2026-09-11 16:56:00.886+05:30"
2395,"72d2fe00c6d3695653e21618eff3bf78","Wild Cash x9990","bgaming","Video Slot","",NULL,True,"2026-09-11 16:56:00.886+05:30","2026-09-11 16:56:00.886+05:30"
2396,"7ad352371599bf26cdb06088fe5a79ab","Maneki 88 Gold","bgaming","Video Slot","",NULL,True,"2026-09-11 16:56:00.886+05:30","2026-09-11 16:56:00.886+05:30"
2397,"e8b58f6c315f13ca2656c8223b424c83","Miss Cherry Fruits Jackpot Party","bgaming","Video Slot","",NULL,True,"2026-09-11 16:56:00.886+05:30","2026-09-11 16:56:00.886+05:30"
2398,"994b39d2a09a9adef5a4a906cae22ce5","Lady Wolf Moon Megaways","bgaming","Video Slot","",NULL,True,"2026-09-11 16:56:00.886+05:30","2026-09-11 16:56:00.886+05:30"
2399,"c85996149a518981e5ec641bd33936c9","Gold Rush with Johnny Cash","bgaming","Video Slot","",NULL,True,"2026-09-11 16:56:00.886+05:30","2026-09-11 16:56:00.886+05:30"
2400,"a290e7d0adc3f98fb3020ac6f260d704","Big Atlantis Frenzy","bgaming","Video Slot","",NULL,True,"2026-09-11 16:56:00.886+05:30","2026-09-11 16:56:00.886+05:30"
2401,"064f8c5df69877fd0aba492071151248","Penny Pelican","bgaming","Video Slot","",NULL,True,"2026-09-11 16:56:00.886+05:30","2026-09-11 16:56:00.886+05:30"
2402,"be8b9cd2c900644f953fc3ec1dde20e3","Wild Cash","bgaming","Video Slot","",NULL,True,"2026-09-11 16:56:00.886+05:30","2026-09-11 16:56:00.886+05:30"
2403,"a0fb85138588c143d2a496dd018b8874","Lucky Farm Bonanza","bgaming","Video Slot","",NULL,True,"2026-09-11 16:56:00.886+05:30","2026-09-11 16:56:00.886+05:30"
2404,"5f2a21d29552a20346014fe0f4406334","Joker Queen","bgaming","Video Slot","",NULL,True,"2026-09-11 16:56:00.886+05:30","2026-09-11 16:56:00.886+05:30"
351,"689dd8e8f17dae910dba9fdd4990d41e","Craps","evolution","CasinoLive","https://images.rajabet.fun/casino/ciptahubimg/200249.evo_craps.webp",NULL,True,"2026-09-11 16:56:00.492+05:30","2026-09-12 19:35:57.441642+05:30"
360,"4b4c45709dfd8188d7d6d12fae15bd42","First Person Dragon Tiger","evolution","CasinoLive","https://images.rajabet.fun/casino/ciptahubimg/200239.evo_firstpersondragontiger.webp",NULL,True,"2026-09-11 16:56:00.492+05:30","2026-09-12 19:35:57.441642+05:30"
361,"3150b1cd8fbbddd94d36f20fab504653","First Person Mega Ball","evolution","CasinoLive","https://images.rajabet.fun/casino/ciptahubimg/200238.evo_firstpersonmegaball.webp",NULL,True,"2026-09-11 16:56:00.492+05:30","2026-09-12 19:35:57.441642+05:30"
363,"823245918aa2afd108a5912e363c083c","First Person Craps","evolution","CasinoLive","https://images.rajabet.fun/casino/ciptahubimg/200255.evo_firstpersoncraps.webp",NULL,True,"2026-09-11 16:56:00.492+05:30","2026-09-12 19:35:57.441642+05:30"
364,"e18dfa4a5dd4a0f2d8b45337bd6abb9d","First Person Baccarat","evolution","CasinoLive","https://images.rajabet.fun/casino/ciptahubimg/200241.evo_firstpersonbaccarat.webp",NULL,True,"2026-09-11 16:56:00.492+05:30","2026-09-12 19:35:57.441642+05:30"
365,"88e49e3fb9a9883f01f167d03f5efdcb","First Person Golden Wealth Baccarat","evolution","CasinoLive","https://images.rajabet.fun/casino/ciptahubimg/201400.evo_firstpersongoldenwealthbaccarat.webp",NULL,True,"2026-09-11 16:56:00.492+05:30","2026-09-12 19:35:57.441642+05:30"
367,"c715eb06391fabe5275d0b56440f49f3","First Person Deal or No Deal","evolution","CasinoLive","https://images.rajabet.fun/casino/ciptahubimg/201429.evo_firstpersondealornodeal.webp",NULL,True,"2026-09-11 16:56:00.492+05:30","2026-09-12 19:35:57.441642+05:30"
368,"4ac0e874a4d5fc55bcdba5302b43bc96","First Person Blackjack","evolution","CasinoLive","https://images.rajabet.fun/casino/ciptahubimg/200218.evo_firstpersonblackjack.webp",NULL,True,"2026-09-11 16:56:00.492+05:30","2026-09-12 19:35:57.441642+05:30"
370,"a82670530f49a6b3445dc1a592a2eb9e","First Person Roulette","evolution","CasinoLive","https://images.rajabet.fun/casino/ciptahubimg/200217.evo_firstpersonroulette.webp",NULL,True,"2026-09-11 16:56:00.492+05:30","2026-09-12 19:35:57.441642+05:30"
371,"7f50a6fbfcd9257299303b5757d43525","Dream Catcher","evolution","CasinoLive","https://images.rajabet.fun/casino/ciptahubimg/200211.evo_livedreamcatcher.webp",NULL,True,"2026-09-11 16:56:00.492+05:30","2026-09-12 19:35:57.441642+05:30"
372,"1909b4e3380dc37654f8e3997e63ec1b","Football Studio Dice","evolution","CasinoLive","https://images.rajabet.fun/casino/ciptahubimg/204065.evo_football_studio_dice.webp",NULL,True,"2026-09-11 16:56:00.492+05:30","2026-09-12 19:35:57.441642+05:30"
378,"b53a604877024ef2eab9946898e65d6b","Cash or Crash","evolution","CasinoLive","https://images.rajabet.fun/casino/ciptahubimg/201397.evo_cashorcrash.webp",NULL,True,"2026-09-11 16:56:00.492+05:30","2026-09-12 19:35:57.441642+05:30"
380,"3955853fc6a0b53f7f9b9cff0be19cb8","Mega Ball","evolution","CasinoLive","https://images.rajabet.fun/casino/ciptahubimg/200237.evo_megaball.webp",NULL,True,"2026-09-11 16:56:00.492+05:30","2026-09-12 19:35:57.441642+05:30"
383,"0617a82334f4f1766cf282ce906e1df7","Teen Patti","evolution","CasinoLive","https://images.rajabet.fun/casino/ciptahubimg/201431.evo_teenpatti.webp",NULL,True,"2026-09-11 16:56:00.492+05:30","2026-09-12 19:35:57.441642+05:30"
384,"f7b98e899461bdd49f92afc36b4c0db5","Super Andar Bahar","evolution","CasinoLive","https://images.rajabet.fun/casino/ciptahubimg/240346.evo_super_andar_bahar.webp",NULL,True,"2026-09-11 16:56:00.492+05:30","2026-09-12 19:35:57.441642+05:30"
385,"917c0c51d248c33eb058e3210a2e7371","Crazy Time","evolution","CasinoLive","https://images.rajabet.fun/casino/ciptahubimg/203585.evo_crazytime.webp",NULL,True,"2026-09-11 16:56:00.492+05:30","2026-09-12 19:35:57.441642+05:30"
399,"fae08e8e222f162b27a2d5c4329d1044","Double Ball Roulette","evolution","CasinoLive","https://images.rajabet.fun/casino/ciptahubimg/200199.evo_livedoubleballroulette.webp",NULL,True,"2026-09-11 16:56:00.492+05:30","2026-09-12 19:35:57.441642+05:30"
400,"0afb35f8abd269ca0c0c65a49d5145db","American Roulette","evolution","CasinoLive","https://images.rajabet.fun/casino/ciptahubimg/200198.evo_liveamericanroulette.webp",NULL,True,"2026-09-11 16:56:00.492+05:30","2026-09-12 19:35:57.441642+05:30"
402,"ec65c22981a707736871eecfca8e5e25","Instant Roulette","evolution","CasinoLive","https://images.rajabet.fun/casino/ciptahubimg/200243.evo_instantroulette.webp",NULL,True,"2026-09-11 16:56:00.492+05:30","2026-09-12 19:35:57.441642+05:30"
404,"3b43390eebe1f1a84b15f1251a253b24","Immersive Roulette","evolution","CasinoLive","https://images.rajabet.fun/casino/ciptahubimg/200193.evo_liveimmersiveroulette.webp",NULL,True,"2026-09-11 16:56:00.492+05:30","2026-09-12 19:35:57.441642+05:30"
407,"394fe6a2cde24bc487767236cc6eccd6","XXXtreme Lightning Roulette","evolution","CasinoLive","https://images.rajabet.fun/casino/ciptahubimg/201428.evo_xxxtremelightningroulette.webp",NULL,True,"2026-09-11 16:56:00.492+05:30","2026-09-12 19:35:57.441642+05:30"
466,"fe2e28180d600b1dfc7784324d3df640","Blackjack VIP H","evolution","CasinoLive","https://images.rajabet.fun/casino/ciptahubimg/200177.evo_liveblackjackviph.webp",NULL,True,"2026-09-11 16:56:00.492+05:30","2026-09-12 19:35:57.441642+05:30"
467,"2c2f06025f65fe745cabd81a3aae8aba","Blackjack VIP E","evolution","CasinoLive","https://images.rajabet.fun/casino/ciptahubimg/200175.evo_liveblackjackvipe.webp",NULL,True,"2026-09-11 16:56:00.492+05:30","2026-09-12 19:35:57.441642+05:30"
468,"40273c03c2a48786cb6111e35f012e6b","Blackjack VIP G","evolution","CasinoLive","https://images.rajabet.fun/casino/ciptahubimg/200176.evo_liveblackjackvipg.webp",NULL,True,"2026-09-11 16:56:00.492+05:30","2026-09-12 19:35:57.441642+05:30"
469,"d3cc53709c12b63755a2e40bba47f448","Blackjack VIP D","evolution","CasinoLive","https://images.rajabet.fun/casino/ciptahubimg/200174.evo_liveblackjackvipd.webp",NULL,True,"2026-09-11 16:56:00.492+05:30","2026-09-12 19:35:57.441642+05:30"
470,"201a27d2b833951f5d982dc5c313fe74","Blackjack VIP F","evolution","CasinoLive","https://images.rajabet.fun/casino/ciptahubimg/200236.evo_blackjackvipf.webp",NULL,True,"2026-09-11 16:56:00.492+05:30","2026-09-12 19:35:57.441642+05:30"
471,"68c5eb853ecdfee94cd5a22f3210aacf","Blackjack VIP C","evolution","CasinoLive","https://images.rajabet.fun/casino/ciptahubimg/200173.evo_liveblackjackvipc.webp",NULL,True,"2026-09-11 16:56:00.492+05:30","2026-09-12 19:35:57.441642+05:30"
472,"cd2394d2d8ef2160c8b4826233f7b2fb","Blackjack Silver F","evolution","CasinoLive","https://images.rajabet.fun/casino/ciptahubimg/200169.evo_liveblackjacksilver6.webp",NULL,True,"2026-09-11 16:56:00.492+05:30","2026-09-12 19:35:57.441642+05:30"
474,"446551dd9ae32002824b065e57686463","Blackjack VIP B","evolution","CasinoLive","https://images.rajabet.fun/casino/ciptahubimg/200172.evo_liveblackjackvipb.webp",NULL,True,"2026-09-11 16:56:00.492+05:30","2026-09-12 19:35:57.441642+05:30"
476,"555681ca33cd74847afbab62a9c446a3","Blackjack VIP A","evolution","CasinoLive","https://images.rajabet.fun/casino/ciptahubimg/200171.evo_liveblackjackvipa.webp",NULL,True,"2026-09-11 16:56:00.492+05:30","2026-09-12 19:35:57.441642+05:30"
496,"b796189e77ae8a84f4b2e65a6bbe1a15","Speed Blackjack D","evolution","CasinoLive","https://images.rajabet.fun/casino/ciptahubimg/200228.evo_speedblackjackd.webp",NULL,True,"2026-09-11 16:56:00.492+05:30","2026-09-12 19:35:57.441642+05:30"
499,"d609730e8da3693bd8ac428926747390","Blackjack Party","evolution","CasinoLive","https://images.rajabet.fun/casino/ciptahubimg/200161.evo_liveblackjackparty.webp",NULL,True,"2026-09-11 16:56:00.492+05:30","2026-09-12 19:35:57.441642+05:30"
504,"1d1c0d3ec98deb128bdd5acdef0f157e","Power Blackjack","evolution","CasinoLive","https://images.rajabet.fun/casino/ciptahubimg/200242.evo_powerblackjack.webp",NULL,True,"2026-09-11 16:56:00.492+05:30","2026-09-12 19:35:57.441642+05:30"
514,"e787504951d5137db06246b0d5ec1f89","Baccarat Control Squeeze","evolution","CasinoLive","https://images.rajabet.fun/casino/ciptahubimg/200155.evo_livebaccaratcontrolsqueeze.webp",NULL,True,"2026-09-11 16:56:00.886+05:30","2026-09-12 19:35:57.441642+05:30"
515,"17440e0b64775115bb5ae6554a2973a9","No Commission Baccarat","evolution","CasinoLive","https://images.rajabet.fun/casino/ciptahubimg/200150.evo_nocommissionbaccarat.webp",NULL,True,"2026-09-11 16:56:00.492+05:30","2026-09-12 19:35:57.441642+05:30"
519,"21cf3fdf28915845ff76f963695bb8e3","Baccarat C","evolution","CasinoLive","https://images.rajabet.fun/casino/ciptahubimg/200153.evo_livebaccaratc.webp",NULL,True,"2026-09-11 16:56:00.492+05:30","2026-09-12 19:35:57.441642+05:30"
520,"0ea8519b837ebd62f5a8978acca33e1d","Baccarat B","evolution","CasinoLive","https://images.rajabet.fun/casino/ciptahubimg/200152.evo_livebaccaratb.webp",NULL,True,"2026-09-11 16:56:00.835+05:30","2026-09-12 19:35:57.441642+05:30"
521,"3ae1a406c3f243f1559759f041cd1dcd","Speed Baccarat 2","evolution","CasinoLive","https://images.rajabet.fun/casino/ciptahubimg/210014.evo_speedbaccarat2.webp",NULL,True,"2026-09-11 16:56:00.492+05:30","2026-09-12 19:35:57.441642+05:30"
522,"1d955d48d50aef2e9546466d9d859be1","Baccarat A","evolution","CasinoLive","https://images.rajabet.fun/casino/ciptahubimg/200151.evo_livebaccarata.webp",NULL,True,"2026-09-11 16:56:00.835+05:30","2026-09-12 19:35:57.441642+05:30"
523,"d607a58df6bb6a5e4d356ee13c241126","Speed Baccarat 1","evolution","CasinoLive","https://images.rajabet.fun/casino/ciptahubimg/210013.evo_speedbaccarat1.webp",NULL,True,"2026-09-11 16:56:00.492+05:30","2026-09-12 19:35:57.441642+05:30"
524,"52a7b9d8c127b8b33f5c8d682ed40371","Speed Baccarat Z","evolution","CasinoLive","https://images.rajabet.fun/casino/ciptahubimg/210021.evo_speed_baccarat_z.webp",NULL,True,"2026-09-11 16:56:00.886+05:30","2026-09-12 19:35:57.441642+05:30"
525,"128268adb0c5c9cd62746a0a8105dc21","Speed Baccarat X","evolution","CasinoLive","https://images.rajabet.fun/casino/ciptahubimg/201436.evo_speedbaccaratx.webp",NULL,True,"2026-09-11 16:56:00.492+05:30","2026-09-12 19:35:57.441642+05:30"
526,"239ca8da8e291b7d9e377adfcf4745dc","Speed Baccarat W","evolution","CasinoLive","https://images.rajabet.fun/casino/ciptahubimg/201435.evo_speedbaccaratw.webp",NULL,True,"2026-09-11 16:56:00.886+05:30","2026-09-12 19:35:57.441642+05:30"
527,"ce7558886d46f01a02aade95a5127b43","Speed Baccarat V","evolution","CasinoLive","https://images.rajabet.fun/casino/ciptahubimg/201434.evo_speedbaccaratv.webp",NULL,True,"2026-09-11 16:56:00.492+05:30","2026-09-12 19:35:57.441642+05:30"
528,"e0e8f76fa25eb2fcebf96e7b5f45e120","Speed Baccarat U","evolution","CasinoLive","https://images.rajabet.fun/casino/ciptahubimg/201433.evo_speedbaccaratu.webp",NULL,True,"2026-09-11 16:56:00.886+05:30","2026-09-12 19:35:57.441642+05:30"
529,"44eca39b0a839bf2af75db7a5ecb3450","Speed Baccarat R","evolution","CasinoLive","https://images.rajabet.fun/casino/ciptahubimg/201395.evo_speedbaccaratr.webp",NULL,True,"2026-09-11 16:56:00.492+05:30","2026-09-12 19:35:57.441642+05:30"
530,"85e9ebaaec03ab8d1e579cf2d28a898e","Speed Baccarat Q","evolution","CasinoLive","https://images.rajabet.fun/casino/ciptahubimg/200274.evo_speedbaccaratq.webp",NULL,True,"2026-09-11 16:56:00.886+05:30","2026-09-12 19:35:57.441642+05:30"
531,"60c61989f6a8ff1a33b14c98abe83e62","Speed Baccarat T","evolution","CasinoLive","https://images.rajabet.fun/casino/ciptahubimg/201432.evo_speedbaccaratt.webp",NULL,True,"2026-09-11 16:56:00.492+05:30","2026-09-12 19:35:57.441642+05:30"
532,"3c4df047efd6126b12f351ad40123e40","Speed Baccarat S","evolution","CasinoLive","https://images.rajabet.fun/casino/ciptahubimg/201396.evo_speedbaccarats.webp",NULL,True,"2026-09-11 16:56:00.492+05:30","2026-09-12 19:35:57.441642+05:30"
533,"cb6e4ad80df2c456cc69d7d43400ef2a","Speed Baccarat P","evolution","CasinoLive","https://images.rajabet.fun/casino/ciptahubimg/200264.evo_speedbaccaratp.webp",NULL,True,"2026-09-11 16:56:00.886+05:30","2026-09-12 19:35:57.441642+05:30"
534,"47a936ba7665516ecf132a2b8898b2eb","Speed Baccarat M","evolution","CasinoLive","https://images.rajabet.fun/casino/ciptahubimg/200261.evo_speedbaccaratm.webp",NULL,True,"2026-09-11 16:56:00.492+05:30","2026-09-12 19:35:57.441642+05:30"
535,"964e7d090167c429e1b6c15a97210e22","Speed Baccarat O","evolution","CasinoLive","https://images.rajabet.fun/casino/ciptahubimg/200263.evo_speedbaccarato.webp",NULL,True,"2026-09-11 16:56:00.886+05:30","2026-09-12 19:35:57.441642+05:30"
536,"374b0298147823425fb0d41a6fae25ba","Speed Baccarat N","evolution","CasinoLive","https://images.rajabet.fun/casino/ciptahubimg/200262.evo_speedbaccaratn.webp",NULL,True,"2026-09-11 16:56:00.492+05:30","2026-09-12 19:35:57.441642+05:30"
537,"5c58dcfb54df086d00b8725a10761e03","Speed Baccarat L","evolution","CasinoLive","https://images.rajabet.fun/casino/ciptahubimg/200260.evo_speedbaccaratl.webp",NULL,True,"2026-09-11 16:56:00.886+05:30","2026-09-12 19:35:57.441642+05:30"
538,"04bbac98e29afadca20019f21b2c21d2","Speed Baccarat K","evolution","CasinoLive","https://images.rajabet.fun/casino/ciptahubimg/200250.evo_speedbaccaratk.webp",NULL,True,"2026-09-11 16:56:00.492+05:30","2026-09-12 19:35:57.441642+05:30"
539,"fbd7f3f9692774963341d7758aa0f439","Speed Baccarat J","evolution","CasinoLive","https://images.rajabet.fun/casino/ciptahubimg/200235.evo_speedbaccaratj.webp",NULL,True,"2026-09-11 16:56:00.886+05:30","2026-09-12 19:35:57.441642+05:30"
540,"306416e24dc7aa7400ae46d151c3526e","Speed Baccarat I","evolution","CasinoLive","https://images.rajabet.fun/casino/ciptahubimg/200148.evo_livespeedbaccarati.webp",NULL,True,"2026-09-11 16:56:00.492+05:30","2026-09-12 19:35:57.441642+05:30"
541,"08e3fac9968542e243e1b320c033b8d7","Speed Baccarat H","evolution","CasinoLive","https://images.rajabet.fun/casino/ciptahubimg/200147.evo_livespeedbaccarath.webp",NULL,True,"2026-09-11 16:56:00.886+05:30","2026-09-12 19:35:57.441642+05:30"
542,"0f318059268a7522710dfa4b867005e9","Speed Baccarat G","evolution","CasinoLive","https://images.rajabet.fun/casino/ciptahubimg/200146.evo_livespeedbaccaratg.webp",NULL,True,"2026-09-11 16:56:00.492+05:30","2026-09-12 19:35:57.441642+05:30"
543,"441f7d75f645a3ba8c6ca6ac97766e27","Speed Baccarat D","evolution","CasinoLive","https://images.rajabet.fun/casino/ciptahubimg/200143.evo_livespeedbaccaratd.webp",NULL,True,"2026-09-11 16:56:00.886+05:30","2026-09-12 19:35:57.441642+05:30"
544,"78a8f259b57a85b7c01f9a1c5c667898","Speed Baccarat C","evolution","CasinoLive","https://images.rajabet.fun/casino/ciptahubimg/240209.evo_speed_baccarat_c.webp",NULL,True,"2026-09-11 16:56:00.492+05:30","2026-09-12 19:35:57.441642+05:30"
545,"d3c71b0de6799ca7419d1e7834a05a47","Speed Baccarat B","evolution","CasinoLive","https://images.rajabet.fun/casino/ciptahubimg/200141.evo_livespeedbaccaratb.webp",NULL,True,"2026-09-11 16:56:00.886+05:30","2026-09-12 19:35:57.441642+05:30"
546,"ca432917c1beafa247d346bdc7c178a7","Speed Baccarat A","evolution","CasinoLive","https://images.rajabet.fun/casino/ciptahubimg/200140.evo_livespeedbaccarata.webp",NULL,True,"2026-09-11 16:56:00.492+05:30","2026-09-12 19:35:57.441642+05:30"
547,"b565bd61b2dd5216d910bd07feb5994e","Speed Baccarat E","evolution","CasinoLive","https://images.rajabet.fun/casino/ciptahubimg/200144.evo_livespeedbaccarate.webp",NULL,True,"2026-09-11 16:56:00.492+05:30","2026-09-12 19:35:57.441642+05:30"
548,"c367b8269a44719f19d7264b37d4582b","Peek Baccarat","evolution","CasinoLive","https://images.rajabet.fun/casino/ciptahubimg/201415.evo_peekbaccarat.webp",NULL,True,"2026-09-11 16:56:00.492+05:30","2026-09-12 19:35:57.441642+05:30"
549,"0f78172e62af19dcc9c75077ea0d0cd0","Lightning Baccarat","evolution","CasinoLive","https://images.rajabet.fun/casino/ciptahubimg/204034.evo_lightning_baccarat.webp",NULL,True,"2026-09-11 16:56:00.492+05:30","2026-09-12 19:35:57.441642+05:30"
550,"cfd22f775afcf9fb4d8e7cf12cbab45a","Hindi Speed Baccarat","evolution","CasinoLive","https://images.rajabet.fun/casino/ciptahubimg/204069.evo_hindi_speed_baccarat.webp",NULL,True,"2026-09-11 16:56:00.492+05:30","2026-09-12 19:35:57.441642+05:30"
552,"9b25f8d744859c6840d16ff6103dc5a6","Bac Bo","evolution","CasinoLive","https://images.rajabet.fun/casino/ciptahubimg/240327.evo_bac_bo.webp",NULL,True,"2026-09-11 16:56:00.492+05:30","2026-09-12 19:35:57.441642+05:30"
555,"1fd20a344c9f147cdef85bbaa7447dcd","Dragon Tiger","evolution","CasinoLive","https://images.rajabet.fun/casino/ciptahubimg/200139.evo_dragontiger.webp",NULL,True,"2026-09-11 16:56:00.835+05:30","2026-09-12 19:35:57.441642+05:30"
557,"8405541014f364b7dc59657aa6892446","Funky Time","evolution","CasinoLive","https://images.rajabet.fun/casino/ciptahubimg/210019.evo_funkytime.webp",NULL,True,"2026-09-11 16:56:00.492+05:30","2026-09-12 19:35:57.441642+05:30"
560,"a8d52f6fa06dafce786d70d190c25cbe","Gold Vault Roulette","evolution","CasinoLive","https://images.rajabet.fun/casino/ciptahubimg/210025.evo_gold_vault_roulette.webp",NULL,True,"2026-09-11 16:56:00.492+05:30","2026-09-12 19:35:57.441642+05:30"
562,"6ddd73419e9a49b6b942e29088219d64","Red Door Roulette","evolution","CasinoLive","https://images.rajabet.fun/casino/ciptahubimg/210048.evo_red_door_roulette.webp",NULL,True,"2026-09-11 16:56:00.492+05:30","2026-09-12 19:35:57.441642+05:30"
563,"4817595d88a1dd68f7e13581dd8dca1c","Hindi Lightning Roulette","evolution","CasinoLive","https://images.rajabet.fun/casino/ciptahubimg/204068.evo_hindi_lightning_roulette.webp",NULL,True,"2026-09-11 16:56:00.835+05:30","2026-09-12 19:35:57.441642+05:30"
568,"8245d5d9440024927f18c1cd9f75f285","Bac Bo Ao Vivo","evolution","CasinoLive","https://images.rajabet.fun/casino/ciptahubimg/242547.evo_bac_bo_ao_vivo.webp",NULL,True,"2026-09-11 16:56:00.886+05:30","2026-09-12 19:35:57.441642+05:30"
591,"30faa46ba41ab76519816ca827d19320","Speed Baccarat 5","evolution","CasinoLive","https://images.rajabet.fun/casino/ciptahubimg/230162.evo_speed_baccarat_5.webp",NULL,True,"2026-09-11 16:56:00.492+05:30","2026-09-12 19:35:57.441642+05:30"
592,"898ec009cf2e34a256e6340238c8d95c","Speed Baccarat 12","evolution","CasinoLive","https://images.rajabet.fun/casino/ciptahubimg/230161.evo_speed_baccarat_12.webp",NULL,True,"2026-09-11 16:56:00.886+05:30","2026-09-12 19:35:57.441642+05:30"
594,"911a32ad38d77f86baf29a2cdb95da05","Crazy Pachinko","evolution","CasinoLive","https://images.rajabet.fun/casino/ciptahubimg/210053.evo_crazy_pachinko.webp",NULL,True,"2026-09-11 16:56:00.492+05:30","2026-09-12 19:35:57.441642+05:30"
605,"d8da3c5c99a593a44c97325e7ba83838","Lightning Dragon Tiger","evolution","CasinoLive","https://images.rajabet.fun/casino/ciptahubimg/230030.evo_lightning_dragon_tiger.webp",NULL,True,"2026-09-11 16:56:00.835+05:30","2026-09-12 19:35:57.441642+05:30"
688,"89a12f80c6dc0aa7651400364e8f5e80","Sweet Bonanza Candyland","pragmaticlive","CasinoLive","https://images.rajabet.fun/casino/ciptahubimg/240388.ppl_sweet_bonanza_candy_land.webp",NULL,True,"2026-09-11 16:56:00.743+05:30","2026-09-12 19:35:57.441642+05:30"
740,"4165dec80667c631a66941c68a5bee96","EZ Dealer Roleta Brazileira","ezugi","CasinoLive","https://images.rajabet.fun/casino/ciptahubimg/100092.ezg_roleta_brazileira.webp",NULL,True,"2026-09-11 16:56:00.538+05:30","2026-09-12 19:35:57.441642+05:30"
742,"eacbc601b30b2992db7c3eda2a777fe6","Roleta da sorte","ezugi","CasinoLive","https://images.rajabet.fun/casino/ciptahubimg/100089.ezg_roleta_da_sorte.webp",NULL,True,"2026-09-11 16:56:00.835+05:30","2026-09-12 19:35:57.441642+05:30"
743,"f84c5ce9ae53fac2e7afa9f8157e453c","Dragon Tiger da Sorte","ezugi","CasinoLive","https://images.rajabet.fun/casino/ciptahubimg/100098.ezg_dragong_tiger_da_sorte.webp",NULL,True,"2026-09-11 16:56:00.538+05:30","2026-09-12 19:35:57.441642+05:30"
745,"4f22281594a261d99c1b1222bc2d3a8a","Blackjack da Sorte","ezugi","CasinoLive","https://images.rajabet.fun/casino/ciptahubimg/100083.ezg_blackjack_da_sorte.webp",NULL,True,"2026-09-11 16:56:00.835+05:30","2026-09-12 19:35:57.441642+05:30"
750,"db62931938bcaf0b327b11304a406b16","EZ Dealer Roulette Mandarin","ezugi","CasinoLive","https://images.rajabet.fun/casino/ciptahubimg/100079.ezg_ez_dealer_roulette_mandarin.webp",NULL,True,"2026-09-11 16:56:00.538+05:30","2026-09-12 19:35:57.441642+05:30"
751,"4a963476f45508711a7147ba888600ad","EZ Dealer Roulette Japanese","ezugi","CasinoLive","https://images.rajabet.fun/casino/ciptahubimg/100078.ezg_ez_dealer_roulette_japanese.webp",NULL,True,"2026-09-11 16:56:00.538+05:30","2026-09-12 19:35:57.441642+05:30"
752,"fb53959d1f55434d555ee50e0fc764b8","EZ Roulette","ezugi","CasinoLive","https://images.rajabet.fun/casino/ciptahubimg/100076.ezg_ez_roulette.webp",NULL,True,"2026-09-11 16:56:00.538+05:30","2026-09-12 19:35:57.441642+05:30"
754,"4589bec2f464797bb0752d2eb283babd","Ruleta del Sol","ezugi","CasinoLive","https://images.rajabet.fun/casino/ciptahubimg/100044.ezg_ruletaclasicaperu.webp",NULL,True,"2026-09-11 16:56:00.538+05:30","2026-09-12 19:35:57.441642+05:30"
758,"75f81c56555d394503f544f3431ef370","Ultimate Andar Bahar","ezugi","CasinoLive","https://images.rajabet.fun/casino/ciptahubimg/100075.ezg_ultimate_andar_bahar.webp",NULL,True,"2026-09-11 16:56:00.538+05:30","2026-09-12 19:35:57.441642+05:30"
760,"b1ffb1afd5b76785bd4ee21e31400849","Namaste Roulette","ezugi","CasinoLive","https://images.rajabet.fun/casino/ciptahubimg/100029.ezg_namasteroulette.webp",NULL,True,"2026-09-11 16:56:00.538+05:30","2026-09-12 19:35:57.441642+05:30"
761,"efaed662fbebbb84e056c09580ae1aa4","Prestige Auto Roulette","ezugi","CasinoLive","https://images.rajabet.fun/casino/ciptahubimg/100036.ezg_prestigeautoroulette.webp",NULL,True,"2026-09-11 16:56:00.538+05:30","2026-09-12 19:35:57.441642+05:30"
762,"a40c7e3222a17717bcc1d2e4f5d6eae8","Diamond Roulette","ezugi","CasinoLive","https://images.rajabet.fun/casino/ciptahubimg/100028.ezg_diamondroulette.webp",NULL,True,"2026-09-11 16:56:00.538+05:30","2026-09-12 19:35:57.441642+05:30"
763,"f4299915859041e94b641a558a1ca9df","Speed Auto Roulette","ezugi","CasinoLive","https://images.rajabet.fun/casino/ciptahubimg/100035.ezg_speedautoroulette.webp",NULL,True,"2026-09-11 16:56:00.538+05:30","2026-09-12 19:35:57.441642+05:30"
764,"b5c8e49fdd80b57de6da0e234b1bd683","Speed Roulette","ezugi","CasinoLive","https://images.rajabet.fun/casino/ciptahubimg/100027.ezg_speedroulette.webp",NULL,True,"2026-09-11 16:56:00.538+05:30","2026-09-12 19:35:57.441642+05:30"
777,"1c77a06449c384b97f6239572ef87be3","Rumba Blackjack 4","ezugi","CasinoLive","https://images.rajabet.fun/casino/ciptahubimg/100105.ezg_rumbablackjack4.webp",NULL,True,"2026-09-11 16:56:00.538+05:30","2026-09-12 19:35:57.441642+05:30"
778,"e6a2e3cc081f28298164d9197c38ec7c","Rumba Blackjack 3","ezugi","CasinoLive","https://images.rajabet.fun/casino/ciptahubimg/100102.ezg_rumbablackjack3.webp",NULL,True,"2026-09-11 16:56:00.538+05:30","2026-09-12 19:35:57.441642+05:30"
779,"22c57f788355265137a61874d0b53bb9","Rumba Blackjack 2","ezugi","CasinoLive","https://images.rajabet.fun/casino/ciptahubimg/100013.ezg_rumbablackjack2.webp",NULL,True,"2026-09-11 16:56:00.538+05:30","2026-09-12 19:35:57.441642+05:30"
780,"8ef17e9b4c5c67b7f43f4bced3c31a27","Rumba Blackjack 1","ezugi","CasinoLive","https://images.rajabet.fun/casino/ciptahubimg/100106.ezg_rumbablackjack1.webp",NULL,True,"2026-09-11 16:56:00.538+05:30","2026-09-12 19:35:57.441642+05:30"
791,"a4f20ded65fffacd9001782619a90cce","Speed Fortune Baccarat","ezugi","CasinoLive","https://images.rajabet.fun/casino/ciptahubimg/100070.ezg_speed_fortune_baccarat.webp",NULL,True,"2026-09-11 16:56:00.835+05:30","2026-09-12 19:35:57.441642+05:30"
792,"04f266b7a2e9e68865d52fb7f2ac5e8a","Fortune Baccarat","ezugi","CasinoLive","https://images.rajabet.fun/casino/ciptahubimg/100069.ezg_fortune_baccarat.webp",NULL,True,"2026-09-11 16:56:00.538+05:30","2026-09-12 19:35:57.441642+05:30"
797,"18cf7864fee424c7471bb7996aa4d37a","Unlimited Blackjack","ezugi","CasinoLive","https://images.rajabet.fun/casino/ciptahubimg/100022.ezg_unlimitedblackjack.webp",NULL,True,"2026-09-11 16:56:00.538+05:30","2026-09-12 19:35:57.441642+05:30"
798,"5cd59a9381764a84f5792d237469903a","Ultimate Sic Bo","ezugi","CasinoLive","https://images.rajabet.fun/casino/ciptahubimg/100074.ezg_ultimate_sic_bo.webp",NULL,True,"2026-09-11 16:56:00.538+05:30","2026-09-12 19:35:57.441642+05:30"
799,"101e3c281b35485001bec47561a0a03e","Sic Bo","ezugi","CasinoLive","https://images.rajabet.fun/casino/ciptahubimg/100068.ezg_sicbo.webp",NULL,True,"2026-09-11 16:56:00.538+05:30","2026-09-12 19:35:57.441642+05:30"
801,"2e31c310ad2491d3c6021f6063dc9b74","Italian Roulette","ezugi","CasinoLive","https://images.rajabet.fun/casino/ciptahubimg/100026.ezg_italianroulette.webp",NULL,True,"2026-09-11 16:56:00.538+05:30","2026-09-12 19:35:57.441642+05:30"
802,"a987ab0cda923c2f8e6fbc5292d7a062","EZ Dealer Roulette Thai","ezugi","CasinoLive","https://images.rajabet.fun/casino/ciptahubimg/100077.ezg_ez_dealer_roulette_thai.webp",NULL,True,"2026-09-11 16:56:00.538+05:30","2026-09-12 19:35:57.441642+05:30"
808,"c88c40ec4fc544518d938315e2d1b2a3","Lucky 7","ezugi","CasinoLive","https://images.rajabet.fun/casino/ciptahubimg/100066.ezg_lucky7.webp",NULL,True,"2026-09-11 16:56:00.538+05:30","2026-09-12 19:35:57.441642+05:30"
809,"efdb52994fbfe97efcbd878dbd697ebb","Dragon Tiger","ezugi","CasinoLive","https://images.rajabet.fun/casino/ciptahubimg/100061.ezg_dragontiger.webp",NULL,True,"2026-09-11 16:56:00.538+05:30","2026-09-12 19:35:57.441642+05:30"
810,"93e289d1b18a9f82fb5d790f3c8e6735","Cricket War","ezugi","CasinoLive","https://images.rajabet.fun/casino/ciptahubimg/100062.ezg_cricketwar.webp",NULL,True,"2026-09-11 16:56:00.538+05:30","2026-09-12 19:35:57.441642+05:30"
811,"045e21f65e0e96eb502a4856ca9ababb","Casino Hold'em","ezugi","CasinoLive","https://images.rajabet.fun/casino/ciptahubimg/100045.ezg_casinoholdem.webp",NULL,True,"2026-09-11 16:56:00.538+05:30","2026-09-12 19:35:57.441642+05:30"
812,"9f944a6cb336df7664f81e3ff6aba50e","Salon Prive Blackjack","ezugi","CasinoLive","https://images.rajabet.fun/casino/ciptahubimg/100073.ezg_salon_prive_blackjack.webp",NULL,True,"2026-09-11 16:56:00.886+05:30","2026-09-12 19:35:57.441642+05:30"
814,"e1b5650cd867be7719c15e7596aa7217","Bet on Teen Patti","ezugi","CasinoLive","https://images.rajabet.fun/casino/ciptahubimg/100047.ezg_betonteenpatti.webp",NULL,True,"2026-09-11 16:56:00.538+05:30","2026-09-12 19:35:57.441642+05:30"
818,"add11b218177a9898c594233148ca740","Baccarat","ezugi","CasinoLive","https://images.rajabet.fun/casino/ciptahubimg/100049.ezg_baccarat.webp",NULL,True,"2026-09-11 16:56:00.538+05:30","2026-09-12 19:35:57.441642+05:30"
820,"435b892a73bf466e0ad584d480e12143","Andar Bahar","ezugi","CasinoLive","https://images.rajabet.fun/casino/ciptahubimg/100063.ezg_andarbahar.webp",NULL,True,"2026-09-11 16:56:00.538+05:30","2026-09-12 19:35:57.441642+05:30"
892,"4ae52ed2e1a8c353878ba65ed7791ac4","Gates of Olympus 1000","pragmatic","Slot Game","https://images.rajabet.fun/casino/ciptahubimg/224136.pgp_gates_of_olympus_1000.webp",NULL,True,"2026-09-11 16:56:00.567+05:30","2026-09-12 19:35:57.441642+05:30"
895,"df0492724f0fc4ae4ec183d0c0176d46","Zeus vs Hades - Gods of War","pragmatic","Slot Game","https://images.rajabet.fun/casino/ciptahubimg/224076.pgp_zeus_vs_hades__gods_of_war.webp",NULL,True,"2026-09-11 16:56:00.567+05:30","2026-09-12 19:35:57.441642+05:30"
909,"f1f14da82af4fa8bd821dd830a9edc12","Aztec Blaze","pragmatic","Slot Game","https://images.rajabet.fun/casino/ciptahubimg/224023.pgp_aztec_blaze.webp",NULL,True,"2026-09-11 16:56:00.567+05:30","2026-09-12 19:35:57.441642+05:30"
936,"a1dfe25af8aa67b40e3f5c2b090a7f66","Big Bass Splash","pragmatic","Slot Game","https://images.rajabet.fun/casino/ciptahubimg/242858.pgp_bigbasssplash.webp",NULL,True,"2026-09-11 16:56:00.886+05:30","2026-09-12 19:35:57.441642+05:30"
951,"f0f54e0bbb300845990c0586fabd9bed","Wild West Gold Megaways","pragmatic","Slot Game","https://images.rajabet.fun/casino/ciptahubimg/242854.pgp_wildwestgoldmegaways.webp",NULL,True,"2026-09-11 16:56:00.567+05:30","2026-09-12 19:35:57.441642+05:30"
953,"d0ef313796cb3e2da7844984cd95b726","Barn Festival","pragmatic","Slot Game","https://images.rajabet.fun/casino/ciptahubimg/242831.pgp_barnfestival.webp",NULL,True,"2026-09-11 16:56:00.567+05:30","2026-09-12 19:35:57.441642+05:30"
966,"fb6886b6f0ee1379fcadbdda398d3dc7","Gold Party","pragmatic","Slot Game","https://images.rajabet.fun/casino/ciptahubimg/242778.pgp_goldparty.webp",NULL,True,"2026-09-11 16:56:00.567+05:30","2026-09-12 19:35:57.441642+05:30"
987,"533b95b0d17cda431521139970d39073","Bigger Bass Bonanza","pragmatic","Slot Game","https://images.rajabet.fun/casino/ciptahubimg/242736.pgp_biggerbassbonanza.webp",NULL,True,"2026-09-11 16:56:00.567+05:30","2026-09-12 19:35:57.441642+05:30"
992,"85c42fe280b53f00702b07b3335356b4","Chicken Drop","pragmatic","Slot Game","https://images.rajabet.fun/casino/ciptahubimg/200494.pgp_chickendrop.webp",NULL,True,"2026-09-11 16:56:00.886+05:30","2026-09-12 19:35:57.441642+05:30"
998,"b066c2bdef0f2d541a2317ed5fdac3b4","5 Lions Megaways","pragmatic","Slot Game","https://images.rajabet.fun/casino/ciptahubimg/200491.pgp_5lionsmegaways.webp",NULL,True,"2026-09-11 16:56:00.886+05:30","2026-09-12 19:35:57.441642+05:30"
1003,"0ea5af839234de02f6ddcf4c51f31f59","Buffalo King Megaways","pragmatic","Slot Game","https://images.rajabet.fun/casino/ciptahubimg/200483.pgp_buffalokingmegaways.webp",NULL,True,"2026-09-11 16:56:00.567+05:30","2026-09-12 19:35:57.441642+05:30"
1004,"57217d124ca0f93d331ed5e0691deb3b","Hot Fiesta","pragmatic","Slot Game","https://images.rajabet.fun/casino/ciptahubimg/200481.pgp_hotfiesta.webp",NULL,True,"2026-09-11 16:56:00.886+05:30","2026-09-12 19:35:57.441642+05:30"
1010,"9afa884f169dfd11a5cd39da32bd4df1","Gates of Olympus","pragmatic","Slot Game","https://images.rajabet.fun/casino/ciptahubimg/203665.pgp_gates_of_olympus.webp",NULL,True,"2026-09-11 16:56:00.567+05:30","2026-09-12 19:35:57.441642+05:30"
1016,"63c8f96398e1f798e40d44e44282b0fc","Madame Destiny Megaways","pragmatic","Slot Game","https://images.rajabet.fun/casino/ciptahubimg/200463.pgp_madamedestinymegaways.webp",NULL,True,"2026-09-11 16:56:00.567+05:30","2026-09-12 19:35:57.441642+05:30"
1031,"27cdc3e5e12964d38df093e9c65569eb","Gems Bonanza","pragmatic","Slot Game","https://images.rajabet.fun/casino/ciptahubimg/200447.pgp_gemsbonanza.webp",NULL,True,"2026-09-11 16:56:00.567+05:30","2026-09-12 19:35:57.441642+05:30"
1033,"c0f716eee2bc4cd2d0b796d281514988","5 Lions Dance","pragmatic","Slot Game","https://images.rajabet.fun/casino/ciptahubimg/200444.pgp_5lionsdance.webp",NULL,True,"2026-09-11 16:56:00.567+05:30","2026-09-12 19:35:57.441642+05:30"
1040,"4e88eb8562a4a9fff6d8673b61153a8d","Aztec Gems Deluxe","pragmatic","Slot Game","https://images.rajabet.fun/casino/ciptahubimg/200440.pgp_aztecgemsdeluxe.webp",NULL,True,"2026-09-11 16:56:00.567+05:30","2026-09-12 19:35:57.441642+05:30"
1041,"553b3622cad4fa40e351055005915a98","The Dog House Megaways","pragmatic","Slot Game","https://images.rajabet.fun/casino/ciptahubimg/200439.pgp_thedoghousemegaways.webp",NULL,True,"2026-09-11 16:56:00.567+05:30","2026-09-12 19:35:57.441642+05:30"
1047,"05a9876c537ff79898d661c5c01c5f9d","Fruit Party","pragmatic","Slot Game","https://images.rajabet.fun/casino/ciptahubimg/200430.pgp_fruitparty.webp",NULL,True,"2026-09-11 16:56:00.567+05:30","2026-09-12 19:35:57.441642+05:30"
1053,"16ed3068536a6bdae156e3d98bb9a365","Wild West Gold","pragmatic","Slot Game","https://images.rajabet.fun/casino/ciptahubimg/200423.pgp_wildwestgold.webp",NULL,True,"2026-09-11 16:56:00.567+05:30","2026-09-12 19:35:57.441642+05:30"
1056,"e6eaed7085796b0c706cbde5221d05cf","Aztec Bonanza","pragmatic","Slot Game","https://images.rajabet.fun/casino/ciptahubimg/200419.pgp_aztecbonanza.webp",NULL,True,"2026-09-11 16:56:00.567+05:30","2026-09-12 19:35:57.441642+05:30"
1064,"da84df20357e880c2fd6058165534cf8","Aladdin and the Sorcerer","pragmatic","Slot Game","https://images.rajabet.fun/casino/ciptahubimg/200414.pgp_aladdinandthesorcerer.webp",NULL,True,"2026-09-11 16:56:00.567+05:30","2026-09-12 19:35:57.441642+05:30"
1066,"be44f1e2c7d4dd7ba95f39abcef2cb62","Sweet Bonanza Xmas","pragmatic","Slot Game","https://images.rajabet.fun/casino/ciptahubimg/203792.pgp_sweet_bonanza_xmas.webp",NULL,True,"2026-09-11 16:56:00.567+05:30","2026-09-12 19:35:57.441642+05:30"
1078,"ab1838c12ae2c6def3f898efb12a09cf","5 Lions Gold","pragmatic","Slot Game","https://images.rajabet.fun/casino/ciptahubimg/200305.pgp_5lionsgold.webp",NULL,True,"2026-09-11 16:56:00.567+05:30","2026-09-12 19:35:57.441642+05:30"
1080,"6dcaf78e4e23929cbe2deb3d1210928c","Sweet Bonanza","pragmatic","Slot Game","https://images.rajabet.fun/casino/ciptahubimg/203738.pgp_sweet_bonanza.webp",NULL,True,"2026-09-11 16:56:00.567+05:30","2026-09-12 19:35:57.441642+05:30"
1083,"c182b3e577b60ec8d4e411bcbca3f81d","The Dog House","pragmatic","Slot Game","https://images.rajabet.fun/casino/ciptahubimg/200337.pgp_thedoghouse.webp",NULL,True,"2026-09-11 16:56:00.567+05:30","2026-09-12 19:35:57.441642+05:30"
1092,"40047e7a073753a94889a242c911a695","Ancient Egypt Classic","pragmatic","Slot Game","https://images.rajabet.fun/casino/ciptahubimg/200374.pgp_ancientegyptclassic.webp",NULL,True,"2026-09-11 16:56:00.601+05:30","2026-09-12 19:35:57.441642+05:30"
1100,"8d843e1cee6faf50a2cc6261e1b3b9b6","Asgard","pragmatic","Slot Game","https://images.rajabet.fun/casino/ciptahubimg/200354.pgp_asgard.webp",NULL,True,"2026-09-11 16:56:00.601+05:30","2026-09-12 19:35:57.441642+05:30"
1101,"074d93f1cdf8aa749052140efa04d8c0","5 Lions","pragmatic","Slot Game","https://images.rajabet.fun/casino/ciptahubimg/200333.pgp_5lions.webp",NULL,True,"2026-09-11 16:56:00.601+05:30","2026-09-12 19:35:57.441642+05:30"
1107,"05d693169ee6aeec45d6328c7fc57a43","Aztec Gems","pragmatic","Slot Game","https://images.rajabet.fun/casino/ciptahubimg/200304.pgp_aztecgems.webp",NULL,True,"2026-09-11 16:56:00.601+05:30","2026-09-12 19:35:57.441642+05:30"
1110,"ed25af2d1a4744a55e5087112bf23eec","Ancient Egypt","pragmatic","Slot Game","https://images.rajabet.fun/casino/ciptahubimg/200390.pgp_ancientegypt.webp",NULL,True,"2026-09-11 16:56:00.601+05:30","2026-09-12 19:35:57.441642+05:30"
1115,"5ec616ca8fcb4702d8cf8cbc7b9acf16","7 Piggies","pragmatic","Slot Game","https://images.rajabet.fun/casino/ciptahubimg/200364.pgp_7piggies.webp",NULL,True,"2026-09-11 16:56:00.601+05:30","2026-09-12 19:35:57.441642+05:30"
1116,"50fb95404b19b978a8983f2ff6eafc6d","888 Dragons","pragmatic","Classic Games","https://images.rajabet.fun/casino/ciptahubimg/200306.pgp_888dragons.webp",NULL,True,"2026-09-11 16:56:00.601+05:30","2026-09-12 19:35:57.441642+05:30"
1127,"ff7e7b722b146607e4d2f71d6a1a62ac","888 Gold","pragmatic","Slot Game","https://images.rajabet.fun/casino/ciptahubimg/200344.pgp_888gold.webp",NULL,True,"2026-09-11 16:56:00.601+05:30","2026-09-12 19:35:57.441642+05:30"
1957,"24da72b49b0dd0e5cbef9579d09d8981","Chin Shi Huang","jili","Slot Game","https://images.rajabet.fun/casino/ciptahubimg/600020.jili_chin_shi_huang.webp",NULL,True,"2026-09-11 16:56:00.79+05:30","2026-09-12 19:35:57.441642+05:30"
1958,"21ef8a7ddd39836979170a2e7584e333","God Of Martial","jili","Slot Game","https://images.rajabet.fun/casino/ciptahubimg/600027.jili_god_of_martial.webp",NULL,True,"2026-09-11 16:56:00.79+05:30","2026-09-12 19:35:57.441642+05:30"
1959,"c845960c81d27d7880a636424e53964d","Hot Chilli","jili","Slot Game","https://images.rajabet.fun/casino/ciptahubimg/600019.jili_hot_chilli.webp",NULL,True,"2026-09-11 16:56:00.79+05:30","2026-09-12 19:35:57.441642+05:30"
1960,"6a7e156ceec5c581cd6b9251854fe504","Fortune Tree","jili","Slot Game","https://images.rajabet.fun/casino/ciptahubimg/600022.jili_fortune_tree.webp",NULL,True,"2026-09-11 16:56:00.79+05:30","2026-09-12 19:35:57.441642+05:30"
1961,"4b1d7ffaf9f66e6152ea93a6d0e4215b","War Of Dragons","jili","Slot Game","https://images.rajabet.fun/casino/ciptahubimg/600021.jili_war_of_dragons.webp",NULL,True,"2026-09-11 16:56:00.79+05:30","2026-09-12 19:35:57.441642+05:30"
1962,"756cf3c73a323b4bfec8d14864e3fada","Gem Party","jili","Slot Game","https://images.rajabet.fun/casino/ciptahubimg/600018.jili_gem_party.webp",NULL,True,"2026-09-11 16:56:00.79+05:30","2026-09-12 19:35:57.441642+05:30"
1963,"893669898cd25d9da589a384f1d004df","Lucky Ball","jili","Slot Game","https://images.rajabet.fun/casino/ciptahubimg/600023.jili_lucky_ball.webp",NULL,True,"2026-09-11 16:56:00.79+05:30","2026-09-12 19:35:57.441642+05:30"
1964,"a47b17970036b37c1347484cf6956920","Hyper Burst","jili","Slot Game","https://images.rajabet.fun/casino/ciptahubimg/600024.jili_hyper_burst.webp",NULL,True,"2026-09-11 16:56:00.79+05:30","2026-09-12 19:35:57.441642+05:30"
1965,"795d0cae623cbf34d7f1aa93bbcded28","Shanghai Beauty","jili","Slot Game","https://images.rajabet.fun/casino/ciptahubimg/600025.jili_shanghai_beauty.webp",NULL,True,"2026-09-11 16:56:00.886+05:30","2026-09-12 19:35:57.441642+05:30"
1966,"54c41adcf43fdb6d385e38bc09cd77ca","Fa Fa Fa","jili","Slot Game","https://images.rajabet.fun/casino/ciptahubimg/600026.jili_fa_fa_fa.webp",NULL,True,"2026-09-11 16:56:00.79+05:30","2026-09-12 19:35:57.441642+05:30"
1967,"2cc3b68cbcfacac2f7ef2fe19abc3c22","Candy Baby","jili","Slot Game","https://images.rajabet.fun/casino/ciptahubimg/600035.jili_candy_baby.webp",NULL,True,"2026-09-11 16:56:00.79+05:30","2026-09-12 19:35:57.441642+05:30"
1968,"6409b758471b6df30c6b137b49f4d92e","Hawaii Beauty","jili","Slot Game","https://images.rajabet.fun/casino/ciptahubimg/600117.jili_hawaii_beauty.webp",NULL,True,"2026-09-11 16:56:00.79+05:30","2026-09-12 19:35:57.441642+05:30"
1969,"61d46add6841aad4758288d68015eca6","SevenSevenSeven","jili","Slot Game","https://images.rajabet.fun/casino/ciptahubimg/600028.jili_sevensevenseven.webp",NULL,True,"2026-09-11 16:56:00.79+05:30","2026-09-12 19:35:57.441642+05:30"
1970,"a78d2ed972aab8ba06181cc43c54a425","Bubble Beauty","jili","Slot Game","https://images.rajabet.fun/casino/ciptahubimg/600030.jili_bubble_beauty.webp",NULL,True,"2026-09-11 16:56:00.79+05:30","2026-09-12 19:35:57.441642+05:30"
1971,"8488c76ee2afb8077fbd7eec62721215","FortunePig","jili","Slot Game","https://images.rajabet.fun/casino/ciptahubimg/600034.jili_fortunepig.webp",NULL,True,"2026-09-11 16:56:00.79+05:30","2026-09-12 19:35:57.441642+05:30"
1972,"8c62471fd4e28c084a61811a3958f7a1","Crazy777","jili","Slot Game","https://images.rajabet.fun/casino/ciptahubimg/600029.jili_crazy777.webp",NULL,True,"2026-09-11 16:56:00.79+05:30","2026-09-12 19:35:57.441642+05:30"
1973,"8c4ebb3dc5dcf7b7fe6a26d5aadd2c3d","Bao boon chin","jili","Slot Game","https://images.rajabet.fun/casino/ciptahubimg/600031.jili_bao_boon_chin.webp",NULL,True,"2026-09-11 16:56:00.79+05:30","2026-09-12 19:35:57.441642+05:30"
1974,"78e29705f7c6084114f46a0aeeea1372","Night City","jili","Slot Game","https://images.rajabet.fun/casino/ciptahubimg/600118.jili_night_city.webp",NULL,True,"2026-09-11 16:56:00.79+05:30","2026-09-12 19:35:57.441642+05:30"
1975,"09699fd0de13edbb6c4a194d7494640b","Fengshen","jili","Slot Game","https://images.rajabet.fun/casino/ciptahubimg/600036.jili_fengshen.webp",NULL,True,"2026-09-11 16:56:00.79+05:30","2026-09-12 19:35:57.441642+05:30"
1976,"a57a8d5176b54d4c825bd1eee8ab34df","Crazy FaFaFa","jili","Slot Game","https://images.rajabet.fun/casino/ciptahubimg/600032.jili_crazy_fafafa.webp",NULL,True,"2026-09-11 16:56:00.79+05:30","2026-09-12 19:35:57.441642+05:30"
1977,"5a962d0e31e0d4c0798db5f331327e4f","XiYangYang","jili","Slot Game","https://images.rajabet.fun/casino/ciptahubimg/600033.jili_xiyangyang.webp",NULL,True,"2026-09-11 16:56:00.79+05:30","2026-09-12 19:35:57.441642+05:30"
1978,"48d598e922e8c60643218ccda302af08","DiamondParty","jili","Slot Game","https://images.rajabet.fun/casino/ciptahubimg/600119.jili_diamondparty.webp",NULL,True,"2026-09-11 16:56:00.79+05:30","2026-09-12 19:35:57.441642+05:30"
1980,"c6955c14f6c28a6c2a0c28274fec7520","Dragon Treasure","jili","Slot Game","https://images.rajabet.fun/casino/ciptahubimg/600039.jili_dragon_treasure.webp",NULL,True,"2026-09-11 16:56:00.79+05:30","2026-09-12 19:35:57.441642+05:30"
1981,"984615c9385c42b3dad0db4a9ef89070","Charge Buffalo","jili","Slot Game","https://images.rajabet.fun/casino/ciptahubimg/600040.jili_charge_buffalo.webp",NULL,True,"2026-09-11 16:56:00.79+05:30","2026-09-12 19:35:57.441642+05:30"
1982,"d84ef530121953240116e3b2e93f6af4","Lucky Goldbricks","jili","Slot Game","https://images.rajabet.fun/casino/ciptahubimg/600038.jili_lucky_goldbricks.webp",NULL,True,"2026-09-11 16:56:00.79+05:30","2026-09-12 19:35:57.441642+05:30"
1983,"bdfb23c974a2517198c5443adeea77a8","Super Ace","jili","Slot Game","https://images.rajabet.fun/casino/ciptahubimg/600041.jili_super_ace.webp",NULL,True,"2026-09-11 16:56:00.79+05:30","2026-09-12 19:35:57.441642+05:30"
1984,"db249defce63610fccabfa829a405232","Money Coming","jili","Slot Game","https://images.rajabet.fun/casino/ciptahubimg/600044.jili_money_coming.webp",NULL,True,"2026-09-11 16:56:00.886+05:30","2026-09-12 19:35:57.441642+05:30"
1985,"8de99455c2f23f6827666fd798eb80ef","Golden Queen","jili","Slot Game","https://images.rajabet.fun/casino/ciptahubimg/600042.jili_golden_queen.webp",NULL,True,"2026-09-11 16:56:00.79+05:30","2026-09-12 19:35:57.441642+05:30"
1986,"4db0ec24ff55a685573c888efed47d7f","Jungle King","jili","Slot Game","https://images.rajabet.fun/casino/ciptahubimg/600045.jili_jungle_king.webp",NULL,True,"2026-09-11 16:56:00.79+05:30","2026-09-12 19:35:57.441642+05:30"
1987,"fd369a4a7486ff303beea267ec5c8eff","Monkey Party","jili","Slot Game","https://images.rajabet.fun/casino/ciptahubimg/600043.jili_monkey_party.webp",NULL,True,"2026-09-11 16:56:00.79+05:30","2026-09-12 19:35:57.441642+05:30"
1988,"981f5f9675002fbeaaf24c4128b938d7","Boxing King","jili","Slot Game","https://images.rajabet.fun/casino/ciptahubimg/600046.jili_boxing_king.webp",NULL,True,"2026-09-11 16:56:00.79+05:30","2026-09-12 19:35:57.441642+05:30"
1989,"1d1f267e3a078ade8e5ccd56582ac94f","Secret Treasure","jili","Slot Game","https://images.rajabet.fun/casino/ciptahubimg/600047.jili_secret_treasure.webp",NULL,True,"2026-09-11 16:56:00.79+05:30","2026-09-12 19:35:57.441642+05:30"
1990,"c7a69ab382bd1ff0e6eb65b90a793bdd","Pharaoh Treasure","jili","Slot Game","https://images.rajabet.fun/casino/ciptahubimg/600048.jili_pharaoh_treasure.webp",NULL,True,"2026-09-11 16:56:00.79+05:30","2026-09-12 19:35:57.441642+05:30"
1991,"ba858ec8e3b5e2b4da0d16b3a2330ca7","Lucky Coming","jili","Slot Game","https://images.rajabet.fun/casino/ciptahubimg/600049.jili_lucky_coming.webp",NULL,True,"2026-09-11 16:56:00.79+05:30","2026-09-12 19:35:57.441642+05:30"
1992,"b92f491a63ac84b106b056e9d46d35c5","Super Rich","jili","Slot Game","https://images.rajabet.fun/casino/ciptahubimg/600050.jili_super_rich.webp",NULL,True,"2026-09-11 16:56:00.79+05:30","2026-09-12 19:35:57.441642+05:30"
1993,"e5ff8e72418fcc608d72ea21cc65fb70","Roma X","jili","Slot Game","https://images.rajabet.fun/casino/ciptahubimg/600051.jili_romax.webp",NULL,True,"2026-09-11 16:56:00.79+05:30","2026-09-12 19:35:57.441642+05:30"
1994,"490096198e28f770a3f85adb6ee49e0f","Golden Empire","jili","Slot Game","https://images.rajabet.fun/casino/ciptahubimg/600052.jili_golden_empire.webp",NULL,True,"2026-09-11 16:56:00.79+05:30","2026-09-12 19:35:57.441642+05:30"
1995,"a990de177577a2e6a889aaac5f57b429","Fortune Gems","jili","Slot Game","https://images.rajabet.fun/casino/ciptahubimg/600053.jili_fortune_gems.webp",NULL,True,"2026-09-11 16:56:00.79+05:30","2026-09-12 19:35:57.441642+05:30"
1996,"69082f28fcd46cbfd10ce7a0051f24b6","Crazy Hunter","jili","Slot Game","https://images.rajabet.fun/casino/ciptahubimg/600057.jili_crazy_hunter.webp",NULL,True,"2026-09-11 16:56:00.79+05:30","2026-09-12 19:35:57.441642+05:30"
1997,"d505541d522aa5ca01fc5e97cfcf2116","Party Night","jili","Slot Game","https://images.rajabet.fun/casino/ciptahubimg/600058.jili_party_night.webp",NULL,True,"2026-09-11 16:56:00.79+05:30","2026-09-12 19:35:57.441642+05:30"
1998,"582a58791928760c28ec4cef3392a49f","Magic Lamp","jili","Slot Game","https://images.rajabet.fun/casino/ciptahubimg/600059.jili_magic_lamp.webp",NULL,True,"2026-09-11 16:56:00.79+05:30","2026-09-12 19:35:57.441642+05:30"
1999,"8a4b4929e796fda657a2d38264346509","Agent Ace","jili","Slot Game","https://images.rajabet.fun/casino/ciptahubimg/600060.jili_agent_ace.webp",NULL,True,"2026-09-11 16:56:00.79+05:30","2026-09-12 19:35:57.441642+05:30"
2000,"c74b3cbda5d16f77523e41c25104e602","TWIN WINS","jili","Slot Game","https://images.rajabet.fun/casino/ciptahubimg/600061.jili_twin_wins.webp",NULL,True,"2026-09-11 16:56:00.79+05:30","2026-09-12 19:35:57.441642+05:30"
2001,"cc686634b4f953754b306317799f1f39","Ali Baba","jili","Slot Game","https://images.rajabet.fun/casino/ciptahubimg/600062.jili_ali_baba.webp",NULL,True,"2026-09-11 16:56:00.886+05:30","2026-09-12 19:35:57.441642+05:30"
2002,"eba92b1d3abd5f0d37dfbe112abdf0e2","Mega Ace","jili","Slot Game","https://images.rajabet.fun/casino/ciptahubimg/600067.jili_mega_ace.webp",NULL,True,"2026-09-11 16:56:00.79+05:30","2026-09-12 19:35:57.441642+05:30"
2003,"2c17b7c4e2ce5b8bebf4bd10e3e958d7","Medusa","jili","Slot Game","https://images.rajabet.fun/casino/ciptahubimg/600068.jili_medusa.webp",NULL,True,"2026-09-11 16:56:00.79+05:30","2026-09-12 19:35:57.441642+05:30"
2004,"6b283c434fd44250d83b7c2420f164f9","Book of Gold","jili","Slot Game","https://images.rajabet.fun/casino/ciptahubimg/600069.jili_book_of_gold.webp",NULL,True,"2026-09-11 16:56:00.886+05:30","2026-09-12 19:35:57.441642+05:30"
2005,"7e6aa773fa802aaa9cb1f2fac464736e","Thor X","jili","Slot Game","https://images.rajabet.fun/casino/ciptahubimg/600070.jili_thor_x.webp",NULL,True,"2026-09-11 16:56:00.79+05:30","2026-09-12 19:35:57.441642+05:30"
2006,"1ed896aae4bdc78c984021307b1dd177","Happy Taxi","jili","Slot Game","https://images.rajabet.fun/casino/ciptahubimg/600071.jili_happy_taxi.webp",NULL,True,"2026-09-11 16:56:00.79+05:30","2026-09-12 19:35:57.441642+05:30"
2007,"2a5d731e0fd60f52873a24ece11f2c0b","Gold Rush","jili","Slot Game","https://images.rajabet.fun/casino/ciptahubimg/600072.jili_gold_rush.webp",NULL,True,"2026-09-11 16:56:00.79+05:30","2026-09-12 19:35:57.441642+05:30"
2008,"5c2383ef253f9c36dacec4b463d61622","Mayan Empire","jili","Slot Game","https://images.rajabet.fun/casino/ciptahubimg/600073.jili_mayan_empire.webp",NULL,True,"2026-09-11 16:56:00.79+05:30","2026-09-12 19:35:57.441642+05:30"
2009,"00d92d5cec10cf85623938222a6c2bb6","Crazy Pusher","jili","Slot Game","https://images.rajabet.fun/casino/ciptahubimg/600074.jili_crazy_pusher.webp",NULL,True,"2026-09-11 16:56:00.79+05:30","2026-09-12 19:35:57.441642+05:30"
2010,"aab3048abc6a88e0759679fbe26e6a8d","Bone Fortune","jili","Slot Game","https://images.rajabet.fun/casino/ciptahubimg/600075.jili_bone_fortune.webp",NULL,True,"2026-09-11 16:56:00.79+05:30","2026-09-12 19:35:57.441642+05:30"
2011,"11e330c2b23f106815f3b726d04e4316","JILI CAISHEN","jili","Slot Game","https://images.rajabet.fun/casino/ciptahubimg/600076.jili_jili_caishen.webp",NULL,True,"2026-09-11 16:56:00.79+05:30","2026-09-12 19:35:57.441642+05:30"
2012,"39775cdc4170e56c5f768bdee8b4fa00","Bonus Hunter","jili","Slot Game","https://images.rajabet.fun/casino/ciptahubimg/600077.jili_bonus_hunter.webp",NULL,True,"2026-09-11 16:56:00.79+05:30","2026-09-12 19:35:57.441642+05:30"
2013,"28374b7ad7c91838a46404f1df046e5a","World Cup","jili","Slot Game","https://images.rajabet.fun/casino/ciptahubimg/600078.jili_world_cup.webp",NULL,True,"2026-09-11 16:56:00.79+05:30","2026-09-12 19:35:57.441642+05:30"
2014,"6d35789b2f419c1db3926350d57c58d8","Samba","jili","Slot Game","https://images.rajabet.fun/casino/ciptahubimg/600079.jili_samba.webp",NULL,True,"2026-09-11 16:56:00.79+05:30","2026-09-12 19:35:57.441642+05:30"
2015,"9a391758f755cb30ff973e08b2df6089","Neko Fortune","jili","Slot Game","https://images.rajabet.fun/casino/ciptahubimg/600080.jili_neko_fortune.webp",NULL,True,"2026-09-11 16:56:00.79+05:30","2026-09-12 19:35:57.441642+05:30"
2016,"2f0c5f96cda3c6e16b3929dd6103df8e","Wild Racer","jili","Slot Game","https://images.rajabet.fun/casino/ciptahubimg/600081.jili_wild_racer.webp",NULL,True,"2026-09-11 16:56:00.79+05:30","2026-09-12 19:35:57.441642+05:30"
2017,"70999d5bcf2a1d1f1fb8c82e357317f4","Pirate Queen","jili","Slot Game","https://images.rajabet.fun/casino/ciptahubimg/600082.jili_pirate_queen.webp",NULL,True,"2026-09-11 16:56:00.79+05:30","2026-09-12 19:35:57.441642+05:30"
2018,"f301fe0b22d1540b1f215d282b20c642","Golden Joker","jili","Slot Game","https://images.rajabet.fun/casino/ciptahubimg/600083.jili_golden_joker.webp",NULL,True,"2026-09-11 16:56:00.886+05:30","2026-09-12 19:35:57.441642+05:30"
2019,"9a3b65e2ae5343df349356d548f3fc4b","Wild Ace","jili","Slot Game","https://images.rajabet.fun/casino/ciptahubimg/600084.jili_wild_ace.webp",NULL,True,"2026-09-11 16:56:00.79+05:30","2026-09-12 19:35:57.441642+05:30"
2020,"d2b48fe98ac2956eeefd2bc4f7e0335a","Master Tiger","jili","Slot Game","https://images.rajabet.fun/casino/ciptahubimg/600085.jili_master_tiger.webp",NULL,True,"2026-09-11 16:56:00.79+05:30","2026-09-12 19:35:57.441642+05:30"
2021,"664fba4da609ee82b78820b1f570f4ad","Fortune Gems 2","jili","Slot Game","https://images.rajabet.fun/casino/ciptahubimg/600120.jili_fortune_gems_2.webp",NULL,True,"2026-09-11 16:56:00.886+05:30","2026-09-12 19:35:57.441642+05:30"
2022,"91250a55f75a3c67ed134b99bf587225","Sweet Land","jili","Slot Game","https://images.rajabet.fun/casino/ciptahubimg/600121.jili_sweet_land.webp",NULL,True,"2026-09-11 16:56:00.79+05:30","2026-09-12 19:35:57.441642+05:30"
2023,"dcf220f4e3ecca0278911a55e6f11c77","Cricket King 18","jili","Slot Game","https://images.rajabet.fun/casino/ciptahubimg/600122.jili_cricket_king_18.webp",NULL,True,"2026-09-11 16:56:00.79+05:30","2026-09-12 19:35:57.441642+05:30"
2024,"5cec2b309a8845b38f8e9b4e6d649ea2","Elf Bingo","jili","Slot Game","https://images.rajabet.fun/casino/ciptahubimg/600123.jili_elf_bingo.webp",NULL,True,"2026-09-11 16:56:00.79+05:30","2026-09-12 19:35:57.441642+05:30"
2025,"6720a0ce1d06648ff390fbea832798a9","Cricket Sah 75","jili","Slot Game","https://images.rajabet.fun/casino/ciptahubimg/600124.jili_cricket_sah_75.webp",NULL,True,"2026-09-11 16:56:00.79+05:30","2026-09-12 19:35:57.441642+05:30"
2026,"976c5497256c020ac012005f6bb166ad","Golden Temple","jili","Slot Game","https://images.rajabet.fun/casino/ciptahubimg/600125.jili_golden_temple.webp",NULL,True,"2026-09-11 16:56:00.79+05:30","2026-09-12 19:35:57.441642+05:30"
2027,"1b4c5865131b4967513c1ee90cba4472","Devil Fire","jili","Slot Game","https://images.rajabet.fun/casino/ciptahubimg/600126.jili_devil_fire.webp",NULL,True,"2026-09-11 16:56:00.79+05:30","2026-09-12 19:35:57.441642+05:30"
2028,"6b60d159f0939a45f7b4c88a9b57499a","Bangla Beauty","jili","Slot Game","https://images.rajabet.fun/casino/ciptahubimg/600127.jili_bangla_beauty.webp",NULL,True,"2026-09-11 16:56:00.79+05:30","2026-09-12 19:35:57.441642+05:30"
2029,"6acff19b2d911a8c695ba24371964807","Aztec Priestess","jili","Slot Game","https://images.rajabet.fun/casino/ciptahubimg/600128.jili_aztec_priestess.webp",NULL,True,"2026-09-11 16:56:00.79+05:30","2026-09-12 19:35:57.441642+05:30"
2030,"add95fc40f1ef0d56f5716ce45a56946","Fortune Monkey","jili","Slot Game","https://images.rajabet.fun/casino/ciptahubimg/600129.jili_fortune_monkey.webp",NULL,True,"2026-09-11 16:56:00.79+05:30","2026-09-12 19:35:57.441642+05:30"
2031,"5404a45b06826911c3537fdf935c281f","Dabanggg","jili","Slot Game","https://images.rajabet.fun/casino/ciptahubimg/600130.jili_dabanggg.webp",NULL,True,"2026-09-11 16:56:00.79+05:30","2026-09-12 19:35:57.441642+05:30"
2032,"830cac2f5da6cc1fb91cfae04b85b1e2","Sin City","jili","Slot Game","https://images.rajabet.fun/casino/ciptahubimg/600131.jili_sin_city.webp",NULL,True,"2026-09-11 16:56:00.79+05:30","2026-09-12 19:35:57.441642+05:30"
2033,"fafab1a17a237d0fc0e50c20d2c2bf4c","King Arthur","jili","Slot Game","https://images.rajabet.fun/casino/ciptahubimg/600132.jili_king_arthur.webp",NULL,True,"2026-09-11 16:56:00.79+05:30","2026-09-12 19:35:57.441642+05:30"
2034,"28bc4a33c985ddce6acd92422626b76f","Charge Buffalo Ascent","jili","Slot Game","https://images.rajabet.fun/casino/ciptahubimg/600133.jili_charge_buffalo_ascent.webp",NULL,True,"2026-09-11 16:56:00.79+05:30","2026-09-12 19:35:57.441642+05:30"
2035,"82c5c404cf4c0790deb42a2b5653533c","Witches Night","jili","Slot Game","https://images.rajabet.fun/casino/ciptahubimg/600134.jili_witches_night.webp",NULL,True,"2026-09-11 16:56:00.79+05:30","2026-09-12 19:35:57.441642+05:30"
2037,"dc76761a9dd2b423da6df25a6b65eab1","Dragon & Tiger","jili","Table Game","https://images.rajabet.fun/casino/ciptahubimg/600087.jili_dragon_and_tiger.webp",NULL,True,"2026-09-11 16:56:00.79+05:30","2026-09-12 19:35:57.441642+05:30"
2041,"25822eb4d6459cc8b39c4f7b69b1bf2c","Big Small","jili","Table Game","https://images.rajabet.fun/casino/ciptahubimg/600086.jili_big_small.webp",NULL,True,"2026-09-11 16:56:00.79+05:30","2026-09-12 19:35:57.441642+05:30"
2043,"0d0a5a1731a6a05ffeb0e0f9d1948f80","Journey West M","jili","Table Game","https://images.rajabet.fun/casino/ciptahubimg/600063.jili_journey_west_m.webp",NULL,True,"2026-09-11 16:56:00.79+05:30","2026-09-12 19:35:57.441642+05:30"
2045,"e7ac92d2fdd2aedca92a3521b4416f47","Dragon & Tiger","jili","Table Game","https://images.rajabet.fun/casino/ciptahubimg/600087.jili_dragon_and_tiger.webp",NULL,True,"2026-09-11 16:56:00.79+05:30","2026-09-12 19:35:57.441642+05:30"
2046,"a53e46bf1e31f7a960ae314dc188e8b3","iRich Bingo","jili","Table Game","https://images.rajabet.fun/casino/ciptahubimg/600088.jili_irich_bingo.webp",NULL,True,"2026-09-11 16:56:00.79+05:30","2026-09-12 19:35:57.441642+05:30"
2048,"b9c7c5f589cdaa63c4495e69eaa6dbbf","Baccarat","jili","Table Game","https://images.rajabet.fun/casino/ciptahubimg/600089.jili_baccarat.webp",NULL,True,"2026-09-11 16:56:00.79+05:30","2026-09-12 19:35:57.441642+05:30"
2049,"2fd70535a3c838a438b4b8003ecce49d","Fortune Bingo","jili","Table Game","https://images.rajabet.fun/casino/ciptahubimg/600090.jili_fortune_bingo.webp",NULL,True,"2026-09-11 16:56:00.886+05:30","2026-09-12 19:35:57.441642+05:30"
2051,"c934e67c2a84f52ef4fb598b56f3e7ba","Super Bingo","jili","Table Game","https://images.rajabet.fun/casino/ciptahubimg/600091.jili_super_bingo.webp",NULL,True,"2026-09-11 16:56:00.79+05:30","2026-09-12 19:35:57.441642+05:30"
2052,"d419ec9ab6a23590770fd77b036aed16","Bingo Carnaval","jili","Table Game","https://images.rajabet.fun/casino/ciptahubimg/600092.jili_bingo_carnaval.webp",NULL,True,"2026-09-11 16:56:00.79+05:30","2026-09-12 19:35:57.441642+05:30"
2053,"8211bc6e55e84d266bef9a6960940183","Win Drop","jili","Table Game","https://images.rajabet.fun/casino/ciptahubimg/600093.jili_win_drop.webp",NULL,True,"2026-09-11 16:56:00.79+05:30","2026-09-12 19:35:57.441642+05:30"
2054,"c9f2470e285f3580cd761ba2e1f067e1","Lucky Bingo","jili","Table Game","https://images.rajabet.fun/casino/ciptahubimg/600094.jili_lucky_bingo.webp",NULL,True,"2026-09-11 16:56:00.79+05:30","2026-09-12 19:35:57.441642+05:30"
2055,"780d43c0a98bc8f6a0705976605608c3","Jackpot Bingo","jili","Table Game","https://images.rajabet.fun/casino/ciptahubimg/600095.jili_jackpot_bingo.webp",NULL,True,"2026-09-11 16:56:00.79+05:30","2026-09-12 19:35:57.441642+05:30"
2056,"2ac4917fbc8b2034307b0c3cdd90d416","Color Game","jili","Table Game","https://images.rajabet.fun/casino/ciptahubimg/600096.jili_color_game.webp",NULL,True,"2026-09-11 16:56:00.79+05:30","2026-09-12 19:35:57.441642+05:30"
2057,"4e5ddaa644badc5f68974a65bf7af02a","Go Goal BIngo","jili","Table Game","https://images.rajabet.fun/casino/ciptahubimg/600097.jili_go_goal_bingo.webp",NULL,True,"2026-09-11 16:56:00.79+05:30","2026-09-12 19:35:57.441642+05:30"
2058,"b2f05dae5370035a2675025953d1d115","Calaca Bingo","jili","Table Game","https://images.rajabet.fun/casino/ciptahubimg/600098.jili_calaca_bingo.webp",NULL,True,"2026-09-11 16:56:00.79+05:30","2026-09-12 19:35:57.441642+05:30"
2059,"e5091890bbb65a5f9ceb657351fa73c1","PAPPU","jili","Table Game","https://images.rajabet.fun/casino/ciptahubimg/600099.jili_pappu.webp",NULL,True,"2026-09-11 16:56:00.79+05:30","2026-09-12 19:35:57.441642+05:30"
2060,"8d2c1506dc4ae4c47d23f9359d71c360","West Hunter Bingo","jili","Table Game","https://images.rajabet.fun/casino/ciptahubimg/600100.jili_west_hunter_bingo.webp",NULL,True,"2026-09-11 16:56:00.79+05:30","2026-09-12 19:35:57.441642+05:30"
2061,"2303867628a9a62272da7576665bbc65","Bingo Adventure","jili","Table Game","https://images.rajabet.fun/casino/ciptahubimg/600105.jili_bingo_adventure.webp",NULL,True,"2026-09-11 16:56:00.79+05:30","2026-09-12 19:35:57.441642+05:30"
2062,"05fc951a633d4c6b4bbe8c429cd63658","Golden Land","jili","Table Game","https://images.rajabet.fun/casino/ciptahubimg/600106.jili_golden_land.webp",NULL,True,"2026-09-11 16:56:00.79+05:30","2026-09-12 19:35:57.441642+05:30"
2063,"711acbdf297ce40a09dd0e9023b63f50","Candyland Bingo","jili","Table Game","https://images.rajabet.fun/casino/ciptahubimg/600143.jili_candyland_bingo.webp",NULL,True,"2026-09-11 16:56:00.79+05:30","2026-09-12 19:35:57.441642+05:30"
2064,"4a64504353c2304a3061bfd31cd9a62e","Color Prediction","jili","Table Game","https://images.rajabet.fun/casino/ciptahubimg/600144.jili_color_prediction.webp",NULL,True,"2026-09-11 16:56:00.79+05:30","2026-09-12 19:35:57.441642+05:30"
2065,"848ac1703885d5a86b54fbbf094b3b63","Magic Lamp Bingo","jili","Table Game","https://images.rajabet.fun/casino/ciptahubimg/600145.jili_magic_lamp_bingo.webp",NULL,True,"2026-09-11 16:56:00.79+05:30","2026-09-12 19:35:57.441642+05:30"
2066,"0995142f4685f66dfdd1a54fffa66ffa","Pearls of Bingo","jili","Table Game","https://images.rajabet.fun/casino/ciptahubimg/600146.jili_pearls_of_bingo.webp",NULL,True,"2026-09-11 16:56:00.79+05:30","2026-09-12 19:35:57.441642+05:30"
2067,"d4fc911a31b3a61edd83bdd95e36f3bf","European Roulette","jili","Table Game","https://images.rajabet.fun/casino/ciptahubimg/600147.jili_european_roulette.webp",NULL,True,"2026-09-11 16:56:00.79+05:30","2026-09-12 19:35:57.441642+05:30"
2068,"edef29b5eda8e2eaf721d7315491c51d","Go Rush","jili","Crash Game","https://images.rajabet.fun/casino/ciptahubimg/600101.jili_go_rush.webp",NULL,True,"2026-09-11 16:56:00.79+05:30","2026-09-12 19:35:57.441642+05:30"
2069,"72ce7e04ce95ee94eef172c0dfd6dc17","Mines","jili","Crash Game","https://images.rajabet.fun/casino/ciptahubimg/600102.jili_mines.webp",NULL,True,"2026-09-11 16:56:00.79+05:30","2026-09-12 19:35:57.441642+05:30"
2070,"8e939551b9e785001fcb5b0a32f88aba","Tower","jili","Crash Game","https://images.rajabet.fun/casino/ciptahubimg/600103.Jili_tower.webp",NULL,True,"2026-09-11 16:56:00.79+05:30","2026-09-12 19:35:57.441642+05:30"
2071,"bd8a2bb2dd63503b93cf6ac9492786ce","HILO","jili","Crash Game","https://images.rajabet.fun/casino/ciptahubimg/600104.jili_hilo.webp",NULL,True,"2026-09-11 16:56:00.79+05:30","2026-09-12 19:35:57.441642+05:30"
2072,"eabf08253165b6bb2646e403de625d1a","Limbo","jili","Crash Game","https://images.rajabet.fun/casino/ciptahubimg/600107.jili_limbo.webp",NULL,True,"2026-09-11 16:56:00.79+05:30","2026-09-12 19:35:57.441642+05:30"
2073,"6e19e03c50f035ddd9ffd804c30f8c80","Wheel","jili","Crash Game","https://images.rajabet.fun/casino/ciptahubimg/600108.jili_wheel.webp",NULL,True,"2026-09-11 16:56:00.79+05:30","2026-09-12 19:35:57.441642+05:30"
2074,"4bceeb28b1a88c87d1ef518d7af2bba9","Mines Gold","jili","Crash Game","https://images.rajabet.fun/casino/ciptahubimg/600150.jili_mines_gold.webp",NULL,True,"2026-09-11 16:56:00.79+05:30","2026-09-12 19:35:57.441642+05:30"
2075,"a54e3f5e231085c7d8ba99e8ed2261fc","Keno","jili","Crash Game","https://images.rajabet.fun/casino/ciptahubimg/600151.jili_keno.webp",NULL,True,"2026-09-11 16:56:00.79+05:30","2026-09-12 19:35:57.441642+05:30"
2076,"e3b71c6844eb8c30f5ef210ad92725a6","Plinko","jili","Crash Game","https://images.rajabet.fun/casino/ciptahubimg/600152.jili_plinko.webp",NULL,True,"2026-09-11 16:56:00.79+05:30","2026-09-12 19:35:57.441642+05:30"
2077,"a7f3e5f210523a989a7c6b32f2f1ad42","Crash Bonus","jili","Crash Game","https://images.rajabet.fun/casino/ciptahubimg/600153.jili_crash_bonus.webp",NULL,True,"2026-09-11 16:56:00.79+05:30","2026-09-12 19:35:57.441642+05:30"
2094,"63927e939636f45e9d6d0b3717b3b1c1","Fortune Gems 3","jili","Slot Game","https://images.rajabet.fun/casino/ciptahubimg/600140.jili_fortune_gems_3.webp",NULL,True,"2026-09-11 16:56:00.886+05:30","2026-09-12 19:35:57.441642+05:30"
2096,"69c1b4586b5060eefcb45bb479f03437","3 Coin Treasures","jili","Slot Game","https://images.rajabet.fun/casino/ciptahubimg/600141.jili_3_coin_treasures_treasures.webp",NULL,True,"2026-09-11 16:56:00.79+05:30","2026-09-12 19:35:57.441642+05:30"
